// Generated by assets-raw/adventure-island/build-firmware-sprites.js
// 不要手改; 改 sprite 请重跑脚本
// Source: assets-raw/adventure-island/adventureIslandSprites.js (group: higgins)
#pragma once

#include <Arduino.h>
#include <pgmspace.h>
#include "adventure_island_sprite_types.h"

// Higgins_run_0 ("higgins.run.0"): 16x32, 376 pixels, fmt=5
static const uint8_t kHiggins_run_0Pixels[] PROGMEM = {
  0x05, 0x00, 0xfc, 0xfc, 0xfc, 0x06, 0x00, 0xfc, 0xfc, 0xfc, 0x07, 0x00, 0xfc, 0xfc, 0xfc, 0x03,
  0x01, 0xfc, 0xfc, 0xfc, 0x04, 0x01, 0xfc, 0xfc, 0xfc, 0x05, 0x01, 0xfc, 0xfc, 0xfc, 0x06, 0x01,
  0xfc, 0x74, 0x60, 0x07, 0x01, 0xfc, 0x74, 0x60, 0x08, 0x01, 0xfc, 0xfc, 0xfc, 0x0b, 0x01, 0xfc,
  0xfc, 0xfc, 0x0c, 0x01, 0xfc, 0xfc, 0xfc, 0x0d, 0x01, 0xfc, 0xfc, 0xfc, 0x02, 0x02, 0xfc, 0xfc,
  0xfc, 0x03, 0x02, 0xfc, 0xfc, 0xfc, 0x04, 0x02, 0xfc, 0xfc, 0xfc, 0x05, 0x02, 0xfc, 0x74, 0x60,
  0x06, 0x02, 0xfc, 0x74, 0x60, 0x07, 0x02, 0xfc, 0x74, 0x60, 0x08, 0x02, 0xfc, 0xfc, 0xfc, 0x09,
  0x02, 0xfc, 0xfc, 0xfc, 0x0a, 0x02, 0xfc, 0xfc, 0xfc, 0x0b, 0x02, 0xfc, 0xfc, 0xfc, 0x01, 0x03,
  0xfc, 0xfc, 0xfc, 0x02, 0x03, 0xfc, 0xfc, 0xfc, 0x03, 0x03, 0xfc, 0xfc, 0xfc, 0x04, 0x03, 0xfc,
  0xfc, 0xfc, 0x05, 0x03, 0xfc, 0xfc, 0xfc, 0x06, 0x03, 0xfc, 0xfc, 0xfc, 0x07, 0x03, 0xfc, 0xfc,
  0xfc, 0x08, 0x03, 0xfc, 0x74, 0x60, 0x09, 0x03, 0xa4, 0x00, 0x00, 0x0a, 0x03, 0xa4, 0x00, 0x00,
  0x0b, 0x03, 0xa4, 0x00, 0x00, 0x01, 0x04, 0xfc, 0xfc, 0xfc, 0x02, 0x04, 0xfc, 0xfc, 0xfc, 0x03,
  0x04, 0xfc, 0xfc, 0xfc, 0x04, 0x04, 0xfc, 0xfc, 0xfc, 0x05, 0x04, 0xfc, 0xfc, 0xfc, 0x06, 0x04,
  0xfc, 0xfc, 0xfc, 0x07, 0x04, 0xa4, 0x00, 0x00, 0x08, 0x04, 0xa4, 0x00, 0x00, 0x09, 0x04, 0xa4,
  0x00, 0x00, 0x0a, 0x04, 0xfc, 0x74, 0x60, 0x0b, 0x04, 0xfc, 0x74, 0x60, 0x0c, 0x04, 0xa4, 0x00,
  0x00, 0x01, 0x05, 0xfc, 0xfc, 0xfc, 0x02, 0x05, 0xfc, 0xfc, 0xfc, 0x03, 0x05, 0xfc, 0xfc, 0xfc,
  0x04, 0x05, 0xa4, 0x00, 0x00, 0x05, 0x05, 0xa4, 0x00, 0x00, 0x06, 0x05, 0xa4, 0x00, 0x00, 0x07,
  0x05, 0xa4, 0x00, 0x00, 0x08, 0x05, 0xfc, 0x74, 0x60, 0x09, 0x05, 0xfc, 0x74, 0x60, 0x0a, 0x05,
  0xfc, 0x74, 0x60, 0x0b, 0x05, 0xfc, 0x74, 0x60, 0x0c, 0x05, 0xfc, 0x74, 0x60, 0x0d, 0x05, 0xa4,
  0x00, 0x00, 0x01, 0x06, 0xfc, 0xfc, 0xfc, 0x02, 0x06, 0xa4, 0x00, 0x00, 0x03, 0x06, 0xa4, 0x00,
  0x00, 0x04, 0x06, 0xa4, 0x00, 0x00, 0x05, 0x06, 0xa4, 0x00, 0x00, 0x06, 0x06, 0xa4, 0x00, 0x00,
  0x07, 0x06, 0xfc, 0x74, 0x60, 0x08, 0x06, 0xa4, 0x00, 0x00, 0x09, 0x06, 0xa4, 0x00, 0x00, 0x0a,
  0x06, 0xfc, 0x74, 0x60, 0x0b, 0x06, 0xfc, 0x74, 0x60, 0x0c, 0x06, 0xa4, 0x00, 0x00, 0x0d, 0x06,
  0xa4, 0x00, 0x00, 0x01, 0x07, 0xa4, 0x00, 0x00, 0x02, 0x07, 0xa4, 0x00, 0x00, 0x03, 0x07, 0xa4,
  0x00, 0x00, 0x04, 0x07, 0xa4, 0x00, 0x00, 0x05, 0x07, 0xa4, 0x00, 0x00, 0x06, 0x07, 0xfc, 0x74,
  0x60, 0x07, 0x07, 0xa4, 0x00, 0x00, 0x08, 0x07, 0xfc, 0x74, 0x60, 0x09, 0x07, 0xfc, 0x74, 0x60,
  0x0a, 0x07, 0xfc, 0x74, 0x60, 0x0b, 0x07, 0xfc, 0x74, 0x60, 0x0c, 0x07, 0xfc, 0x74, 0x60, 0x0d,
  0x07, 0xfc, 0x74, 0x60, 0x01, 0x08, 0xa4, 0x00, 0x00, 0x02, 0x08, 0xa4, 0x00, 0x00, 0x03, 0x08,
  0xa4, 0x00, 0x00, 0x04, 0x08, 0xa4, 0x00, 0x00, 0x05, 0x08, 0xa4, 0x00, 0x00, 0x06, 0x08, 0xfc,
  0x74, 0x60, 0x07, 0x08, 0xfc, 0x74, 0x60, 0x08, 0x08, 0xfc, 0x74, 0x60, 0x09, 0x08, 0xfc, 0xfc,
  0xfc, 0x0a, 0x08, 0xfc, 0x74, 0x60, 0x0b, 0x08, 0xfc, 0x74, 0x60, 0x0c, 0x08, 0xfc, 0xfc, 0xfc,
  0x0d, 0x08, 0xfc, 0x74, 0x60, 0x00, 0x09, 0xa4, 0x00, 0x00, 0x01, 0x09, 0xa4, 0x00, 0x00, 0x02,
  0x09, 0xa4, 0x00, 0x00, 0x03, 0x09, 0xa4, 0x00, 0x00, 0x04, 0x09, 0xa4, 0x00, 0x00, 0x05, 0x09,
  0xfc, 0x74, 0x60, 0x06, 0x09, 0xfc, 0x74, 0x60, 0x07, 0x09, 0xfc, 0x74, 0x60, 0x08, 0x09, 0xfc,
  0xfc, 0xfc, 0x09, 0x09, 0xa4, 0x00, 0x00, 0x0a, 0x09, 0xfc, 0x74, 0x60, 0x0b, 0x09, 0xfc, 0xfc,
  0xfc, 0x0c, 0x09, 0xa4, 0x00, 0x00, 0x0d, 0x09, 0xfc, 0x74, 0x60, 0x00, 0x0a, 0xa4, 0x00, 0x00,
  0x01, 0x0a, 0xa4, 0x00, 0x00, 0x02, 0x0a, 0xa4, 0x00, 0x00, 0x03, 0x0a, 0xfc, 0x74, 0x60, 0x04,
  0x0a, 0xa4, 0x00, 0x00, 0x05, 0x0a, 0xfc, 0x74, 0x60, 0x06, 0x0a, 0xfc, 0x74, 0x60, 0x07, 0x0a,
  0xfc, 0x74, 0x60, 0x08, 0x0a, 0xfc, 0x74, 0x60, 0x09, 0x0a, 0xfc, 0xfc, 0xfc, 0x0a, 0x0a, 0xfc,
  0x74, 0x60, 0x0b, 0x0a, 0xfc, 0x74, 0x60, 0x0c, 0x0a, 0xfc, 0xfc, 0xfc, 0x0d, 0x0a, 0xfc, 0x74,
  0x60, 0x0e, 0x0a, 0xfc, 0x74, 0x60, 0x01, 0x0b, 0xa4, 0x00, 0x00, 0x02, 0x0b, 0xa4, 0x00, 0x00,
  0x03, 0x0b, 0xfc, 0x74, 0x60, 0x04, 0x0b, 0xa4, 0x00, 0x00, 0x05, 0x0b, 0xfc, 0x74, 0x60, 0x06,
  0x0b, 0xfc, 0x74, 0x60, 0x07, 0x0b, 0xfc, 0x74, 0x60, 0x08, 0x0b, 0xfc, 0x74, 0x60, 0x09, 0x0b,
  0xfc, 0x74, 0x60, 0x0a, 0x0b, 0xa4, 0x00, 0x00, 0x0b, 0x0b, 0xa4, 0x00, 0x00, 0x0c, 0x0b, 0xfc,
  0x74, 0x60, 0x0d, 0x0b, 0xfc, 0x74, 0x60, 0x0e, 0x0b, 0xfc, 0x74, 0x60, 0x00, 0x0c, 0xa4, 0x00,
  0x00, 0x01, 0x0c, 0xa4, 0x00, 0x00, 0x02, 0x0c, 0xa4, 0x00, 0x00, 0x03, 0x0c, 0xfc, 0x74, 0x60,
  0x04, 0x0c, 0xfc, 0x74, 0x60, 0x05, 0x0c, 0xfc, 0x74, 0x60, 0x06, 0x0c, 0xfc, 0x74, 0x60, 0x07,
  0x0c, 0xfc, 0x74, 0x60, 0x08, 0x0c, 0xa4, 0x00, 0x00, 0x09, 0x0c, 0xa4, 0x00, 0x00, 0x0a, 0x0c,
  0xfc, 0x74, 0x60, 0x0b, 0x0c, 0xfc, 0x74, 0x60, 0x0c, 0x0c, 0xa4, 0x00, 0x00, 0x0d, 0x0c, 0xfc,
  0x74, 0x60, 0x0e, 0x0c, 0xfc, 0x74, 0x60, 0x00, 0x0d, 0xa4, 0x00, 0x00, 0x01, 0x0d, 0xa4, 0x00,
  0x00, 0x02, 0x0d, 0xa4, 0x00, 0x00, 0x03, 0x0d, 0xa4, 0x00, 0x00, 0x04, 0x0d, 0xfc, 0x74, 0x60,
  0x05, 0x0d, 0xfc, 0x74, 0x60, 0x06, 0x0d, 0xfc, 0x74, 0x60, 0x07, 0x0d, 0xfc, 0x74, 0x60, 0x08,
  0x0d, 0xfc, 0x74, 0x60, 0x09, 0x0d, 0xfc, 0x74, 0x60, 0x0a, 0x0d, 0xfc, 0x74, 0x60, 0x0b, 0x0d,
  0xfc, 0x74, 0x60, 0x0c, 0x0d, 0xa4, 0x00, 0x00, 0x0d, 0x0d, 0xfc, 0x74, 0x60, 0x0e, 0x0d, 0xfc,
  0x74, 0x60, 0x01, 0x0e, 0xa4, 0x00, 0x00, 0x02, 0x0e, 0xa4, 0x00, 0x00, 0x03, 0x0e, 0xa4, 0x00,
  0x00, 0x04, 0x0e, 0xa4, 0x00, 0x00, 0x05, 0x0e, 0xfc, 0x74, 0x60, 0x06, 0x0e, 0xfc, 0x74, 0x60,
  0x07, 0x0e, 0xfc, 0x74, 0x60, 0x08, 0x0e, 0xfc, 0x74, 0x60, 0x09, 0x0e, 0xfc, 0x74, 0x60, 0x0a,
  0x0e, 0xfc, 0x74, 0x60, 0x0b, 0x0e, 0xa4, 0x00, 0x00, 0x0c, 0x0e, 0xfc, 0x74, 0x60, 0x0d, 0x0e,
  0xfc, 0x74, 0x60, 0x02, 0x0f, 0xa4, 0x00, 0x00, 0x03, 0x0f, 0xa4, 0x00, 0x00, 0x04, 0x0f, 0xa4,
  0x00, 0x00, 0x05, 0x0f, 0xa4, 0x00, 0x00, 0x06, 0x0f, 0xfc, 0x74, 0x60, 0x07, 0x0f, 0xfc, 0x74,
  0x60, 0x08, 0x0f, 0xfc, 0x74, 0x60, 0x09, 0x0f, 0xfc, 0x74, 0x60, 0x0a, 0x0f, 0xfc, 0x74, 0x60,
  0x0b, 0x0f, 0xfc, 0x74, 0x60, 0x0c, 0x0f, 0xfc, 0x74, 0x60, 0x01, 0x10, 0xfc, 0x74, 0x60, 0x02,
  0x10, 0xfc, 0x74, 0x60, 0x03, 0x10, 0xfc, 0x74, 0x60, 0x04, 0x10, 0xfc, 0x74, 0x60, 0x05, 0x10,
  0xfc, 0x74, 0x60, 0x06, 0x10, 0xfc, 0x74, 0x60, 0x07, 0x10, 0xfc, 0x74, 0x60, 0x08, 0x10, 0xfc,
  0x74, 0x60, 0x09, 0x10, 0xfc, 0x74, 0x60, 0x0a, 0x10, 0xfc, 0x74, 0x60, 0x0b, 0x10, 0xfc, 0x74,
  0x60, 0x0c, 0x10, 0xfc, 0x74, 0x60, 0x00, 0x11, 0xfc, 0x74, 0x60, 0x01, 0x11, 0xfc, 0x74, 0x60,
  0x02, 0x11, 0xfc, 0x74, 0x60, 0x03, 0x11, 0xfc, 0x74, 0x60, 0x04, 0x11, 0xfc, 0x74, 0x60, 0x05,
  0x11, 0x00, 0x94, 0x00, 0x06, 0x11, 0x00, 0x94, 0x00, 0x07, 0x11, 0x00, 0x94, 0x00, 0x08, 0x11,
  0xfc, 0x74, 0x60, 0x09, 0x11, 0xfc, 0x74, 0x60, 0x0a, 0x11, 0xfc, 0x74, 0x60, 0x0b, 0x11, 0xfc,
  0x74, 0x60, 0x0c, 0x11, 0xfc, 0x74, 0x60, 0x0d, 0x11, 0xfc, 0x74, 0x60, 0x00, 0x12, 0xfc, 0x74,
  0x60, 0x01, 0x12, 0xfc, 0x74, 0x60, 0x02, 0x12, 0xfc, 0x74, 0x60, 0x03, 0x12, 0xfc, 0x74, 0x60,
  0x04, 0x12, 0xfc, 0x74, 0x60, 0x05, 0x12, 0xfc, 0x74, 0x60, 0x06, 0x12, 0xfc, 0x74, 0x60, 0x07,
  0x12, 0xfc, 0x74, 0x60, 0x08, 0x12, 0x00, 0x94, 0x00, 0x09, 0x12, 0xfc, 0x74, 0x60, 0x0a, 0x12,
  0xfc, 0x74, 0x60, 0x0b, 0x12, 0xfc, 0x74, 0x60, 0x0c, 0x12, 0xfc, 0x74, 0x60, 0x0d, 0x12, 0xfc,
  0x74, 0x60, 0x00, 0x13, 0xfc, 0x74, 0x60, 0x01, 0x13, 0xfc, 0x74, 0x60, 0x02, 0x13, 0xfc, 0x74,
  0x60, 0x03, 0x13, 0xfc, 0x74, 0x60, 0x04, 0x13, 0xfc, 0x74, 0x60, 0x05, 0x13, 0xfc, 0x74, 0x60,
  0x06, 0x13, 0xfc, 0x74, 0x60, 0x07, 0x13, 0xfc, 0x74, 0x60, 0x08, 0x13, 0x00, 0x94, 0x00, 0x09,
  0x13, 0xfc, 0x74, 0x60, 0x0a, 0x13, 0xfc, 0x74, 0x60, 0x0b, 0x13, 0xfc, 0x74, 0x60, 0x0c, 0x13,
  0xfc, 0x74, 0x60, 0x0d, 0x13, 0xfc, 0x74, 0x60, 0x0e, 0x13, 0x00, 0x94, 0x00, 0x0f, 0x13, 0xfc,
  0x74, 0x60, 0x01, 0x14, 0xfc, 0x74, 0x60, 0x02, 0x14, 0xfc, 0x74, 0x60, 0x03, 0x14, 0xfc, 0x74,
  0x60, 0x04, 0x14, 0xfc, 0x74, 0x60, 0x05, 0x14, 0xfc, 0x74, 0x60, 0x06, 0x14, 0xfc, 0x74, 0x60,
  0x07, 0x14, 0x00, 0x94, 0x00, 0x08, 0x14, 0xfc, 0x74, 0x60, 0x09, 0x14, 0xfc, 0x74, 0x60, 0x0a,
  0x14, 0xfc, 0x74, 0x60, 0x0b, 0x14, 0xfc, 0x74, 0x60, 0x0c, 0x14, 0xfc, 0x74, 0x60, 0x0d, 0x14,
  0xfc, 0x74, 0x60, 0x0e, 0x14, 0x00, 0x94, 0x00, 0x0f, 0x14, 0xfc, 0x74, 0x60, 0x02, 0x15, 0x00,
  0x94, 0x00, 0x03, 0x15, 0x00, 0x94, 0x00, 0x04, 0x15, 0x00, 0x94, 0x00, 0x05, 0x15, 0x00, 0x94,
  0x00, 0x06, 0x15, 0x00, 0x94, 0x00, 0x07, 0x15, 0xfc, 0x74, 0x60, 0x08, 0x15, 0xfc, 0x74, 0x60,
  0x09, 0x15, 0xfc, 0x74, 0x60, 0x0a, 0x15, 0xfc, 0x74, 0x60, 0x0b, 0x15, 0x00, 0x94, 0x00, 0x0c,
  0x15, 0x00, 0x94, 0x00, 0x0d, 0x15, 0x00, 0x94, 0x00, 0x0e, 0x15, 0x00, 0x94, 0x00, 0x0f, 0x15,
  0xfc, 0x74, 0x60, 0x02, 0x16, 0x00, 0x94, 0x00, 0x03, 0x16, 0x00, 0x94, 0x00, 0x04, 0x16, 0x00,
  0x94, 0x00, 0x05, 0x16, 0x00, 0x94, 0x00, 0x06, 0x16, 0x00, 0x94, 0x00, 0x07, 0x16, 0x00, 0x94,
  0x00, 0x08, 0x16, 0x00, 0x94, 0x00, 0x09, 0x16, 0x00, 0x94, 0x00, 0x0a, 0x16, 0x00, 0x94, 0x00,
  0x0b, 0x16, 0xfc, 0x74, 0x60, 0x0c, 0x16, 0xfc, 0x74, 0x60, 0x0d, 0x16, 0xfc, 0x74, 0x60, 0x01,
  0x17, 0x00, 0x94, 0x00, 0x02, 0x17, 0x00, 0x94, 0x00, 0x03, 0x17, 0x00, 0x94, 0x00, 0x04, 0x17,
  0x00, 0x94, 0x00, 0x05, 0x17, 0x00, 0x94, 0x00, 0x06, 0x17, 0x00, 0x94, 0x00, 0x07, 0x17, 0x00,
  0x94, 0x00, 0x08, 0x17, 0x00, 0x94, 0x00, 0x09, 0x17, 0x00, 0x94, 0x00, 0x0a, 0x17, 0xfc, 0x74,
  0x60, 0x0b, 0x17, 0xfc, 0x74, 0x60, 0x0c, 0x17, 0xfc, 0x74, 0x60, 0x0d, 0x17, 0xfc, 0x74, 0x60,
  0x0e, 0x17, 0xfc, 0x74, 0x60, 0x01, 0x18, 0x00, 0x94, 0x00, 0x02, 0x18, 0x00, 0x94, 0x00, 0x03,
  0x18, 0x00, 0x94, 0x00, 0x04, 0x18, 0xfc, 0x74, 0x60, 0x05, 0x18, 0xfc, 0x74, 0x60, 0x06, 0x18,
  0xfc, 0x74, 0x60, 0x07, 0x18, 0x00, 0x94, 0x00, 0x08, 0x18, 0x00, 0x94, 0x00, 0x09, 0x18, 0xfc,
  0x74, 0x60, 0x0a, 0x18, 0xfc, 0x74, 0x60, 0x0b, 0x18, 0xfc, 0x74, 0x60, 0x0c, 0x18, 0xfc, 0x74,
  0x60, 0x0d, 0x18, 0xfc, 0x74, 0x60, 0x0e, 0x18, 0xfc, 0x74, 0x60, 0x02, 0x19, 0x00, 0x94, 0x00,
  0x03, 0x19, 0xfc, 0x74, 0x60, 0x04, 0x19, 0xfc, 0x74, 0x60, 0x05, 0x19, 0xfc, 0x74, 0x60, 0x06,
  0x19, 0xfc, 0x74, 0x60, 0x07, 0x19, 0xfc, 0x74, 0x60, 0x08, 0x19, 0x00, 0x94, 0x00, 0x09, 0x19,
  0xfc, 0x74, 0x60, 0x0a, 0x19, 0xfc, 0x74, 0x60, 0x0b, 0x19, 0xfc, 0x74, 0x60, 0x0c, 0x19, 0xfc,
  0x74, 0x60, 0x0d, 0x19, 0xfc, 0x74, 0x60, 0x0e, 0x19, 0xfc, 0x74, 0x60, 0x03, 0x1a, 0xfc, 0x74,
  0x60, 0x04, 0x1a, 0xfc, 0x74, 0x60, 0x05, 0x1a, 0xfc, 0x74, 0x60, 0x06, 0x1a, 0xfc, 0x74, 0x60,
  0x07, 0x1a, 0xfc, 0x74, 0x60, 0x0b, 0x1a, 0xfc, 0x74, 0x60, 0x0c, 0x1a, 0xfc, 0x74, 0x60, 0x0d,
  0x1a, 0xfc, 0x74, 0x60, 0x0e, 0x1a, 0xfc, 0x74, 0x60, 0x03, 0x1b, 0xfc, 0x74, 0x60, 0x04, 0x1b,
  0xfc, 0x74, 0x60, 0x05, 0x1b, 0xfc, 0x74, 0x60, 0x06, 0x1b, 0xfc, 0x74, 0x60, 0x07, 0x1b, 0xfc,
  0x74, 0x60, 0x0b, 0x1b, 0xfc, 0x74, 0x60, 0x0c, 0x1b, 0xfc, 0x74, 0x60, 0x0d, 0x1b, 0xfc, 0x74,
  0x60, 0x0e, 0x1b, 0xfc, 0x74, 0x60, 0x0f, 0x1b, 0xfc, 0x74, 0x60, 0x03, 0x1c, 0xfc, 0x74, 0x60,
  0x04, 0x1c, 0xfc, 0x74, 0x60, 0x05, 0x1c, 0xfc, 0x74, 0x60, 0x06, 0x1c, 0xfc, 0x74, 0x60, 0x07,
  0x1c, 0xfc, 0x74, 0x60, 0x0c, 0x1c, 0xfc, 0x74, 0x60, 0x0d, 0x1c, 0xfc, 0x74, 0x60, 0x0e, 0x1c,
  0xfc, 0x74, 0x60, 0x0f, 0x1c, 0xfc, 0x74, 0x60, 0x03, 0x1d, 0xfc, 0x74, 0x60, 0x04, 0x1d, 0xfc,
  0x74, 0x60, 0x05, 0x1d, 0xfc, 0x74, 0x60, 0x06, 0x1d, 0xfc, 0x74, 0x60, 0x07, 0x1d, 0xfc, 0x74,
  0x60, 0x03, 0x1e, 0xfc, 0x74, 0x60, 0x04, 0x1e, 0xfc, 0x74, 0x60, 0x05, 0x1e, 0xfc, 0x74, 0x60,
  0x06, 0x1e, 0xfc, 0x74, 0x60, 0x07, 0x1e, 0xfc, 0x74, 0x60, 0x08, 0x1e, 0xfc, 0x74, 0x60, 0x04,
  0x1f, 0xfc, 0x74, 0x60, 0x05, 0x1f, 0xfc, 0x74, 0x60, 0x06, 0x1f, 0xfc, 0x74, 0x60, 0x07, 0x1f,
  0xfc, 0x74, 0x60, 0x08, 0x1f, 0xfc, 0x74, 0x60
};
static const AISprite kHiggins_run_0 PROGMEM = {
  .w = 16, .h = 32, .pixelCount = 376,
  .pixels = kHiggins_run_0Pixels, .fmt = 5,
};

// Higgins_run_1 ("higgins.run.1"): 16x32, 358 pixels, fmt=5
static const uint8_t kHiggins_run_1Pixels[] PROGMEM = {
  0x05, 0x00, 0xfc, 0xfc, 0xfc, 0x06, 0x00, 0xfc, 0xfc, 0xfc, 0x07, 0x00, 0xfc, 0xfc, 0xfc, 0x03,
  0x01, 0xfc, 0xfc, 0xfc, 0x04, 0x01, 0xfc, 0xfc, 0xfc, 0x05, 0x01, 0xfc, 0xfc, 0xfc, 0x06, 0x01,
  0xfc, 0x74, 0x60, 0x07, 0x01, 0xfc, 0x74, 0x60, 0x08, 0x01, 0xfc, 0xfc, 0xfc, 0x0b, 0x01, 0xfc,
  0xfc, 0xfc, 0x0c, 0x01, 0xfc, 0xfc, 0xfc, 0x0d, 0x01, 0xfc, 0xfc, 0xfc, 0x02, 0x02, 0xfc, 0xfc,
  0xfc, 0x03, 0x02, 0xfc, 0xfc, 0xfc, 0x04, 0x02, 0xfc, 0xfc, 0xfc, 0x05, 0x02, 0xfc, 0x74, 0x60,
  0x06, 0x02, 0xfc, 0x74, 0x60, 0x07, 0x02, 0xfc, 0x74, 0x60, 0x08, 0x02, 0xfc, 0xfc, 0xfc, 0x09,
  0x02, 0xfc, 0xfc, 0xfc, 0x0a, 0x02, 0xfc, 0xfc, 0xfc, 0x0b, 0x02, 0xfc, 0xfc, 0xfc, 0x01, 0x03,
  0xfc, 0xfc, 0xfc, 0x02, 0x03, 0xfc, 0xfc, 0xfc, 0x03, 0x03, 0xfc, 0xfc, 0xfc, 0x04, 0x03, 0xfc,
  0xfc, 0xfc, 0x05, 0x03, 0xfc, 0xfc, 0xfc, 0x06, 0x03, 0xfc, 0xfc, 0xfc, 0x07, 0x03, 0xfc, 0xfc,
  0xfc, 0x08, 0x03, 0xfc, 0x74, 0x60, 0x09, 0x03, 0xa4, 0x00, 0x00, 0x0a, 0x03, 0xa4, 0x00, 0x00,
  0x0b, 0x03, 0xa4, 0x00, 0x00, 0x01, 0x04, 0xfc, 0xfc, 0xfc, 0x02, 0x04, 0xfc, 0xfc, 0xfc, 0x03,
  0x04, 0xfc, 0xfc, 0xfc, 0x04, 0x04, 0xfc, 0xfc, 0xfc, 0x05, 0x04, 0xfc, 0xfc, 0xfc, 0x06, 0x04,
  0xfc, 0xfc, 0xfc, 0x07, 0x04, 0xa4, 0x00, 0x00, 0x08, 0x04, 0xa4, 0x00, 0x00, 0x09, 0x04, 0xa4,
  0x00, 0x00, 0x0a, 0x04, 0xfc, 0x74, 0x60, 0x0b, 0x04, 0xfc, 0x74, 0x60, 0x0c, 0x04, 0xa4, 0x00,
  0x00, 0x01, 0x05, 0xfc, 0xfc, 0xfc, 0x02, 0x05, 0xfc, 0xfc, 0xfc, 0x03, 0x05, 0xfc, 0xfc, 0xfc,
  0x04, 0x05, 0xa4, 0x00, 0x00, 0x05, 0x05, 0xa4, 0x00, 0x00, 0x06, 0x05, 0xa4, 0x00, 0x00, 0x07,
  0x05, 0xa4, 0x00, 0x00, 0x08, 0x05, 0xfc, 0x74, 0x60, 0x09, 0x05, 0xfc, 0x74, 0x60, 0x0a, 0x05,
  0xfc, 0x74, 0x60, 0x0b, 0x05, 0xfc, 0x74, 0x60, 0x0c, 0x05, 0xfc, 0x74, 0x60, 0x0d, 0x05, 0xa4,
  0x00, 0x00, 0x01, 0x06, 0xfc, 0xfc, 0xfc, 0x02, 0x06, 0xa4, 0x00, 0x00, 0x03, 0x06, 0xa4, 0x00,
  0x00, 0x04, 0x06, 0xa4, 0x00, 0x00, 0x05, 0x06, 0xa4, 0x00, 0x00, 0x06, 0x06, 0xa4, 0x00, 0x00,
  0x07, 0x06, 0xfc, 0x74, 0x60, 0x08, 0x06, 0xa4, 0x00, 0x00, 0x09, 0x06, 0xa4, 0x00, 0x00, 0x0a,
  0x06, 0xfc, 0x74, 0x60, 0x0b, 0x06, 0xfc, 0x74, 0x60, 0x0c, 0x06, 0xa4, 0x00, 0x00, 0x0d, 0x06,
  0xa4, 0x00, 0x00, 0x01, 0x07, 0xa4, 0x00, 0x00, 0x02, 0x07, 0xa4, 0x00, 0x00, 0x03, 0x07, 0xa4,
  0x00, 0x00, 0x04, 0x07, 0xa4, 0x00, 0x00, 0x05, 0x07, 0xa4, 0x00, 0x00, 0x06, 0x07, 0xfc, 0x74,
  0x60, 0x07, 0x07, 0xa4, 0x00, 0x00, 0x08, 0x07, 0xfc, 0x74, 0x60, 0x09, 0x07, 0xfc, 0x74, 0x60,
  0x0a, 0x07, 0xfc, 0x74, 0x60, 0x0b, 0x07, 0xfc, 0x74, 0x60, 0x0c, 0x07, 0xfc, 0x74, 0x60, 0x0d,
  0x07, 0xfc, 0x74, 0x60, 0x01, 0x08, 0xa4, 0x00, 0x00, 0x02, 0x08, 0xa4, 0x00, 0x00, 0x03, 0x08,
  0xa4, 0x00, 0x00, 0x04, 0x08, 0xa4, 0x00, 0x00, 0x05, 0x08, 0xa4, 0x00, 0x00, 0x06, 0x08, 0xfc,
  0x74, 0x60, 0x07, 0x08, 0xfc, 0x74, 0x60, 0x08, 0x08, 0xfc, 0x74, 0x60, 0x09, 0x08, 0xfc, 0xfc,
  0xfc, 0x0a, 0x08, 0xfc, 0x74, 0x60, 0x0b, 0x08, 0xfc, 0x74, 0x60, 0x0c, 0x08, 0xfc, 0xfc, 0xfc,
  0x0d, 0x08, 0xfc, 0x74, 0x60, 0x00, 0x09, 0xa4, 0x00, 0x00, 0x01, 0x09, 0xa4, 0x00, 0x00, 0x02,
  0x09, 0xa4, 0x00, 0x00, 0x03, 0x09, 0xa4, 0x00, 0x00, 0x04, 0x09, 0xa4, 0x00, 0x00, 0x05, 0x09,
  0xfc, 0x74, 0x60, 0x06, 0x09, 0xfc, 0x74, 0x60, 0x07, 0x09, 0xfc, 0x74, 0x60, 0x08, 0x09, 0xfc,
  0xfc, 0xfc, 0x09, 0x09, 0xa4, 0x00, 0x00, 0x0a, 0x09, 0xfc, 0x74, 0x60, 0x0b, 0x09, 0xfc, 0xfc,
  0xfc, 0x0c, 0x09, 0xa4, 0x00, 0x00, 0x0d, 0x09, 0xfc, 0x74, 0x60, 0x00, 0x0a, 0xa4, 0x00, 0x00,
  0x01, 0x0a, 0xa4, 0x00, 0x00, 0x02, 0x0a, 0xa4, 0x00, 0x00, 0x03, 0x0a, 0xfc, 0x74, 0x60, 0x04,
  0x0a, 0xa4, 0x00, 0x00, 0x05, 0x0a, 0xfc, 0x74, 0x60, 0x06, 0x0a, 0xfc, 0x74, 0x60, 0x07, 0x0a,
  0xfc, 0x74, 0x60, 0x08, 0x0a, 0xfc, 0x74, 0x60, 0x09, 0x0a, 0xfc, 0xfc, 0xfc, 0x0a, 0x0a, 0xfc,
  0x74, 0x60, 0x0b, 0x0a, 0xfc, 0x74, 0x60, 0x0c, 0x0a, 0xfc, 0xfc, 0xfc, 0x0d, 0x0a, 0xfc, 0x74,
  0x60, 0x0e, 0x0a, 0xfc, 0x74, 0x60, 0x01, 0x0b, 0xa4, 0x00, 0x00, 0x02, 0x0b, 0xa4, 0x00, 0x00,
  0x03, 0x0b, 0xfc, 0x74, 0x60, 0x04, 0x0b, 0xa4, 0x00, 0x00, 0x05, 0x0b, 0xfc, 0x74, 0x60, 0x06,
  0x0b, 0xfc, 0x74, 0x60, 0x07, 0x0b, 0xfc, 0x74, 0x60, 0x08, 0x0b, 0xfc, 0x74, 0x60, 0x09, 0x0b,
  0xfc, 0x74, 0x60, 0x0a, 0x0b, 0xa4, 0x00, 0x00, 0x0b, 0x0b, 0xa4, 0x00, 0x00, 0x0c, 0x0b, 0xfc,
  0x74, 0x60, 0x0d, 0x0b, 0xfc, 0x74, 0x60, 0x0e, 0x0b, 0xfc, 0x74, 0x60, 0x00, 0x0c, 0xa4, 0x00,
  0x00, 0x01, 0x0c, 0xa4, 0x00, 0x00, 0x02, 0x0c, 0xa4, 0x00, 0x00, 0x03, 0x0c, 0xfc, 0x74, 0x60,
  0x04, 0x0c, 0xfc, 0x74, 0x60, 0x05, 0x0c, 0xfc, 0x74, 0x60, 0x06, 0x0c, 0xfc, 0x74, 0x60, 0x07,
  0x0c, 0xfc, 0x74, 0x60, 0x08, 0x0c, 0xa4, 0x00, 0x00, 0x09, 0x0c, 0xa4, 0x00, 0x00, 0x0a, 0x0c,
  0xfc, 0x74, 0x60, 0x0b, 0x0c, 0xfc, 0x74, 0x60, 0x0c, 0x0c, 0xa4, 0x00, 0x00, 0x0d, 0x0c, 0xfc,
  0x74, 0x60, 0x0e, 0x0c, 0xfc, 0x74, 0x60, 0x00, 0x0d, 0xa4, 0x00, 0x00, 0x01, 0x0d, 0xa4, 0x00,
  0x00, 0x02, 0x0d, 0xa4, 0x00, 0x00, 0x03, 0x0d, 0xa4, 0x00, 0x00, 0x04, 0x0d, 0xfc, 0x74, 0x60,
  0x05, 0x0d, 0xfc, 0x74, 0x60, 0x06, 0x0d, 0xfc, 0x74, 0x60, 0x07, 0x0d, 0xfc, 0x74, 0x60, 0x08,
  0x0d, 0xfc, 0x74, 0x60, 0x09, 0x0d, 0xfc, 0x74, 0x60, 0x0a, 0x0d, 0xfc, 0x74, 0x60, 0x0b, 0x0d,
  0xfc, 0x74, 0x60, 0x0c, 0x0d, 0xa4, 0x00, 0x00, 0x0d, 0x0d, 0xfc, 0x74, 0x60, 0x0e, 0x0d, 0xfc,
  0x74, 0x60, 0x01, 0x0e, 0xa4, 0x00, 0x00, 0x02, 0x0e, 0xa4, 0x00, 0x00, 0x03, 0x0e, 0xa4, 0x00,
  0x00, 0x04, 0x0e, 0xa4, 0x00, 0x00, 0x05, 0x0e, 0xfc, 0x74, 0x60, 0x06, 0x0e, 0xfc, 0x74, 0x60,
  0x07, 0x0e, 0xfc, 0x74, 0x60, 0x08, 0x0e, 0xfc, 0x74, 0x60, 0x09, 0x0e, 0xfc, 0x74, 0x60, 0x0a,
  0x0e, 0xfc, 0x74, 0x60, 0x0b, 0x0e, 0xa4, 0x00, 0x00, 0x0c, 0x0e, 0xfc, 0x74, 0x60, 0x0d, 0x0e,
  0xfc, 0x74, 0x60, 0x02, 0x0f, 0xa4, 0x00, 0x00, 0x03, 0x0f, 0xa4, 0x00, 0x00, 0x04, 0x0f, 0xa4,
  0x00, 0x00, 0x05, 0x0f, 0xa4, 0x00, 0x00, 0x06, 0x0f, 0xfc, 0x74, 0x60, 0x07, 0x0f, 0xfc, 0x74,
  0x60, 0x08, 0x0f, 0xfc, 0x74, 0x60, 0x09, 0x0f, 0xfc, 0x74, 0x60, 0x0a, 0x0f, 0xfc, 0x74, 0x60,
  0x0b, 0x0f, 0xfc, 0x74, 0x60, 0x0c, 0x0f, 0xfc, 0x74, 0x60, 0x02, 0x10, 0xfc, 0x74, 0x60, 0x03,
  0x10, 0xfc, 0x74, 0x60, 0x04, 0x10, 0xfc, 0x74, 0x60, 0x05, 0x10, 0xfc, 0x74, 0x60, 0x06, 0x10,
  0xfc, 0x74, 0x60, 0x07, 0x10, 0xfc, 0x74, 0x60, 0x08, 0x10, 0xfc, 0x74, 0x60, 0x09, 0x10, 0xfc,
  0x74, 0x60, 0x0a, 0x10, 0xfc, 0x74, 0x60, 0x0b, 0x10, 0xfc, 0x74, 0x60, 0x0c, 0x10, 0xfc, 0x74,
  0x60, 0x01, 0x11, 0xfc, 0x74, 0x60, 0x02, 0x11, 0xfc, 0x74, 0x60, 0x03, 0x11, 0xfc, 0x74, 0x60,
  0x04, 0x11, 0xfc, 0x74, 0x60, 0x05, 0x11, 0xfc, 0x74, 0x60, 0x06, 0x11, 0xfc, 0x74, 0x60, 0x07,
  0x11, 0xfc, 0x74, 0x60, 0x08, 0x11, 0xfc, 0x74, 0x60, 0x09, 0x11, 0xfc, 0x74, 0x60, 0x0a, 0x11,
  0xfc, 0x74, 0x60, 0x0b, 0x11, 0xfc, 0x74, 0x60, 0x0c, 0x11, 0xfc, 0x74, 0x60, 0x0d, 0x11, 0xfc,
  0x74, 0x60, 0x0e, 0x11, 0x00, 0x94, 0x00, 0x0f, 0x11, 0xfc, 0x74, 0x60, 0x01, 0x12, 0xfc, 0x74,
  0x60, 0x02, 0x12, 0xfc, 0x74, 0x60, 0x03, 0x12, 0xfc, 0x74, 0x60, 0x04, 0x12, 0xfc, 0x74, 0x60,
  0x05, 0x12, 0x00, 0x94, 0x00, 0x06, 0x12, 0xfc, 0x74, 0x60, 0x07, 0x12, 0xfc, 0x74, 0x60, 0x08,
  0x12, 0xfc, 0x74, 0x60, 0x09, 0x12, 0xfc, 0x74, 0x60, 0x0a, 0x12, 0xfc, 0x74, 0x60, 0x0b, 0x12,
  0xfc, 0x74, 0x60, 0x0c, 0x12, 0xfc, 0x74, 0x60, 0x0d, 0x12, 0xfc, 0x74, 0x60, 0x0e, 0x12, 0x00,
  0x94, 0x00, 0x0f, 0x12, 0xfc, 0x74, 0x60, 0x01, 0x13, 0xfc, 0x74, 0x60, 0x02, 0x13, 0xfc, 0x74,
  0x60, 0x03, 0x13, 0xfc, 0x74, 0x60, 0x04, 0x13, 0xfc, 0x74, 0x60, 0x05, 0x13, 0xfc, 0x74, 0x60,
  0x06, 0x13, 0x00, 0x94, 0x00, 0x07, 0x13, 0x00, 0x94, 0x00, 0x08, 0x13, 0xfc, 0x74, 0x60, 0x09,
  0x13, 0xfc, 0x74, 0x60, 0x0a, 0x13, 0xfc, 0x74, 0x60, 0x0b, 0x13, 0xfc, 0x74, 0x60, 0x0c, 0x13,
  0xfc, 0x74, 0x60, 0x0d, 0x13, 0xfc, 0x74, 0x60, 0x0e, 0x13, 0x00, 0x94, 0x00, 0x0f, 0x13, 0xfc,
  0x74, 0x60, 0x01, 0x14, 0xfc, 0x74, 0x60, 0x02, 0x14, 0xfc, 0x74, 0x60, 0x03, 0x14, 0xfc, 0x74,
  0x60, 0x04, 0x14, 0xfc, 0x74, 0x60, 0x05, 0x14, 0xfc, 0x74, 0x60, 0x06, 0x14, 0xfc, 0x74, 0x60,
  0x07, 0x14, 0xfc, 0x74, 0x60, 0x08, 0x14, 0x00, 0x94, 0x00, 0x09, 0x14, 0xfc, 0x74, 0x60, 0x0a,
  0x14, 0xfc, 0x74, 0x60, 0x0b, 0x14, 0xfc, 0x74, 0x60, 0x0c, 0x14, 0xfc, 0x74, 0x60, 0x0d, 0x14,
  0xfc, 0x74, 0x60, 0x02, 0x15, 0xfc, 0x74, 0x60, 0x03, 0x15, 0xfc, 0x74, 0x60, 0x04, 0x15, 0xfc,
  0x74, 0x60, 0x05, 0x15, 0xfc, 0x74, 0x60, 0x06, 0x15, 0xfc, 0x74, 0x60, 0x07, 0x15, 0xfc, 0x74,
  0x60, 0x08, 0x15, 0x00, 0x94, 0x00, 0x09, 0x15, 0xfc, 0x74, 0x60, 0x0a, 0x15, 0xfc, 0x74, 0x60,
  0x0b, 0x15, 0xfc, 0x74, 0x60, 0x0c, 0x15, 0xfc, 0x74, 0x60, 0x03, 0x16, 0xfc, 0x74, 0x60, 0x04,
  0x16, 0xfc, 0x74, 0x60, 0x05, 0x16, 0xfc, 0x74, 0x60, 0x06, 0x16, 0xfc, 0x74, 0x60, 0x07, 0x16,
  0x00, 0x94, 0x00, 0x08, 0x16, 0x00, 0x94, 0x00, 0x09, 0x16, 0x00, 0x94, 0x00, 0x0a, 0x16, 0x00,
  0x94, 0x00, 0x0b, 0x16, 0x00, 0x94, 0x00, 0x0c, 0x16, 0x00, 0x94, 0x00, 0x02, 0x17, 0x00, 0x94,
  0x00, 0x03, 0x17, 0x00, 0x94, 0x00, 0x04, 0x17, 0x00, 0x94, 0x00, 0x05, 0x17, 0x00, 0x94, 0x00,
  0x06, 0x17, 0x00, 0x94, 0x00, 0x07, 0x17, 0x00, 0x94, 0x00, 0x08, 0x17, 0x00, 0x94, 0x00, 0x09,
  0x17, 0x00, 0x94, 0x00, 0x0a, 0x17, 0x00, 0x94, 0x00, 0x0b, 0x17, 0x00, 0x94, 0x00, 0x0c, 0x17,
  0x00, 0x94, 0x00, 0x0d, 0x17, 0x00, 0x94, 0x00, 0x02, 0x18, 0x00, 0x94, 0x00, 0x03, 0x18, 0x00,
  0x94, 0x00, 0x04, 0x18, 0xfc, 0x74, 0x60, 0x05, 0x18, 0xfc, 0x74, 0x60, 0x06, 0x18, 0xfc, 0x74,
  0x60, 0x07, 0x18, 0xfc, 0x74, 0x60, 0x08, 0x18, 0x00, 0x94, 0x00, 0x09, 0x18, 0x00, 0x94, 0x00,
  0x0a, 0x18, 0x00, 0x94, 0x00, 0x0b, 0x18, 0xfc, 0x74, 0x60, 0x0c, 0x18, 0xfc, 0x74, 0x60, 0x0d,
  0x18, 0x00, 0x94, 0x00, 0x02, 0x19, 0x00, 0x94, 0x00, 0x03, 0x19, 0xfc, 0x74, 0x60, 0x04, 0x19,
  0xfc, 0x74, 0x60, 0x05, 0x19, 0xfc, 0x74, 0x60, 0x06, 0x19, 0xfc, 0x74, 0x60, 0x07, 0x19, 0xfc,
  0x74, 0x60, 0x08, 0x19, 0x00, 0x94, 0x00, 0x09, 0x19, 0x00, 0x94, 0x00, 0x0a, 0x19, 0xfc, 0x74,
  0x60, 0x0b, 0x19, 0xfc, 0x74, 0x60, 0x0c, 0x19, 0xfc, 0x74, 0x60, 0x0d, 0x19, 0xfc, 0x74, 0x60,
  0x03, 0x1a, 0x00, 0x94, 0x00, 0x04, 0x1a, 0xfc, 0x74, 0x60, 0x05, 0x1a, 0xfc, 0x74, 0x60, 0x06,
  0x1a, 0xfc, 0x74, 0x60, 0x07, 0x1a, 0xfc, 0x74, 0x60, 0x08, 0x1a, 0xfc, 0x74, 0x60, 0x09, 0x1a,
  0x00, 0x94, 0x00, 0x0a, 0x1a, 0xfc, 0x74, 0x60, 0x0b, 0x1a, 0xfc, 0x74, 0x60, 0x0c, 0x1a, 0xfc,
  0x74, 0x60, 0x0d, 0x1a, 0xfc, 0x74, 0x60, 0x04, 0x1b, 0xfc, 0x74, 0x60, 0x05, 0x1b, 0xfc, 0x74,
  0x60, 0x06, 0x1b, 0xfc, 0x74, 0x60, 0x07, 0x1b, 0xfc, 0x74, 0x60, 0x08, 0x1b, 0xfc, 0x74, 0x60,
  0x09, 0x1b, 0xfc, 0x74, 0x60, 0x0a, 0x1b, 0xfc, 0x74, 0x60, 0x0b, 0x1b, 0xfc, 0x74, 0x60, 0x0c,
  0x1b, 0xfc, 0x74, 0x60, 0x0d, 0x1b, 0xfc, 0x74, 0x60, 0x0a, 0x1c, 0xfc, 0x74, 0x60, 0x0b, 0x1c,
  0xfc, 0x74, 0x60, 0x0c, 0x1c, 0xfc, 0x74, 0x60, 0x0d, 0x1c, 0xfc, 0x74, 0x60, 0x0a, 0x1d, 0xfc,
  0x74, 0x60, 0x0b, 0x1d, 0xfc, 0x74, 0x60, 0x0c, 0x1d, 0xfc, 0x74, 0x60, 0x0d, 0x1d, 0xfc, 0x74,
  0x60, 0x0a, 0x1e, 0xfc, 0x74, 0x60, 0x0b, 0x1e, 0xfc, 0x74, 0x60, 0x0c, 0x1e, 0xfc, 0x74, 0x60,
  0x0d, 0x1e, 0xfc, 0x74, 0x60, 0x0e, 0x1e, 0xfc, 0x74, 0x60, 0x0b, 0x1f, 0xfc, 0x74, 0x60, 0x0c,
  0x1f, 0xfc, 0x74, 0x60, 0x0d, 0x1f, 0xfc, 0x74, 0x60, 0x0e, 0x1f, 0xfc, 0x74, 0x60
};
static const AISprite kHiggins_run_1 PROGMEM = {
  .w = 16, .h = 32, .pixelCount = 358,
  .pixels = kHiggins_run_1Pixels, .fmt = 5,
};

// Higgins_run_2 ("higgins.run.2"): 16x32, 368 pixels, fmt=5
static const uint8_t kHiggins_run_2Pixels[] PROGMEM = {
  0x05, 0x00, 0xfc, 0xfc, 0xfc, 0x06, 0x00, 0xfc, 0xfc, 0xfc, 0x07, 0x00, 0xfc, 0xfc, 0xfc, 0x03,
  0x01, 0xfc, 0xfc, 0xfc, 0x04, 0x01, 0xfc, 0xfc, 0xfc, 0x05, 0x01, 0xfc, 0xfc, 0xfc, 0x06, 0x01,
  0xfc, 0x74, 0x60, 0x07, 0x01, 0xfc, 0x74, 0x60, 0x08, 0x01, 0xfc, 0xfc, 0xfc, 0x0b, 0x01, 0xfc,
  0xfc, 0xfc, 0x0c, 0x01, 0xfc, 0xfc, 0xfc, 0x0d, 0x01, 0xfc, 0xfc, 0xfc, 0x02, 0x02, 0xfc, 0xfc,
  0xfc, 0x03, 0x02, 0xfc, 0xfc, 0xfc, 0x04, 0x02, 0xfc, 0xfc, 0xfc, 0x05, 0x02, 0xfc, 0x74, 0x60,
  0x06, 0x02, 0xfc, 0x74, 0x60, 0x07, 0x02, 0xfc, 0x74, 0x60, 0x08, 0x02, 0xfc, 0xfc, 0xfc, 0x09,
  0x02, 0xfc, 0xfc, 0xfc, 0x0a, 0x02, 0xfc, 0xfc, 0xfc, 0x0b, 0x02, 0xfc, 0xfc, 0xfc, 0x01, 0x03,
  0xfc, 0xfc, 0xfc, 0x02, 0x03, 0xfc, 0xfc, 0xfc, 0x03, 0x03, 0xfc, 0xfc, 0xfc, 0x04, 0x03, 0xfc,
  0xfc, 0xfc, 0x05, 0x03, 0xfc, 0xfc, 0xfc, 0x06, 0x03, 0xfc, 0xfc, 0xfc, 0x07, 0x03, 0xfc, 0xfc,
  0xfc, 0x08, 0x03, 0xfc, 0x74, 0x60, 0x09, 0x03, 0xa4, 0x00, 0x00, 0x0a, 0x03, 0xa4, 0x00, 0x00,
  0x0b, 0x03, 0xa4, 0x00, 0x00, 0x01, 0x04, 0xfc, 0xfc, 0xfc, 0x02, 0x04, 0xfc, 0xfc, 0xfc, 0x03,
  0x04, 0xfc, 0xfc, 0xfc, 0x04, 0x04, 0xfc, 0xfc, 0xfc, 0x05, 0x04, 0xfc, 0xfc, 0xfc, 0x06, 0x04,
  0xfc, 0xfc, 0xfc, 0x07, 0x04, 0xa4, 0x00, 0x00, 0x08, 0x04, 0xa4, 0x00, 0x00, 0x09, 0x04, 0xa4,
  0x00, 0x00, 0x0a, 0x04, 0xfc, 0x74, 0x60, 0x0b, 0x04, 0xfc, 0x74, 0x60, 0x0c, 0x04, 0xa4, 0x00,
  0x00, 0x01, 0x05, 0xfc, 0xfc, 0xfc, 0x02, 0x05, 0xfc, 0xfc, 0xfc, 0x03, 0x05, 0xfc, 0xfc, 0xfc,
  0x04, 0x05, 0xa4, 0x00, 0x00, 0x05, 0x05, 0xa4, 0x00, 0x00, 0x06, 0x05, 0xa4, 0x00, 0x00, 0x07,
  0x05, 0xa4, 0x00, 0x00, 0x08, 0x05, 0xfc, 0x74, 0x60, 0x09, 0x05, 0xfc, 0x74, 0x60, 0x0a, 0x05,
  0xfc, 0x74, 0x60, 0x0b, 0x05, 0xfc, 0x74, 0x60, 0x0c, 0x05, 0xfc, 0x74, 0x60, 0x0d, 0x05, 0xa4,
  0x00, 0x00, 0x01, 0x06, 0xfc, 0xfc, 0xfc, 0x02, 0x06, 0xa4, 0x00, 0x00, 0x03, 0x06, 0xa4, 0x00,
  0x00, 0x04, 0x06, 0xa4, 0x00, 0x00, 0x05, 0x06, 0xa4, 0x00, 0x00, 0x06, 0x06, 0xa4, 0x00, 0x00,
  0x07, 0x06, 0xfc, 0x74, 0x60, 0x08, 0x06, 0xa4, 0x00, 0x00, 0x09, 0x06, 0xa4, 0x00, 0x00, 0x0a,
  0x06, 0xfc, 0x74, 0x60, 0x0b, 0x06, 0xfc, 0x74, 0x60, 0x0c, 0x06, 0xa4, 0x00, 0x00, 0x0d, 0x06,
  0xa4, 0x00, 0x00, 0x01, 0x07, 0xa4, 0x00, 0x00, 0x02, 0x07, 0xa4, 0x00, 0x00, 0x03, 0x07, 0xa4,
  0x00, 0x00, 0x04, 0x07, 0xa4, 0x00, 0x00, 0x05, 0x07, 0xa4, 0x00, 0x00, 0x06, 0x07, 0xfc, 0x74,
  0x60, 0x07, 0x07, 0xa4, 0x00, 0x00, 0x08, 0x07, 0xfc, 0x74, 0x60, 0x09, 0x07, 0xfc, 0x74, 0x60,
  0x0a, 0x07, 0xfc, 0x74, 0x60, 0x0b, 0x07, 0xfc, 0x74, 0x60, 0x0c, 0x07, 0xfc, 0x74, 0x60, 0x0d,
  0x07, 0xfc, 0x74, 0x60, 0x01, 0x08, 0xa4, 0x00, 0x00, 0x02, 0x08, 0xa4, 0x00, 0x00, 0x03, 0x08,
  0xa4, 0x00, 0x00, 0x04, 0x08, 0xa4, 0x00, 0x00, 0x05, 0x08, 0xa4, 0x00, 0x00, 0x06, 0x08, 0xfc,
  0x74, 0x60, 0x07, 0x08, 0xfc, 0x74, 0x60, 0x08, 0x08, 0xfc, 0x74, 0x60, 0x09, 0x08, 0xfc, 0xfc,
  0xfc, 0x0a, 0x08, 0xfc, 0x74, 0x60, 0x0b, 0x08, 0xfc, 0x74, 0x60, 0x0c, 0x08, 0xfc, 0xfc, 0xfc,
  0x0d, 0x08, 0xfc, 0x74, 0x60, 0x00, 0x09, 0xa4, 0x00, 0x00, 0x01, 0x09, 0xa4, 0x00, 0x00, 0x02,
  0x09, 0xa4, 0x00, 0x00, 0x03, 0x09, 0xa4, 0x00, 0x00, 0x04, 0x09, 0xa4, 0x00, 0x00, 0x05, 0x09,
  0xfc, 0x74, 0x60, 0x06, 0x09, 0xfc, 0x74, 0x60, 0x07, 0x09, 0xfc, 0x74, 0x60, 0x08, 0x09, 0xfc,
  0xfc, 0xfc, 0x09, 0x09, 0xa4, 0x00, 0x00, 0x0a, 0x09, 0xfc, 0x74, 0x60, 0x0b, 0x09, 0xfc, 0xfc,
  0xfc, 0x0c, 0x09, 0xa4, 0x00, 0x00, 0x0d, 0x09, 0xfc, 0x74, 0x60, 0x00, 0x0a, 0xa4, 0x00, 0x00,
  0x01, 0x0a, 0xa4, 0x00, 0x00, 0x02, 0x0a, 0xa4, 0x00, 0x00, 0x03, 0x0a, 0xfc, 0x74, 0x60, 0x04,
  0x0a, 0xa4, 0x00, 0x00, 0x05, 0x0a, 0xfc, 0x74, 0x60, 0x06, 0x0a, 0xfc, 0x74, 0x60, 0x07, 0x0a,
  0xfc, 0x74, 0x60, 0x08, 0x0a, 0xfc, 0x74, 0x60, 0x09, 0x0a, 0xfc, 0xfc, 0xfc, 0x0a, 0x0a, 0xfc,
  0x74, 0x60, 0x0b, 0x0a, 0xfc, 0x74, 0x60, 0x0c, 0x0a, 0xfc, 0xfc, 0xfc, 0x0d, 0x0a, 0xfc, 0x74,
  0x60, 0x0e, 0x0a, 0xfc, 0x74, 0x60, 0x01, 0x0b, 0xa4, 0x00, 0x00, 0x02, 0x0b, 0xa4, 0x00, 0x00,
  0x03, 0x0b, 0xfc, 0x74, 0x60, 0x04, 0x0b, 0xa4, 0x00, 0x00, 0x05, 0x0b, 0xfc, 0x74, 0x60, 0x06,
  0x0b, 0xfc, 0x74, 0x60, 0x07, 0x0b, 0xfc, 0x74, 0x60, 0x08, 0x0b, 0xfc, 0x74, 0x60, 0x09, 0x0b,
  0xfc, 0x74, 0x60, 0x0a, 0x0b, 0xa4, 0x00, 0x00, 0x0b, 0x0b, 0xa4, 0x00, 0x00, 0x0c, 0x0b, 0xfc,
  0x74, 0x60, 0x0d, 0x0b, 0xfc, 0x74, 0x60, 0x0e, 0x0b, 0xfc, 0x74, 0x60, 0x00, 0x0c, 0xa4, 0x00,
  0x00, 0x01, 0x0c, 0xa4, 0x00, 0x00, 0x02, 0x0c, 0xa4, 0x00, 0x00, 0x03, 0x0c, 0xfc, 0x74, 0x60,
  0x04, 0x0c, 0xfc, 0x74, 0x60, 0x05, 0x0c, 0xfc, 0x74, 0x60, 0x06, 0x0c, 0xfc, 0x74, 0x60, 0x07,
  0x0c, 0xfc, 0x74, 0x60, 0x08, 0x0c, 0xa4, 0x00, 0x00, 0x09, 0x0c, 0xa4, 0x00, 0x00, 0x0a, 0x0c,
  0xfc, 0x74, 0x60, 0x0b, 0x0c, 0xfc, 0x74, 0x60, 0x0c, 0x0c, 0xa4, 0x00, 0x00, 0x0d, 0x0c, 0xfc,
  0x74, 0x60, 0x0e, 0x0c, 0xfc, 0x74, 0x60, 0x00, 0x0d, 0xa4, 0x00, 0x00, 0x01, 0x0d, 0xa4, 0x00,
  0x00, 0x02, 0x0d, 0xa4, 0x00, 0x00, 0x03, 0x0d, 0xa4, 0x00, 0x00, 0x04, 0x0d, 0xfc, 0x74, 0x60,
  0x05, 0x0d, 0xfc, 0x74, 0x60, 0x06, 0x0d, 0xfc, 0x74, 0x60, 0x07, 0x0d, 0xfc, 0x74, 0x60, 0x08,
  0x0d, 0xfc, 0x74, 0x60, 0x09, 0x0d, 0xfc, 0x74, 0x60, 0x0a, 0x0d, 0xfc, 0x74, 0x60, 0x0b, 0x0d,
  0xfc, 0x74, 0x60, 0x0c, 0x0d, 0xa4, 0x00, 0x00, 0x0d, 0x0d, 0xfc, 0x74, 0x60, 0x0e, 0x0d, 0xfc,
  0x74, 0x60, 0x01, 0x0e, 0xa4, 0x00, 0x00, 0x02, 0x0e, 0xa4, 0x00, 0x00, 0x03, 0x0e, 0xa4, 0x00,
  0x00, 0x04, 0x0e, 0xa4, 0x00, 0x00, 0x05, 0x0e, 0xfc, 0x74, 0x60, 0x06, 0x0e, 0xfc, 0x74, 0x60,
  0x07, 0x0e, 0xfc, 0x74, 0x60, 0x08, 0x0e, 0xfc, 0x74, 0x60, 0x09, 0x0e, 0xfc, 0x74, 0x60, 0x0a,
  0x0e, 0xfc, 0x74, 0x60, 0x0b, 0x0e, 0xa4, 0x00, 0x00, 0x0c, 0x0e, 0xfc, 0x74, 0x60, 0x0d, 0x0e,
  0xfc, 0x74, 0x60, 0x02, 0x0f, 0xa4, 0x00, 0x00, 0x03, 0x0f, 0xa4, 0x00, 0x00, 0x04, 0x0f, 0xa4,
  0x00, 0x00, 0x05, 0x0f, 0xa4, 0x00, 0x00, 0x06, 0x0f, 0xfc, 0x74, 0x60, 0x07, 0x0f, 0xfc, 0x74,
  0x60, 0x08, 0x0f, 0xfc, 0x74, 0x60, 0x09, 0x0f, 0xfc, 0x74, 0x60, 0x0a, 0x0f, 0xfc, 0x74, 0x60,
  0x0b, 0x0f, 0xfc, 0x74, 0x60, 0x0c, 0x0f, 0xfc, 0x74, 0x60, 0x03, 0x10, 0xfc, 0x74, 0x60, 0x04,
  0x10, 0xfc, 0x74, 0x60, 0x05, 0x10, 0xfc, 0x74, 0x60, 0x06, 0x10, 0xfc, 0x74, 0x60, 0x07, 0x10,
  0xfc, 0x74, 0x60, 0x08, 0x10, 0xfc, 0x74, 0x60, 0x09, 0x10, 0xfc, 0x74, 0x60, 0x0a, 0x10, 0xfc,
  0x74, 0x60, 0x0b, 0x10, 0xfc, 0x74, 0x60, 0x0c, 0x10, 0xfc, 0x74, 0x60, 0x01, 0x11, 0xfc, 0x74,
  0x60, 0x02, 0x11, 0xfc, 0x74, 0x60, 0x03, 0x11, 0xfc, 0x74, 0x60, 0x04, 0x11, 0xfc, 0x74, 0x60,
  0x05, 0x11, 0xfc, 0x74, 0x60, 0x06, 0x11, 0xfc, 0x74, 0x60, 0x07, 0x11, 0xfc, 0x74, 0x60, 0x08,
  0x11, 0xfc, 0x74, 0x60, 0x09, 0x11, 0xfc, 0x74, 0x60, 0x0a, 0x11, 0xfc, 0x74, 0x60, 0x0b, 0x11,
  0xfc, 0x74, 0x60, 0x0c, 0x11, 0xfc, 0x74, 0x60, 0x0d, 0x11, 0xfc, 0x74, 0x60, 0x00, 0x12, 0xfc,
  0x74, 0x60, 0x01, 0x12, 0xfc, 0x74, 0x60, 0x02, 0x12, 0xfc, 0x74, 0x60, 0x03, 0x12, 0xfc, 0x74,
  0x60, 0x04, 0x12, 0xfc, 0x74, 0x60, 0x05, 0x12, 0xfc, 0x74, 0x60, 0x06, 0x12, 0xfc, 0x74, 0x60,
  0x07, 0x12, 0xfc, 0x74, 0x60, 0x08, 0x12, 0xfc, 0x74, 0x60, 0x09, 0x12, 0xfc, 0x74, 0x60, 0x0a,
  0x12, 0xfc, 0x74, 0x60, 0x0b, 0x12, 0xfc, 0x74, 0x60, 0x0c, 0x12, 0xfc, 0x74, 0x60, 0x0d, 0x12,
  0xfc, 0x74, 0x60, 0x00, 0x13, 0xfc, 0x74, 0x60, 0x01, 0x13, 0xfc, 0x74, 0x60, 0x02, 0x13, 0xfc,
  0x74, 0x60, 0x03, 0x13, 0xfc, 0x74, 0x60, 0x04, 0x13, 0xfc, 0x74, 0x60, 0x05, 0x13, 0x00, 0x94,
  0x00, 0x06, 0x13, 0x00, 0x94, 0x00, 0x07, 0x13, 0xfc, 0x74, 0x60, 0x08, 0x13, 0xfc, 0x74, 0x60,
  0x09, 0x13, 0xfc, 0x74, 0x60, 0x0a, 0x13, 0xfc, 0x74, 0x60, 0x0b, 0x13, 0xfc, 0x74, 0x60, 0x0c,
  0x13, 0xfc, 0x74, 0x60, 0x0d, 0x13, 0xfc, 0x74, 0x60, 0x00, 0x14, 0xfc, 0x74, 0x60, 0x01, 0x14,
  0xfc, 0x74, 0x60, 0x02, 0x14, 0xfc, 0x74, 0x60, 0x03, 0x14, 0xfc, 0x74, 0x60, 0x04, 0x14, 0xfc,
  0x74, 0x60, 0x05, 0x14, 0xfc, 0x74, 0x60, 0x06, 0x14, 0xfc, 0x74, 0x60, 0x07, 0x14, 0x00, 0x94,
  0x00, 0x08, 0x14, 0xfc, 0x74, 0x60, 0x09, 0x14, 0xfc, 0x74, 0x60, 0x0a, 0x14, 0xfc, 0x74, 0x60,
  0x0b, 0x14, 0xfc, 0x74, 0x60, 0x0c, 0x14, 0xfc, 0x74, 0x60, 0x0d, 0x14, 0xfc, 0x74, 0x60, 0x0e,
  0x14, 0x00, 0x94, 0x00, 0x0f, 0x14, 0x00, 0x94, 0x00, 0x01, 0x15, 0xfc, 0x74, 0x60, 0x02, 0x15,
  0xfc, 0x74, 0x60, 0x03, 0x15, 0xfc, 0x74, 0x60, 0x04, 0x15, 0xfc, 0x74, 0x60, 0x05, 0x15, 0xfc,
  0x74, 0x60, 0x06, 0x15, 0xfc, 0x74, 0x60, 0x07, 0x15, 0x00, 0x94, 0x00, 0x08, 0x15, 0xfc, 0x74,
  0x60, 0x09, 0x15, 0xfc, 0x74, 0x60, 0x0a, 0x15, 0xfc, 0x74, 0x60, 0x0b, 0x15, 0xfc, 0x74, 0x60,
  0x0c, 0x15, 0xfc, 0x74, 0x60, 0x0d, 0x15, 0xfc, 0x74, 0x60, 0x0e, 0x15, 0x00, 0x94, 0x00, 0x0f,
  0x15, 0xfc, 0x74, 0x60, 0x03, 0x16, 0xfc, 0x74, 0x60, 0x04, 0x16, 0xfc, 0x74, 0x60, 0x05, 0x16,
  0xfc, 0x74, 0x60, 0x06, 0x16, 0xfc, 0x74, 0x60, 0x07, 0x16, 0x00, 0x94, 0x00, 0x08, 0x16, 0xfc,
  0x74, 0x60, 0x09, 0x16, 0xfc, 0x74, 0x60, 0x0a, 0x16, 0xfc, 0x74, 0x60, 0x0b, 0x16, 0xfc, 0x74,
  0x60, 0x0c, 0x16, 0xfc, 0x74, 0x60, 0x0d, 0x16, 0xfc, 0x74, 0x60, 0x0e, 0x16, 0x00, 0x94, 0x00,
  0x0f, 0x16, 0xfc, 0x74, 0x60, 0x02, 0x17, 0x00, 0x94, 0x00, 0x03, 0x17, 0x00, 0x94, 0x00, 0x04,
  0x17, 0x00, 0x94, 0x00, 0x05, 0x17, 0x00, 0x94, 0x00, 0x06, 0x17, 0x00, 0x94, 0x00, 0x07, 0x17,
  0xfc, 0x74, 0x60, 0x08, 0x17, 0xfc, 0x74, 0x60, 0x09, 0x17, 0xfc, 0x74, 0x60, 0x0a, 0x17, 0xfc,
  0x74, 0x60, 0x0b, 0x17, 0xfc, 0x74, 0x60, 0x0c, 0x17, 0xfc, 0x74, 0x60, 0x0d, 0x17, 0x00, 0x94,
  0x00, 0x02, 0x18, 0x00, 0x94, 0x00, 0x03, 0x18, 0x00, 0x94, 0x00, 0x04, 0x18, 0x00, 0x94, 0x00,
  0x05, 0x18, 0x00, 0x94, 0x00, 0x06, 0x18, 0x00, 0x94, 0x00, 0x07, 0x18, 0x00, 0x94, 0x00, 0x08,
  0x18, 0x00, 0x94, 0x00, 0x09, 0x18, 0x00, 0x94, 0x00, 0x0a, 0x18, 0x00, 0x94, 0x00, 0x0b, 0x18,
  0x00, 0x94, 0x00, 0x0c, 0x18, 0x00, 0x94, 0x00, 0x0d, 0x18, 0x00, 0x94, 0x00, 0x01, 0x19, 0x00,
  0x94, 0x00, 0x02, 0x19, 0x00, 0x94, 0x00, 0x03, 0x19, 0x00, 0x94, 0x00, 0x04, 0x19, 0xfc, 0x74,
  0x60, 0x05, 0x19, 0xfc, 0x74, 0x60, 0x06, 0x19, 0xfc, 0x74, 0x60, 0x07, 0x19, 0xfc, 0x74, 0x60,
  0x08, 0x19, 0x00, 0x94, 0x00, 0x09, 0x19, 0x00, 0x94, 0x00, 0x0a, 0x19, 0x00, 0x94, 0x00, 0x0b,
  0x19, 0x00, 0x94, 0x00, 0x0c, 0x19, 0x00, 0x94, 0x00, 0x0d, 0x19, 0x00, 0x94, 0x00, 0x03, 0x1a,
  0xfc, 0x74, 0x60, 0x04, 0x1a, 0xfc, 0x74, 0x60, 0x05, 0x1a, 0xfc, 0x74, 0x60, 0x06, 0x1a, 0xfc,
  0x74, 0x60, 0x07, 0x1a, 0xfc, 0x74, 0x60, 0x08, 0x1a, 0xfc, 0x74, 0x60, 0x09, 0x1a, 0x00, 0x94,
  0x00, 0x0a, 0x1a, 0xfc, 0x74, 0x60, 0x0b, 0x1a, 0x00, 0x94, 0x00, 0x0c, 0x1a, 0x00, 0x94, 0x00,
  0x0d, 0x1a, 0x00, 0x94, 0x00, 0x04, 0x1b, 0xfc, 0x74, 0x60, 0x05, 0x1b, 0xfc, 0x74, 0x60, 0x06,
  0x1b, 0xfc, 0x74, 0x60, 0x07, 0x1b, 0xfc, 0x74, 0x60, 0x08, 0x1b, 0xfc, 0x74, 0x60, 0x09, 0x1b,
  0x00, 0x94, 0x00, 0x0a, 0x1b, 0xfc, 0x74, 0x60, 0x0b, 0x1b, 0xfc, 0x74, 0x60, 0x0c, 0x1b, 0xfc,
  0x74, 0x60, 0x04, 0x1c, 0xfc, 0x74, 0x60, 0x05, 0x1c, 0xfc, 0x74, 0x60, 0x06, 0x1c, 0xfc, 0x74,
  0x60, 0x07, 0x1c, 0xfc, 0x74, 0x60, 0x08, 0x1c, 0xfc, 0x74, 0x60, 0x09, 0x1c, 0x00, 0x94, 0x00,
  0x0a, 0x1c, 0xfc, 0x74, 0x60, 0x0b, 0x1c, 0xfc, 0x74, 0x60, 0x05, 0x1d, 0xfc, 0x74, 0x60, 0x06,
  0x1d, 0xfc, 0x74, 0x60, 0x07, 0x1d, 0xfc, 0x74, 0x60, 0x08, 0x1d, 0xfc, 0x74, 0x60, 0x0a, 0x1d,
  0xfc, 0x74, 0x60, 0x05, 0x1e, 0xfc, 0x74, 0x60, 0x06, 0x1e, 0xfc, 0x74, 0x60, 0x07, 0x1e, 0xfc,
  0x74, 0x60, 0x08, 0x1e, 0xfc, 0x74, 0x60, 0x09, 0x1e, 0xfc, 0x74, 0x60, 0x06, 0x1f, 0xfc, 0x74,
  0x60, 0x07, 0x1f, 0xfc, 0x74, 0x60, 0x08, 0x1f, 0xfc, 0x74, 0x60, 0x09, 0x1f, 0xfc, 0x74, 0x60
};
static const AISprite kHiggins_run_2 PROGMEM = {
  .w = 16, .h = 32, .pixelCount = 368,
  .pixels = kHiggins_run_2Pixels, .fmt = 5,
};

// Higgins_jump_0 ("higgins.jump.0"): 16x32, 364 pixels, fmt=5
static const uint8_t kHiggins_jump_0Pixels[] PROGMEM = {
  0x05, 0x00, 0xfc, 0xfc, 0xfc, 0x06, 0x00, 0xfc, 0xfc, 0xfc, 0x07, 0x00, 0xfc, 0xfc, 0xfc, 0x03,
  0x01, 0xfc, 0xfc, 0xfc, 0x04, 0x01, 0xfc, 0xfc, 0xfc, 0x05, 0x01, 0xfc, 0xfc, 0xfc, 0x06, 0x01,
  0xfc, 0x74, 0x60, 0x07, 0x01, 0xfc, 0x74, 0x60, 0x08, 0x01, 0xfc, 0xfc, 0xfc, 0x0b, 0x01, 0xfc,
  0xfc, 0xfc, 0x0c, 0x01, 0xfc, 0xfc, 0xfc, 0x0d, 0x01, 0xfc, 0xfc, 0xfc, 0x02, 0x02, 0xfc, 0xfc,
  0xfc, 0x03, 0x02, 0xfc, 0xfc, 0xfc, 0x04, 0x02, 0xfc, 0xfc, 0xfc, 0x05, 0x02, 0xfc, 0x74, 0x60,
  0x06, 0x02, 0xfc, 0x74, 0x60, 0x07, 0x02, 0xfc, 0x74, 0x60, 0x08, 0x02, 0xfc, 0xfc, 0xfc, 0x09,
  0x02, 0xfc, 0xfc, 0xfc, 0x0a, 0x02, 0xfc, 0xfc, 0xfc, 0x0b, 0x02, 0xfc, 0xfc, 0xfc, 0x01, 0x03,
  0xfc, 0xfc, 0xfc, 0x02, 0x03, 0xfc, 0xfc, 0xfc, 0x03, 0x03, 0xfc, 0xfc, 0xfc, 0x04, 0x03, 0xfc,
  0xfc, 0xfc, 0x05, 0x03, 0xfc, 0xfc, 0xfc, 0x06, 0x03, 0xfc, 0xfc, 0xfc, 0x07, 0x03, 0xfc, 0xfc,
  0xfc, 0x08, 0x03, 0xfc, 0x74, 0x60, 0x09, 0x03, 0xa4, 0x00, 0x00, 0x0a, 0x03, 0xa4, 0x00, 0x00,
  0x0b, 0x03, 0xa4, 0x00, 0x00, 0x01, 0x04, 0xfc, 0xfc, 0xfc, 0x02, 0x04, 0xfc, 0xfc, 0xfc, 0x03,
  0x04, 0xfc, 0xfc, 0xfc, 0x04, 0x04, 0xfc, 0xfc, 0xfc, 0x05, 0x04, 0xfc, 0xfc, 0xfc, 0x06, 0x04,
  0xfc, 0xfc, 0xfc, 0x07, 0x04, 0xa4, 0x00, 0x00, 0x08, 0x04, 0xa4, 0x00, 0x00, 0x09, 0x04, 0xa4,
  0x00, 0x00, 0x0a, 0x04, 0xfc, 0x74, 0x60, 0x0b, 0x04, 0xfc, 0x74, 0x60, 0x0c, 0x04, 0xa4, 0x00,
  0x00, 0x01, 0x05, 0xfc, 0xfc, 0xfc, 0x02, 0x05, 0xfc, 0xfc, 0xfc, 0x03, 0x05, 0xfc, 0xfc, 0xfc,
  0x04, 0x05, 0xa4, 0x00, 0x00, 0x05, 0x05, 0xa4, 0x00, 0x00, 0x06, 0x05, 0xa4, 0x00, 0x00, 0x07,
  0x05, 0xa4, 0x00, 0x00, 0x08, 0x05, 0xfc, 0x74, 0x60, 0x09, 0x05, 0xfc, 0x74, 0x60, 0x0a, 0x05,
  0xfc, 0x74, 0x60, 0x0b, 0x05, 0xfc, 0x74, 0x60, 0x0c, 0x05, 0xfc, 0x74, 0x60, 0x0d, 0x05, 0xa4,
  0x00, 0x00, 0x01, 0x06, 0xfc, 0xfc, 0xfc, 0x02, 0x06, 0xa4, 0x00, 0x00, 0x03, 0x06, 0xa4, 0x00,
  0x00, 0x04, 0x06, 0xa4, 0x00, 0x00, 0x05, 0x06, 0xa4, 0x00, 0x00, 0x06, 0x06, 0xa4, 0x00, 0x00,
  0x07, 0x06, 0xfc, 0x74, 0x60, 0x08, 0x06, 0xa4, 0x00, 0x00, 0x09, 0x06, 0xa4, 0x00, 0x00, 0x0a,
  0x06, 0xfc, 0x74, 0x60, 0x0b, 0x06, 0xfc, 0x74, 0x60, 0x0c, 0x06, 0xa4, 0x00, 0x00, 0x0d, 0x06,
  0xa4, 0x00, 0x00, 0x01, 0x07, 0xa4, 0x00, 0x00, 0x02, 0x07, 0xa4, 0x00, 0x00, 0x03, 0x07, 0xa4,
  0x00, 0x00, 0x04, 0x07, 0xa4, 0x00, 0x00, 0x05, 0x07, 0xa4, 0x00, 0x00, 0x06, 0x07, 0xfc, 0x74,
  0x60, 0x07, 0x07, 0xa4, 0x00, 0x00, 0x08, 0x07, 0xfc, 0x74, 0x60, 0x09, 0x07, 0xfc, 0x74, 0x60,
  0x0a, 0x07, 0xfc, 0x74, 0x60, 0x0b, 0x07, 0xfc, 0x74, 0x60, 0x0c, 0x07, 0xfc, 0x74, 0x60, 0x0d,
  0x07, 0xfc, 0x74, 0x60, 0x01, 0x08, 0xa4, 0x00, 0x00, 0x02, 0x08, 0xa4, 0x00, 0x00, 0x03, 0x08,
  0xa4, 0x00, 0x00, 0x04, 0x08, 0xa4, 0x00, 0x00, 0x05, 0x08, 0xa4, 0x00, 0x00, 0x06, 0x08, 0xfc,
  0x74, 0x60, 0x07, 0x08, 0xfc, 0x74, 0x60, 0x08, 0x08, 0xfc, 0x74, 0x60, 0x09, 0x08, 0xfc, 0xfc,
  0xfc, 0x0a, 0x08, 0xfc, 0x74, 0x60, 0x0b, 0x08, 0xfc, 0x74, 0x60, 0x0c, 0x08, 0xfc, 0xfc, 0xfc,
  0x0d, 0x08, 0xfc, 0x74, 0x60, 0x00, 0x09, 0xa4, 0x00, 0x00, 0x01, 0x09, 0xa4, 0x00, 0x00, 0x02,
  0x09, 0xa4, 0x00, 0x00, 0x03, 0x09, 0xa4, 0x00, 0x00, 0x04, 0x09, 0xa4, 0x00, 0x00, 0x05, 0x09,
  0xfc, 0x74, 0x60, 0x06, 0x09, 0xfc, 0x74, 0x60, 0x07, 0x09, 0xfc, 0x74, 0x60, 0x08, 0x09, 0xfc,
  0xfc, 0xfc, 0x09, 0x09, 0xa4, 0x00, 0x00, 0x0a, 0x09, 0xfc, 0x74, 0x60, 0x0b, 0x09, 0xfc, 0xfc,
  0xfc, 0x0c, 0x09, 0xa4, 0x00, 0x00, 0x0d, 0x09, 0xfc, 0x74, 0x60, 0x00, 0x0a, 0xa4, 0x00, 0x00,
  0x01, 0x0a, 0xa4, 0x00, 0x00, 0x02, 0x0a, 0xa4, 0x00, 0x00, 0x03, 0x0a, 0xfc, 0x74, 0x60, 0x04,
  0x0a, 0xa4, 0x00, 0x00, 0x05, 0x0a, 0xfc, 0x74, 0x60, 0x06, 0x0a, 0xfc, 0x74, 0x60, 0x07, 0x0a,
  0xfc, 0x74, 0x60, 0x08, 0x0a, 0xfc, 0x74, 0x60, 0x09, 0x0a, 0xfc, 0xfc, 0xfc, 0x0a, 0x0a, 0xfc,
  0x74, 0x60, 0x0b, 0x0a, 0xfc, 0x74, 0x60, 0x0c, 0x0a, 0xfc, 0xfc, 0xfc, 0x0d, 0x0a, 0xfc, 0x74,
  0x60, 0x0e, 0x0a, 0xfc, 0x74, 0x60, 0x01, 0x0b, 0xa4, 0x00, 0x00, 0x02, 0x0b, 0xa4, 0x00, 0x00,
  0x03, 0x0b, 0xfc, 0x74, 0x60, 0x04, 0x0b, 0xa4, 0x00, 0x00, 0x05, 0x0b, 0xfc, 0x74, 0x60, 0x06,
  0x0b, 0xfc, 0x74, 0x60, 0x07, 0x0b, 0xfc, 0x74, 0x60, 0x08, 0x0b, 0xfc, 0x74, 0x60, 0x09, 0x0b,
  0xfc, 0x74, 0x60, 0x0a, 0x0b, 0xa4, 0x00, 0x00, 0x0b, 0x0b, 0xa4, 0x00, 0x00, 0x0c, 0x0b, 0xfc,
  0x74, 0x60, 0x0d, 0x0b, 0xfc, 0x74, 0x60, 0x0e, 0x0b, 0xfc, 0x74, 0x60, 0x00, 0x0c, 0xa4, 0x00,
  0x00, 0x01, 0x0c, 0xa4, 0x00, 0x00, 0x02, 0x0c, 0xa4, 0x00, 0x00, 0x03, 0x0c, 0xfc, 0x74, 0x60,
  0x04, 0x0c, 0xfc, 0x74, 0x60, 0x05, 0x0c, 0xfc, 0x74, 0x60, 0x06, 0x0c, 0xfc, 0x74, 0x60, 0x07,
  0x0c, 0xfc, 0x74, 0x60, 0x08, 0x0c, 0xa4, 0x00, 0x00, 0x09, 0x0c, 0xa4, 0x00, 0x00, 0x0a, 0x0c,
  0xfc, 0x74, 0x60, 0x0b, 0x0c, 0xfc, 0x74, 0x60, 0x0c, 0x0c, 0xa4, 0x00, 0x00, 0x0d, 0x0c, 0xfc,
  0x74, 0x60, 0x0e, 0x0c, 0xfc, 0x74, 0x60, 0x00, 0x0d, 0xa4, 0x00, 0x00, 0x01, 0x0d, 0xa4, 0x00,
  0x00, 0x02, 0x0d, 0xa4, 0x00, 0x00, 0x03, 0x0d, 0xa4, 0x00, 0x00, 0x04, 0x0d, 0xfc, 0x74, 0x60,
  0x05, 0x0d, 0xfc, 0x74, 0x60, 0x06, 0x0d, 0xfc, 0x74, 0x60, 0x07, 0x0d, 0xfc, 0x74, 0x60, 0x08,
  0x0d, 0xfc, 0x74, 0x60, 0x09, 0x0d, 0xfc, 0x74, 0x60, 0x0a, 0x0d, 0xfc, 0x74, 0x60, 0x0b, 0x0d,
  0xfc, 0x74, 0x60, 0x0c, 0x0d, 0xa4, 0x00, 0x00, 0x0d, 0x0d, 0xfc, 0x74, 0x60, 0x0e, 0x0d, 0xfc,
  0x74, 0x60, 0x01, 0x0e, 0xa4, 0x00, 0x00, 0x02, 0x0e, 0xa4, 0x00, 0x00, 0x03, 0x0e, 0xa4, 0x00,
  0x00, 0x04, 0x0e, 0xa4, 0x00, 0x00, 0x05, 0x0e, 0xfc, 0x74, 0x60, 0x06, 0x0e, 0xfc, 0x74, 0x60,
  0x07, 0x0e, 0xfc, 0x74, 0x60, 0x08, 0x0e, 0xfc, 0x74, 0x60, 0x09, 0x0e, 0xfc, 0x74, 0x60, 0x0a,
  0x0e, 0xfc, 0x74, 0x60, 0x0b, 0x0e, 0xa4, 0x00, 0x00, 0x0c, 0x0e, 0xfc, 0x74, 0x60, 0x0d, 0x0e,
  0xfc, 0x74, 0x60, 0x02, 0x0f, 0xa4, 0x00, 0x00, 0x03, 0x0f, 0xa4, 0x00, 0x00, 0x04, 0x0f, 0xa4,
  0x00, 0x00, 0x05, 0x0f, 0xa4, 0x00, 0x00, 0x06, 0x0f, 0xfc, 0x74, 0x60, 0x07, 0x0f, 0xfc, 0x74,
  0x60, 0x08, 0x0f, 0xfc, 0x74, 0x60, 0x09, 0x0f, 0xfc, 0x74, 0x60, 0x0a, 0x0f, 0xfc, 0x74, 0x60,
  0x0b, 0x0f, 0xfc, 0x74, 0x60, 0x0c, 0x0f, 0xfc, 0x74, 0x60, 0x03, 0x10, 0xfc, 0x74, 0x60, 0x04,
  0x10, 0xfc, 0x74, 0x60, 0x05, 0x10, 0xfc, 0x74, 0x60, 0x06, 0x10, 0xfc, 0x74, 0x60, 0x07, 0x10,
  0xfc, 0x74, 0x60, 0x08, 0x10, 0xfc, 0x74, 0x60, 0x09, 0x10, 0xfc, 0x74, 0x60, 0x0a, 0x10, 0xfc,
  0x74, 0x60, 0x0b, 0x10, 0xfc, 0x74, 0x60, 0x01, 0x11, 0xfc, 0x74, 0x60, 0x02, 0x11, 0xfc, 0x74,
  0x60, 0x03, 0x11, 0xfc, 0x74, 0x60, 0x04, 0x11, 0xfc, 0x74, 0x60, 0x05, 0x11, 0xfc, 0x74, 0x60,
  0x06, 0x11, 0xfc, 0x74, 0x60, 0x07, 0x11, 0xfc, 0x74, 0x60, 0x08, 0x11, 0xfc, 0x74, 0x60, 0x09,
  0x11, 0xfc, 0x74, 0x60, 0x0a, 0x11, 0xfc, 0x74, 0x60, 0x0b, 0x11, 0xfc, 0x74, 0x60, 0x0c, 0x11,
  0xfc, 0x74, 0x60, 0x00, 0x12, 0xfc, 0x74, 0x60, 0x01, 0x12, 0xfc, 0x74, 0x60, 0x02, 0x12, 0xfc,
  0x74, 0x60, 0x03, 0x12, 0xfc, 0x74, 0x60, 0x04, 0x12, 0xfc, 0x74, 0x60, 0x05, 0x12, 0xfc, 0x74,
  0x60, 0x06, 0x12, 0xfc, 0x74, 0x60, 0x07, 0x12, 0xfc, 0x74, 0x60, 0x08, 0x12, 0xfc, 0x74, 0x60,
  0x09, 0x12, 0xfc, 0x74, 0x60, 0x0a, 0x12, 0xfc, 0x74, 0x60, 0x0b, 0x12, 0xfc, 0x74, 0x60, 0x0c,
  0x12, 0xfc, 0x74, 0x60, 0x00, 0x13, 0xfc, 0x74, 0x60, 0x01, 0x13, 0xfc, 0x74, 0x60, 0x02, 0x13,
  0xfc, 0x74, 0x60, 0x03, 0x13, 0xfc, 0x74, 0x60, 0x04, 0x13, 0xfc, 0x74, 0x60, 0x05, 0x13, 0x00,
  0x94, 0x00, 0x06, 0x13, 0x00, 0x94, 0x00, 0x07, 0x13, 0xfc, 0x74, 0x60, 0x08, 0x13, 0xfc, 0x74,
  0x60, 0x09, 0x13, 0xfc, 0x74, 0x60, 0x0a, 0x13, 0xfc, 0x74, 0x60, 0x0b, 0x13, 0xfc, 0x74, 0x60,
  0x0c, 0x13, 0xfc, 0x74, 0x60, 0x0d, 0x13, 0xfc, 0x74, 0x60, 0x0e, 0x13, 0x00, 0x94, 0x00, 0x0f,
  0x13, 0xfc, 0x74, 0x60, 0x00, 0x14, 0xfc, 0x74, 0x60, 0x01, 0x14, 0xfc, 0x74, 0x60, 0x02, 0x14,
  0xfc, 0x74, 0x60, 0x03, 0x14, 0xfc, 0x74, 0x60, 0x04, 0x14, 0xfc, 0x74, 0x60, 0x05, 0x14, 0xfc,
  0x74, 0x60, 0x06, 0x14, 0xfc, 0x74, 0x60, 0x07, 0x14, 0x00, 0x94, 0x00, 0x08, 0x14, 0xfc, 0x74,
  0x60, 0x09, 0x14, 0xfc, 0x74, 0x60, 0x0a, 0x14, 0xfc, 0x74, 0x60, 0x0b, 0x14, 0xfc, 0x74, 0x60,
  0x0c, 0x14, 0xfc, 0x74, 0x60, 0x0d, 0x14, 0xfc, 0x74, 0x60, 0x0e, 0x14, 0x00, 0x94, 0x00, 0x0f,
  0x14, 0xfc, 0x74, 0x60, 0x01, 0x15, 0xfc, 0x74, 0x60, 0x02, 0x15, 0xfc, 0x74, 0x60, 0x03, 0x15,
  0xfc, 0x74, 0x60, 0x04, 0x15, 0xfc, 0x74, 0x60, 0x05, 0x15, 0xfc, 0x74, 0x60, 0x06, 0x15, 0xfc,
  0x74, 0x60, 0x07, 0x15, 0x00, 0x94, 0x00, 0x08, 0x15, 0xfc, 0x74, 0x60, 0x09, 0x15, 0xfc, 0x74,
  0x60, 0x0a, 0x15, 0xfc, 0x74, 0x60, 0x0b, 0x15, 0xfc, 0x74, 0x60, 0x0c, 0x15, 0xfc, 0x74, 0x60,
  0x0d, 0x15, 0xfc, 0x74, 0x60, 0x0e, 0x15, 0x00, 0x94, 0x00, 0x03, 0x16, 0xfc, 0x74, 0x60, 0x04,
  0x16, 0xfc, 0x74, 0x60, 0x05, 0x16, 0xfc, 0x74, 0x60, 0x06, 0x16, 0xfc, 0x74, 0x60, 0x07, 0x16,
  0x00, 0x94, 0x00, 0x08, 0x16, 0xfc, 0x74, 0x60, 0x09, 0x16, 0xfc, 0x74, 0x60, 0x0a, 0x16, 0xfc,
  0x74, 0x60, 0x0b, 0x16, 0xfc, 0x74, 0x60, 0x0c, 0x16, 0xfc, 0x74, 0x60, 0x0d, 0x16, 0xfc, 0x74,
  0x60, 0x02, 0x17, 0x00, 0x94, 0x00, 0x03, 0x17, 0x00, 0x94, 0x00, 0x04, 0x17, 0x00, 0x94, 0x00,
  0x05, 0x17, 0x00, 0x94, 0x00, 0x06, 0x17, 0x00, 0x94, 0x00, 0x07, 0x17, 0xfc, 0x74, 0x60, 0x08,
  0x17, 0xfc, 0x74, 0x60, 0x09, 0x17, 0xfc, 0x74, 0x60, 0x0a, 0x17, 0xfc, 0x74, 0x60, 0x0b, 0x17,
  0xfc, 0x74, 0x60, 0x0c, 0x17, 0xfc, 0x74, 0x60, 0x0d, 0x17, 0x00, 0x94, 0x00, 0x02, 0x18, 0x00,
  0x94, 0x00, 0x03, 0x18, 0x00, 0x94, 0x00, 0x04, 0x18, 0x00, 0x94, 0x00, 0x05, 0x18, 0x00, 0x94,
  0x00, 0x06, 0x18, 0x00, 0x94, 0x00, 0x07, 0x18, 0x00, 0x94, 0x00, 0x08, 0x18, 0x00, 0x94, 0x00,
  0x09, 0x18, 0x00, 0x94, 0x00, 0x0a, 0x18, 0x00, 0x94, 0x00, 0x0b, 0x18, 0x00, 0x94, 0x00, 0x0c,
  0x18, 0x00, 0x94, 0x00, 0x0d, 0x18, 0x00, 0x94, 0x00, 0x01, 0x19, 0x00, 0x94, 0x00, 0x02, 0x19,
  0x00, 0x94, 0x00, 0x03, 0x19, 0x00, 0x94, 0x00, 0x04, 0x19, 0xfc, 0x74, 0x60, 0x05, 0x19, 0xfc,
  0x74, 0x60, 0x06, 0x19, 0xfc, 0x74, 0x60, 0x07, 0x19, 0xfc, 0x74, 0x60, 0x08, 0x19, 0x00, 0x94,
  0x00, 0x09, 0x19, 0x00, 0x94, 0x00, 0x0a, 0x19, 0x00, 0x94, 0x00, 0x0b, 0x19, 0x00, 0x94, 0x00,
  0x0c, 0x19, 0x00, 0x94, 0x00, 0x0d, 0x19, 0x00, 0x94, 0x00, 0x03, 0x1a, 0xfc, 0x74, 0x60, 0x04,
  0x1a, 0xfc, 0x74, 0x60, 0x05, 0x1a, 0xfc, 0x74, 0x60, 0x06, 0x1a, 0xfc, 0x74, 0x60, 0x07, 0x1a,
  0xfc, 0x74, 0x60, 0x08, 0x1a, 0xfc, 0x74, 0x60, 0x09, 0x1a, 0x00, 0x94, 0x00, 0x0a, 0x1a, 0xfc,
  0x74, 0x60, 0x0b, 0x1a, 0x00, 0x94, 0x00, 0x0c, 0x1a, 0x00, 0x94, 0x00, 0x0d, 0x1a, 0x00, 0x94,
  0x00, 0x04, 0x1b, 0xfc, 0x74, 0x60, 0x05, 0x1b, 0xfc, 0x74, 0x60, 0x06, 0x1b, 0xfc, 0x74, 0x60,
  0x07, 0x1b, 0xfc, 0x74, 0x60, 0x08, 0x1b, 0xfc, 0x74, 0x60, 0x09, 0x1b, 0x00, 0x94, 0x00, 0x0a,
  0x1b, 0xfc, 0x74, 0x60, 0x0b, 0x1b, 0xfc, 0x74, 0x60, 0x0c, 0x1b, 0xfc, 0x74, 0x60, 0x04, 0x1c,
  0xfc, 0x74, 0x60, 0x05, 0x1c, 0xfc, 0x74, 0x60, 0x06, 0x1c, 0xfc, 0x74, 0x60, 0x07, 0x1c, 0xfc,
  0x74, 0x60, 0x08, 0x1c, 0xfc, 0x74, 0x60, 0x09, 0x1c, 0x00, 0x94, 0x00, 0x0a, 0x1c, 0xfc, 0x74,
  0x60, 0x0b, 0x1c, 0xfc, 0x74, 0x60, 0x05, 0x1d, 0xfc, 0x74, 0x60, 0x06, 0x1d, 0xfc, 0x74, 0x60,
  0x07, 0x1d, 0xfc, 0x74, 0x60, 0x08, 0x1d, 0xfc, 0x74, 0x60, 0x0a, 0x1d, 0xfc, 0x74, 0x60, 0x05,
  0x1e, 0xfc, 0x74, 0x60, 0x06, 0x1e, 0xfc, 0x74, 0x60, 0x07, 0x1e, 0xfc, 0x74, 0x60, 0x08, 0x1e,
  0xfc, 0x74, 0x60, 0x09, 0x1e, 0xfc, 0x74, 0x60, 0x06, 0x1f, 0xfc, 0x74, 0x60, 0x07, 0x1f, 0xfc,
  0x74, 0x60, 0x08, 0x1f, 0xfc, 0x74, 0x60, 0x09, 0x1f, 0xfc, 0x74, 0x60
};
static const AISprite kHiggins_jump_0 PROGMEM = {
  .w = 16, .h = 32, .pixelCount = 364,
  .pixels = kHiggins_jump_0Pixels, .fmt = 5,
};

// Higgins_throw_0 ("higgins.throw.0"): 24x32, 375 pixels, fmt=5
static const uint8_t kHiggins_throw_0Pixels[] PROGMEM = {
  0x05, 0x00, 0xfc, 0xfc, 0xfc, 0x06, 0x00, 0xfc, 0xfc, 0xfc, 0x07, 0x00, 0xfc, 0xfc, 0xfc, 0x03,
  0x01, 0xfc, 0xfc, 0xfc, 0x04, 0x01, 0xfc, 0xfc, 0xfc, 0x05, 0x01, 0xfc, 0xfc, 0xfc, 0x06, 0x01,
  0xfc, 0x74, 0x60, 0x07, 0x01, 0xfc, 0x74, 0x60, 0x08, 0x01, 0xfc, 0xfc, 0xfc, 0x0b, 0x01, 0xfc,
  0xfc, 0xfc, 0x0c, 0x01, 0xfc, 0xfc, 0xfc, 0x0d, 0x01, 0xfc, 0xfc, 0xfc, 0x02, 0x02, 0xfc, 0xfc,
  0xfc, 0x03, 0x02, 0xfc, 0xfc, 0xfc, 0x04, 0x02, 0xfc, 0xfc, 0xfc, 0x05, 0x02, 0xfc, 0x74, 0x60,
  0x06, 0x02, 0xfc, 0x74, 0x60, 0x07, 0x02, 0xfc, 0x74, 0x60, 0x08, 0x02, 0xfc, 0xfc, 0xfc, 0x09,
  0x02, 0xfc, 0xfc, 0xfc, 0x0a, 0x02, 0xfc, 0xfc, 0xfc, 0x0b, 0x02, 0xfc, 0xfc, 0xfc, 0x01, 0x03,
  0xfc, 0xfc, 0xfc, 0x02, 0x03, 0xfc, 0xfc, 0xfc, 0x03, 0x03, 0xfc, 0xfc, 0xfc, 0x04, 0x03, 0xfc,
  0xfc, 0xfc, 0x05, 0x03, 0xfc, 0xfc, 0xfc, 0x06, 0x03, 0xfc, 0xfc, 0xfc, 0x07, 0x03, 0xfc, 0xfc,
  0xfc, 0x08, 0x03, 0xfc, 0x74, 0x60, 0x09, 0x03, 0xa4, 0x00, 0x00, 0x0a, 0x03, 0xa4, 0x00, 0x00,
  0x0b, 0x03, 0xa4, 0x00, 0x00, 0x01, 0x04, 0xfc, 0xfc, 0xfc, 0x02, 0x04, 0xfc, 0xfc, 0xfc, 0x03,
  0x04, 0xfc, 0xfc, 0xfc, 0x04, 0x04, 0xfc, 0xfc, 0xfc, 0x05, 0x04, 0xfc, 0xfc, 0xfc, 0x06, 0x04,
  0xfc, 0xfc, 0xfc, 0x07, 0x04, 0xa4, 0x00, 0x00, 0x08, 0x04, 0xa4, 0x00, 0x00, 0x09, 0x04, 0xa4,
  0x00, 0x00, 0x0a, 0x04, 0xfc, 0x74, 0x60, 0x0b, 0x04, 0xfc, 0x74, 0x60, 0x0c, 0x04, 0xa4, 0x00,
  0x00, 0x01, 0x05, 0xfc, 0xfc, 0xfc, 0x02, 0x05, 0xfc, 0xfc, 0xfc, 0x03, 0x05, 0xfc, 0xfc, 0xfc,
  0x04, 0x05, 0xa4, 0x00, 0x00, 0x05, 0x05, 0xa4, 0x00, 0x00, 0x06, 0x05, 0xa4, 0x00, 0x00, 0x07,
  0x05, 0xa4, 0x00, 0x00, 0x08, 0x05, 0xfc, 0x74, 0x60, 0x09, 0x05, 0xfc, 0x74, 0x60, 0x0a, 0x05,
  0xfc, 0x74, 0x60, 0x0b, 0x05, 0xfc, 0x74, 0x60, 0x0c, 0x05, 0xfc, 0x74, 0x60, 0x0d, 0x05, 0xa4,
  0x00, 0x00, 0x01, 0x06, 0xfc, 0xfc, 0xfc, 0x02, 0x06, 0xa4, 0x00, 0x00, 0x03, 0x06, 0xa4, 0x00,
  0x00, 0x04, 0x06, 0xa4, 0x00, 0x00, 0x05, 0x06, 0xa4, 0x00, 0x00, 0x06, 0x06, 0xa4, 0x00, 0x00,
  0x07, 0x06, 0xfc, 0x74, 0x60, 0x08, 0x06, 0xa4, 0x00, 0x00, 0x09, 0x06, 0xa4, 0x00, 0x00, 0x0a,
  0x06, 0xfc, 0x74, 0x60, 0x0b, 0x06, 0xfc, 0x74, 0x60, 0x0c, 0x06, 0xa4, 0x00, 0x00, 0x0d, 0x06,
  0xa4, 0x00, 0x00, 0x01, 0x07, 0xa4, 0x00, 0x00, 0x02, 0x07, 0xa4, 0x00, 0x00, 0x03, 0x07, 0xa4,
  0x00, 0x00, 0x04, 0x07, 0xa4, 0x00, 0x00, 0x05, 0x07, 0xa4, 0x00, 0x00, 0x06, 0x07, 0xfc, 0x74,
  0x60, 0x07, 0x07, 0xa4, 0x00, 0x00, 0x08, 0x07, 0xfc, 0x74, 0x60, 0x09, 0x07, 0xfc, 0x74, 0x60,
  0x0a, 0x07, 0xfc, 0x74, 0x60, 0x0b, 0x07, 0xfc, 0x74, 0x60, 0x0c, 0x07, 0xfc, 0x74, 0x60, 0x0d,
  0x07, 0xfc, 0x74, 0x60, 0x01, 0x08, 0xa4, 0x00, 0x00, 0x02, 0x08, 0xa4, 0x00, 0x00, 0x03, 0x08,
  0xa4, 0x00, 0x00, 0x04, 0x08, 0xa4, 0x00, 0x00, 0x05, 0x08, 0xa4, 0x00, 0x00, 0x06, 0x08, 0xfc,
  0x74, 0x60, 0x07, 0x08, 0xfc, 0x74, 0x60, 0x08, 0x08, 0xfc, 0x74, 0x60, 0x09, 0x08, 0xfc, 0xfc,
  0xfc, 0x0a, 0x08, 0xfc, 0x74, 0x60, 0x0b, 0x08, 0xfc, 0x74, 0x60, 0x0c, 0x08, 0xfc, 0xfc, 0xfc,
  0x0d, 0x08, 0xfc, 0x74, 0x60, 0x00, 0x09, 0xa4, 0x00, 0x00, 0x01, 0x09, 0xa4, 0x00, 0x00, 0x02,
  0x09, 0xa4, 0x00, 0x00, 0x03, 0x09, 0xa4, 0x00, 0x00, 0x04, 0x09, 0xa4, 0x00, 0x00, 0x05, 0x09,
  0xfc, 0x74, 0x60, 0x06, 0x09, 0xfc, 0x74, 0x60, 0x07, 0x09, 0xfc, 0x74, 0x60, 0x08, 0x09, 0xfc,
  0xfc, 0xfc, 0x09, 0x09, 0xa4, 0x00, 0x00, 0x0a, 0x09, 0xfc, 0x74, 0x60, 0x0b, 0x09, 0xfc, 0xfc,
  0xfc, 0x0c, 0x09, 0xa4, 0x00, 0x00, 0x0d, 0x09, 0xfc, 0x74, 0x60, 0x00, 0x0a, 0xa4, 0x00, 0x00,
  0x01, 0x0a, 0xa4, 0x00, 0x00, 0x02, 0x0a, 0xa4, 0x00, 0x00, 0x03, 0x0a, 0xfc, 0x74, 0x60, 0x04,
  0x0a, 0xa4, 0x00, 0x00, 0x05, 0x0a, 0xfc, 0x74, 0x60, 0x06, 0x0a, 0xfc, 0x74, 0x60, 0x07, 0x0a,
  0xfc, 0x74, 0x60, 0x08, 0x0a, 0xfc, 0x74, 0x60, 0x09, 0x0a, 0xfc, 0xfc, 0xfc, 0x0a, 0x0a, 0xfc,
  0x74, 0x60, 0x0b, 0x0a, 0xfc, 0x74, 0x60, 0x0c, 0x0a, 0xfc, 0xfc, 0xfc, 0x0d, 0x0a, 0xfc, 0x74,
  0x60, 0x0e, 0x0a, 0xfc, 0x74, 0x60, 0x01, 0x0b, 0xa4, 0x00, 0x00, 0x02, 0x0b, 0xa4, 0x00, 0x00,
  0x03, 0x0b, 0xfc, 0x74, 0x60, 0x04, 0x0b, 0xa4, 0x00, 0x00, 0x05, 0x0b, 0xfc, 0x74, 0x60, 0x06,
  0x0b, 0xfc, 0x74, 0x60, 0x07, 0x0b, 0xfc, 0x74, 0x60, 0x08, 0x0b, 0xfc, 0x74, 0x60, 0x09, 0x0b,
  0xfc, 0x74, 0x60, 0x0a, 0x0b, 0xa4, 0x00, 0x00, 0x0b, 0x0b, 0xa4, 0x00, 0x00, 0x0c, 0x0b, 0xfc,
  0x74, 0x60, 0x0d, 0x0b, 0xfc, 0x74, 0x60, 0x0e, 0x0b, 0xfc, 0x74, 0x60, 0x00, 0x0c, 0xa4, 0x00,
  0x00, 0x01, 0x0c, 0xa4, 0x00, 0x00, 0x02, 0x0c, 0xa4, 0x00, 0x00, 0x03, 0x0c, 0xfc, 0x74, 0x60,
  0x04, 0x0c, 0xfc, 0x74, 0x60, 0x05, 0x0c, 0xfc, 0x74, 0x60, 0x06, 0x0c, 0xfc, 0x74, 0x60, 0x07,
  0x0c, 0xfc, 0x74, 0x60, 0x08, 0x0c, 0xa4, 0x00, 0x00, 0x09, 0x0c, 0xa4, 0x00, 0x00, 0x0a, 0x0c,
  0xfc, 0x74, 0x60, 0x0b, 0x0c, 0xfc, 0x74, 0x60, 0x0c, 0x0c, 0xa4, 0x00, 0x00, 0x0d, 0x0c, 0xfc,
  0x74, 0x60, 0x0e, 0x0c, 0xfc, 0x74, 0x60, 0x00, 0x0d, 0xa4, 0x00, 0x00, 0x01, 0x0d, 0xa4, 0x00,
  0x00, 0x02, 0x0d, 0xa4, 0x00, 0x00, 0x03, 0x0d, 0xa4, 0x00, 0x00, 0x04, 0x0d, 0xfc, 0x74, 0x60,
  0x05, 0x0d, 0xfc, 0x74, 0x60, 0x06, 0x0d, 0xfc, 0x74, 0x60, 0x07, 0x0d, 0xfc, 0x74, 0x60, 0x08,
  0x0d, 0xfc, 0x74, 0x60, 0x09, 0x0d, 0xfc, 0x74, 0x60, 0x0a, 0x0d, 0xfc, 0x74, 0x60, 0x0b, 0x0d,
  0xfc, 0x74, 0x60, 0x0c, 0x0d, 0xa4, 0x00, 0x00, 0x0d, 0x0d, 0xfc, 0x74, 0x60, 0x0e, 0x0d, 0xfc,
  0x74, 0x60, 0x01, 0x0e, 0xa4, 0x00, 0x00, 0x02, 0x0e, 0xa4, 0x00, 0x00, 0x03, 0x0e, 0xa4, 0x00,
  0x00, 0x04, 0x0e, 0xa4, 0x00, 0x00, 0x05, 0x0e, 0xfc, 0x74, 0x60, 0x06, 0x0e, 0xfc, 0x74, 0x60,
  0x07, 0x0e, 0xfc, 0x74, 0x60, 0x08, 0x0e, 0xfc, 0x74, 0x60, 0x09, 0x0e, 0xfc, 0x74, 0x60, 0x0a,
  0x0e, 0xfc, 0x74, 0x60, 0x0b, 0x0e, 0xa4, 0x00, 0x00, 0x0c, 0x0e, 0xfc, 0x74, 0x60, 0x0d, 0x0e,
  0xfc, 0x74, 0x60, 0x02, 0x0f, 0xa4, 0x00, 0x00, 0x03, 0x0f, 0xa4, 0x00, 0x00, 0x04, 0x0f, 0xa4,
  0x00, 0x00, 0x05, 0x0f, 0xa4, 0x00, 0x00, 0x06, 0x0f, 0xfc, 0x74, 0x60, 0x07, 0x0f, 0xfc, 0x74,
  0x60, 0x08, 0x0f, 0xfc, 0x74, 0x60, 0x09, 0x0f, 0xfc, 0x74, 0x60, 0x0a, 0x0f, 0xfc, 0x74, 0x60,
  0x0b, 0x0f, 0xfc, 0x74, 0x60, 0x0c, 0x0f, 0xfc, 0x74, 0x60, 0x04, 0x10, 0xfc, 0x74, 0x60, 0x05,
  0x10, 0xfc, 0x74, 0x60, 0x06, 0x10, 0xfc, 0x74, 0x60, 0x07, 0x10, 0xfc, 0x74, 0x60, 0x08, 0x10,
  0xfc, 0x74, 0x60, 0x09, 0x10, 0xfc, 0x74, 0x60, 0x0a, 0x10, 0xfc, 0x74, 0x60, 0x0b, 0x10, 0xfc,
  0x74, 0x60, 0x0c, 0x10, 0xfc, 0x74, 0x60, 0x02, 0x11, 0xfc, 0x74, 0x60, 0x03, 0x11, 0xfc, 0x74,
  0x60, 0x04, 0x11, 0xfc, 0x74, 0x60, 0x05, 0x11, 0xfc, 0x74, 0x60, 0x06, 0x11, 0xfc, 0x74, 0x60,
  0x07, 0x11, 0xfc, 0x74, 0x60, 0x08, 0x11, 0xfc, 0x74, 0x60, 0x09, 0x11, 0xfc, 0x74, 0x60, 0x0a,
  0x11, 0xfc, 0x74, 0x60, 0x0b, 0x11, 0xfc, 0x74, 0x60, 0x0c, 0x11, 0xfc, 0x74, 0x60, 0x0d, 0x11,
  0xfc, 0x74, 0x60, 0x01, 0x12, 0xfc, 0x74, 0x60, 0x02, 0x12, 0xfc, 0x74, 0x60, 0x03, 0x12, 0xfc,
  0x74, 0x60, 0x04, 0x12, 0xfc, 0x74, 0x60, 0x05, 0x12, 0xfc, 0x74, 0x60, 0x06, 0x12, 0xfc, 0x74,
  0x60, 0x07, 0x12, 0xfc, 0x74, 0x60, 0x08, 0x12, 0xfc, 0x74, 0x60, 0x09, 0x12, 0xfc, 0x74, 0x60,
  0x0a, 0x12, 0xfc, 0x74, 0x60, 0x0b, 0x12, 0xfc, 0x74, 0x60, 0x0c, 0x12, 0xfc, 0x74, 0x60, 0x0d,
  0x12, 0xfc, 0x74, 0x60, 0x01, 0x13, 0xfc, 0x74, 0x60, 0x02, 0x13, 0xfc, 0x74, 0x60, 0x03, 0x13,
  0xfc, 0x74, 0x60, 0x04, 0x13, 0xfc, 0x74, 0x60, 0x05, 0x13, 0xfc, 0x74, 0x60, 0x06, 0x13, 0x00,
  0x94, 0x00, 0x07, 0x13, 0x00, 0x94, 0x00, 0x08, 0x13, 0xfc, 0x74, 0x60, 0x09, 0x13, 0xfc, 0x74,
  0x60, 0x0a, 0x13, 0xfc, 0x74, 0x60, 0x0b, 0x13, 0xfc, 0x74, 0x60, 0x0c, 0x13, 0xfc, 0x74, 0x60,
  0x0d, 0x13, 0xfc, 0x74, 0x60, 0x0e, 0x13, 0x00, 0x94, 0x00, 0x0f, 0x13, 0x00, 0x94, 0x00, 0x01,
  0x14, 0xfc, 0x74, 0x60, 0x02, 0x14, 0xfc, 0x74, 0x60, 0x03, 0x14, 0xfc, 0x74, 0x60, 0x04, 0x14,
  0xfc, 0x74, 0x60, 0x05, 0x14, 0xfc, 0x74, 0x60, 0x06, 0x14, 0xfc, 0x74, 0x60, 0x07, 0x14, 0xfc,
  0x74, 0x60, 0x08, 0x14, 0x00, 0x94, 0x00, 0x09, 0x14, 0xfc, 0x74, 0x60, 0x0a, 0x14, 0xfc, 0x74,
  0x60, 0x0b, 0x14, 0xfc, 0x74, 0x60, 0x0c, 0x14, 0xfc, 0x74, 0x60, 0x0d, 0x14, 0xfc, 0x74, 0x60,
  0x0e, 0x14, 0x00, 0x94, 0x00, 0x0f, 0x14, 0xfc, 0x74, 0x60, 0x02, 0x15, 0xfc, 0x74, 0x60, 0x03,
  0x15, 0xfc, 0x74, 0x60, 0x04, 0x15, 0xfc, 0x74, 0x60, 0x05, 0x15, 0xfc, 0x74, 0x60, 0x06, 0x15,
  0xfc, 0x74, 0x60, 0x07, 0x15, 0xfc, 0x74, 0x60, 0x08, 0x15, 0x00, 0x94, 0x00, 0x09, 0x15, 0xfc,
  0x74, 0x60, 0x0a, 0x15, 0xfc, 0x74, 0x60, 0x0b, 0x15, 0xfc, 0x74, 0x60, 0x0c, 0x15, 0xfc, 0x74,
  0x60, 0x0d, 0x15, 0xfc, 0x74, 0x60, 0x0e, 0x15, 0x00, 0x94, 0x00, 0x0f, 0x15, 0xfc, 0x74, 0x60,
  0x02, 0x16, 0x00, 0x94, 0x00, 0x03, 0x16, 0x00, 0x94, 0x00, 0x04, 0x16, 0xfc, 0x74, 0x60, 0x05,
  0x16, 0xfc, 0x74, 0x60, 0x06, 0x16, 0xfc, 0x74, 0x60, 0x07, 0x16, 0xfc, 0x74, 0x60, 0x08, 0x16,
  0x00, 0x94, 0x00, 0x09, 0x16, 0xfc, 0x74, 0x60, 0x0a, 0x16, 0xfc, 0x74, 0x60, 0x0b, 0x16, 0xfc,
  0x74, 0x60, 0x0c, 0x16, 0xfc, 0x74, 0x60, 0x0d, 0x16, 0x00, 0x94, 0x00, 0x01, 0x17, 0x00, 0x94,
  0x00, 0x02, 0x17, 0x00, 0x94, 0x00, 0x03, 0x17, 0x00, 0x94, 0x00, 0x04, 0x17, 0x00, 0x94, 0x00,
  0x05, 0x17, 0x00, 0x94, 0x00, 0x06, 0x17, 0x00, 0x94, 0x00, 0x07, 0x17, 0x00, 0x94, 0x00, 0x08,
  0x17, 0xfc, 0x74, 0x60, 0x09, 0x17, 0xfc, 0x74, 0x60, 0x0a, 0x17, 0xfc, 0x74, 0x60, 0x0b, 0x17,
  0xfc, 0x74, 0x60, 0x0c, 0x17, 0x00, 0x94, 0x00, 0x0d, 0x17, 0x00, 0x94, 0x00, 0x02, 0x18, 0xfc,
  0x74, 0x60, 0x03, 0x18, 0x00, 0x94, 0x00, 0x04, 0x18, 0x00, 0x94, 0x00, 0x05, 0x18, 0x00, 0x94,
  0x00, 0x06, 0x18, 0x00, 0x94, 0x00, 0x07, 0x18, 0x00, 0x94, 0x00, 0x08, 0x18, 0x00, 0x94, 0x00,
  0x09, 0x18, 0x00, 0x94, 0x00, 0x0a, 0x18, 0x00, 0x94, 0x00, 0x0b, 0x18, 0x00, 0x94, 0x00, 0x0c,
  0x18, 0xfc, 0x74, 0x60, 0x0d, 0x18, 0xfc, 0x74, 0x60, 0x0e, 0x18, 0xfc, 0x74, 0x60, 0x0f, 0x18,
  0xfc, 0x74, 0x60, 0x01, 0x19, 0xfc, 0x74, 0x60, 0x02, 0x19, 0xfc, 0x74, 0x60, 0x03, 0x19, 0x00,
  0x94, 0x00, 0x04, 0x19, 0x00, 0x94, 0x00, 0x05, 0x19, 0x00, 0x94, 0x00, 0x06, 0x19, 0x00, 0x94,
  0x00, 0x07, 0x19, 0x00, 0x94, 0x00, 0x08, 0x19, 0x00, 0x94, 0x00, 0x09, 0x19, 0x00, 0x94, 0x00,
  0x0a, 0x19, 0x00, 0x94, 0x00, 0x0b, 0x19, 0xfc, 0x74, 0x60, 0x0c, 0x19, 0xfc, 0x74, 0x60, 0x0d,
  0x19, 0xfc, 0x74, 0x60, 0x0e, 0x19, 0xfc, 0x74, 0x60, 0x0f, 0x19, 0xfc, 0x74, 0x60, 0x10, 0x19,
  0xfc, 0x74, 0x60, 0x12, 0x19, 0xfc, 0x74, 0x60, 0x13, 0x19, 0xfc, 0x74, 0x60, 0x01, 0x1a, 0xfc,
  0x74, 0x60, 0x02, 0x1a, 0xfc, 0x74, 0x60, 0x03, 0x1a, 0x00, 0x94, 0x00, 0x04, 0x1a, 0x00, 0x94,
  0x00, 0x05, 0x1a, 0xfc, 0x74, 0x60, 0x06, 0x1a, 0xfc, 0x74, 0x60, 0x07, 0x1a, 0xfc, 0x74, 0x60,
  0x08, 0x1a, 0x00, 0x94, 0x00, 0x09, 0x1a, 0x00, 0x94, 0x00, 0x0a, 0x1a, 0xfc, 0x74, 0x60, 0x0b,
  0x1a, 0xfc, 0x74, 0x60, 0x0c, 0x1a, 0xfc, 0x74, 0x60, 0x0d, 0x1a, 0xfc, 0x74, 0x60, 0x0e, 0x1a,
  0xfc, 0x74, 0x60, 0x0f, 0x1a, 0xfc, 0x74, 0x60, 0x10, 0x1a, 0xfc, 0x74, 0x60, 0x11, 0x1a, 0xfc,
  0x74, 0x60, 0x12, 0x1a, 0xfc, 0x74, 0x60, 0x13, 0x1a, 0xfc, 0x74, 0x60, 0x01, 0x1b, 0xfc, 0x74,
  0x60, 0x02, 0x1b, 0xfc, 0x74, 0x60, 0x03, 0x1b, 0xfc, 0x74, 0x60, 0x04, 0x1b, 0xfc, 0x74, 0x60,
  0x05, 0x1b, 0xfc, 0x74, 0x60, 0x06, 0x1b, 0xfc, 0x74, 0x60, 0x0c, 0x1b, 0xfc, 0x74, 0x60, 0x0d,
  0x1b, 0xfc, 0x74, 0x60, 0x0e, 0x1b, 0xfc, 0x74, 0x60, 0x0f, 0x1b, 0xfc, 0x74, 0x60, 0x10, 0x1b,
  0xfc, 0x74, 0x60, 0x11, 0x1b, 0xfc, 0x74, 0x60, 0x12, 0x1b, 0xfc, 0x74, 0x60, 0x13, 0x1b, 0xfc,
  0x74, 0x60, 0x01, 0x1c, 0xfc, 0x74, 0x60, 0x02, 0x1c, 0xfc, 0x74, 0x60, 0x03, 0x1c, 0xfc, 0x74,
  0x60, 0x04, 0x1c, 0xfc, 0x74, 0x60, 0x0e, 0x1c, 0xfc, 0x74, 0x60, 0x0f, 0x1c, 0xfc, 0x74, 0x60,
  0x10, 0x1c, 0xfc, 0x74, 0x60, 0x11, 0x1c, 0xfc, 0x74, 0x60, 0x12, 0x1c, 0xfc, 0x74, 0x60, 0x02,
  0x1d, 0xfc, 0x74, 0x60, 0x0f, 0x1d, 0xfc, 0x74, 0x60, 0x10, 0x1d, 0xfc, 0x74, 0x60, 0x11, 0x1d,
  0xfc, 0x74, 0x60
};
static const AISprite kHiggins_throw_0 PROGMEM = {
  .w = 24, .h = 32, .pixelCount = 375,
  .pixels = kHiggins_throw_0Pixels, .fmt = 5,
};

// Higgins_throw_1 ("higgins.throw.1"): 24x32, 385 pixels, fmt=5
static const uint8_t kHiggins_throw_1Pixels[] PROGMEM = {
  0x05, 0x00, 0xfc, 0xfc, 0xfc, 0x06, 0x00, 0xfc, 0xfc, 0xfc, 0x07, 0x00, 0xfc, 0xfc, 0xfc, 0x03,
  0x01, 0xfc, 0xfc, 0xfc, 0x04, 0x01, 0xfc, 0xfc, 0xfc, 0x05, 0x01, 0xfc, 0xfc, 0xfc, 0x06, 0x01,
  0xfc, 0x74, 0x60, 0x07, 0x01, 0xfc, 0x74, 0x60, 0x08, 0x01, 0xfc, 0xfc, 0xfc, 0x0b, 0x01, 0xfc,
  0xfc, 0xfc, 0x0c, 0x01, 0xfc, 0xfc, 0xfc, 0x0d, 0x01, 0xfc, 0xfc, 0xfc, 0x02, 0x02, 0xfc, 0xfc,
  0xfc, 0x03, 0x02, 0xfc, 0xfc, 0xfc, 0x04, 0x02, 0xfc, 0xfc, 0xfc, 0x05, 0x02, 0xfc, 0x74, 0x60,
  0x06, 0x02, 0xfc, 0x74, 0x60, 0x07, 0x02, 0xfc, 0x74, 0x60, 0x08, 0x02, 0xfc, 0xfc, 0xfc, 0x09,
  0x02, 0xfc, 0xfc, 0xfc, 0x0a, 0x02, 0xfc, 0xfc, 0xfc, 0x0b, 0x02, 0xfc, 0xfc, 0xfc, 0x01, 0x03,
  0xfc, 0xfc, 0xfc, 0x02, 0x03, 0xfc, 0xfc, 0xfc, 0x03, 0x03, 0xfc, 0xfc, 0xfc, 0x04, 0x03, 0xfc,
  0xfc, 0xfc, 0x05, 0x03, 0xfc, 0xfc, 0xfc, 0x06, 0x03, 0xfc, 0xfc, 0xfc, 0x07, 0x03, 0xfc, 0xfc,
  0xfc, 0x08, 0x03, 0xfc, 0x74, 0x60, 0x09, 0x03, 0xa4, 0x00, 0x00, 0x0a, 0x03, 0xa4, 0x00, 0x00,
  0x0b, 0x03, 0xa4, 0x00, 0x00, 0x01, 0x04, 0xfc, 0xfc, 0xfc, 0x02, 0x04, 0xfc, 0xfc, 0xfc, 0x03,
  0x04, 0xfc, 0xfc, 0xfc, 0x04, 0x04, 0xfc, 0xfc, 0xfc, 0x05, 0x04, 0xfc, 0xfc, 0xfc, 0x06, 0x04,
  0xfc, 0xfc, 0xfc, 0x07, 0x04, 0xa4, 0x00, 0x00, 0x08, 0x04, 0xa4, 0x00, 0x00, 0x09, 0x04, 0xa4,
  0x00, 0x00, 0x0a, 0x04, 0xfc, 0x74, 0x60, 0x0b, 0x04, 0xfc, 0x74, 0x60, 0x0c, 0x04, 0xa4, 0x00,
  0x00, 0x01, 0x05, 0xfc, 0xfc, 0xfc, 0x02, 0x05, 0xfc, 0xfc, 0xfc, 0x03, 0x05, 0xfc, 0xfc, 0xfc,
  0x04, 0x05, 0xa4, 0x00, 0x00, 0x05, 0x05, 0xa4, 0x00, 0x00, 0x06, 0x05, 0xa4, 0x00, 0x00, 0x07,
  0x05, 0xa4, 0x00, 0x00, 0x08, 0x05, 0xfc, 0x74, 0x60, 0x09, 0x05, 0xfc, 0x74, 0x60, 0x0a, 0x05,
  0xfc, 0x74, 0x60, 0x0b, 0x05, 0xfc, 0x74, 0x60, 0x0c, 0x05, 0xfc, 0x74, 0x60, 0x0d, 0x05, 0xa4,
  0x00, 0x00, 0x01, 0x06, 0xfc, 0xfc, 0xfc, 0x02, 0x06, 0xa4, 0x00, 0x00, 0x03, 0x06, 0xa4, 0x00,
  0x00, 0x04, 0x06, 0xa4, 0x00, 0x00, 0x05, 0x06, 0xa4, 0x00, 0x00, 0x06, 0x06, 0xa4, 0x00, 0x00,
  0x07, 0x06, 0xfc, 0x74, 0x60, 0x08, 0x06, 0xa4, 0x00, 0x00, 0x09, 0x06, 0xa4, 0x00, 0x00, 0x0a,
  0x06, 0xfc, 0x74, 0x60, 0x0b, 0x06, 0xfc, 0x74, 0x60, 0x0c, 0x06, 0xa4, 0x00, 0x00, 0x0d, 0x06,
  0xa4, 0x00, 0x00, 0x01, 0x07, 0xa4, 0x00, 0x00, 0x02, 0x07, 0xa4, 0x00, 0x00, 0x03, 0x07, 0xa4,
  0x00, 0x00, 0x04, 0x07, 0xa4, 0x00, 0x00, 0x05, 0x07, 0xa4, 0x00, 0x00, 0x06, 0x07, 0xfc, 0x74,
  0x60, 0x07, 0x07, 0xa4, 0x00, 0x00, 0x08, 0x07, 0xfc, 0x74, 0x60, 0x09, 0x07, 0xfc, 0x74, 0x60,
  0x0a, 0x07, 0xfc, 0x74, 0x60, 0x0b, 0x07, 0xfc, 0x74, 0x60, 0x0c, 0x07, 0xfc, 0x74, 0x60, 0x0d,
  0x07, 0xfc, 0x74, 0x60, 0x01, 0x08, 0xa4, 0x00, 0x00, 0x02, 0x08, 0xa4, 0x00, 0x00, 0x03, 0x08,
  0xa4, 0x00, 0x00, 0x04, 0x08, 0xa4, 0x00, 0x00, 0x05, 0x08, 0xa4, 0x00, 0x00, 0x06, 0x08, 0xfc,
  0x74, 0x60, 0x07, 0x08, 0xfc, 0x74, 0x60, 0x08, 0x08, 0xfc, 0x74, 0x60, 0x09, 0x08, 0xfc, 0xfc,
  0xfc, 0x0a, 0x08, 0xfc, 0x74, 0x60, 0x0b, 0x08, 0xfc, 0x74, 0x60, 0x0c, 0x08, 0xfc, 0xfc, 0xfc,
  0x0d, 0x08, 0xfc, 0x74, 0x60, 0x00, 0x09, 0xa4, 0x00, 0x00, 0x01, 0x09, 0xa4, 0x00, 0x00, 0x02,
  0x09, 0xa4, 0x00, 0x00, 0x03, 0x09, 0xa4, 0x00, 0x00, 0x04, 0x09, 0xa4, 0x00, 0x00, 0x05, 0x09,
  0xfc, 0x74, 0x60, 0x06, 0x09, 0xfc, 0x74, 0x60, 0x07, 0x09, 0xfc, 0x74, 0x60, 0x08, 0x09, 0xfc,
  0xfc, 0xfc, 0x09, 0x09, 0xa4, 0x00, 0x00, 0x0a, 0x09, 0xfc, 0x74, 0x60, 0x0b, 0x09, 0xfc, 0xfc,
  0xfc, 0x0c, 0x09, 0xa4, 0x00, 0x00, 0x0d, 0x09, 0xfc, 0x74, 0x60, 0x00, 0x0a, 0xa4, 0x00, 0x00,
  0x01, 0x0a, 0xa4, 0x00, 0x00, 0x02, 0x0a, 0xa4, 0x00, 0x00, 0x03, 0x0a, 0xfc, 0x74, 0x60, 0x04,
  0x0a, 0xa4, 0x00, 0x00, 0x05, 0x0a, 0xfc, 0x74, 0x60, 0x06, 0x0a, 0xfc, 0x74, 0x60, 0x07, 0x0a,
  0xfc, 0x74, 0x60, 0x08, 0x0a, 0xfc, 0x74, 0x60, 0x09, 0x0a, 0xfc, 0xfc, 0xfc, 0x0a, 0x0a, 0xfc,
  0x74, 0x60, 0x0b, 0x0a, 0xfc, 0x74, 0x60, 0x0c, 0x0a, 0xfc, 0xfc, 0xfc, 0x0d, 0x0a, 0xfc, 0x74,
  0x60, 0x0e, 0x0a, 0xfc, 0x74, 0x60, 0x01, 0x0b, 0xa4, 0x00, 0x00, 0x02, 0x0b, 0xa4, 0x00, 0x00,
  0x03, 0x0b, 0xfc, 0x74, 0x60, 0x04, 0x0b, 0xa4, 0x00, 0x00, 0x05, 0x0b, 0xfc, 0x74, 0x60, 0x06,
  0x0b, 0xfc, 0x74, 0x60, 0x07, 0x0b, 0xfc, 0x74, 0x60, 0x08, 0x0b, 0xfc, 0x74, 0x60, 0x09, 0x0b,
  0xfc, 0x74, 0x60, 0x0a, 0x0b, 0xa4, 0x00, 0x00, 0x0b, 0x0b, 0xa4, 0x00, 0x00, 0x0c, 0x0b, 0xfc,
  0x74, 0x60, 0x0d, 0x0b, 0xfc, 0x74, 0x60, 0x0e, 0x0b, 0xfc, 0x74, 0x60, 0x00, 0x0c, 0xa4, 0x00,
  0x00, 0x01, 0x0c, 0xa4, 0x00, 0x00, 0x02, 0x0c, 0xa4, 0x00, 0x00, 0x03, 0x0c, 0xfc, 0x74, 0x60,
  0x04, 0x0c, 0xfc, 0x74, 0x60, 0x05, 0x0c, 0xfc, 0x74, 0x60, 0x06, 0x0c, 0xfc, 0x74, 0x60, 0x07,
  0x0c, 0xfc, 0x74, 0x60, 0x08, 0x0c, 0xa4, 0x00, 0x00, 0x09, 0x0c, 0xa4, 0x00, 0x00, 0x0a, 0x0c,
  0xfc, 0x74, 0x60, 0x0b, 0x0c, 0xfc, 0x74, 0x60, 0x0c, 0x0c, 0xa4, 0x00, 0x00, 0x0d, 0x0c, 0xfc,
  0x74, 0x60, 0x0e, 0x0c, 0xfc, 0x74, 0x60, 0x00, 0x0d, 0xa4, 0x00, 0x00, 0x01, 0x0d, 0xa4, 0x00,
  0x00, 0x02, 0x0d, 0xa4, 0x00, 0x00, 0x03, 0x0d, 0xa4, 0x00, 0x00, 0x04, 0x0d, 0xfc, 0x74, 0x60,
  0x05, 0x0d, 0xfc, 0x74, 0x60, 0x06, 0x0d, 0xfc, 0x74, 0x60, 0x07, 0x0d, 0xfc, 0x74, 0x60, 0x08,
  0x0d, 0xfc, 0x74, 0x60, 0x09, 0x0d, 0xfc, 0x74, 0x60, 0x0a, 0x0d, 0xfc, 0x74, 0x60, 0x0b, 0x0d,
  0xfc, 0x74, 0x60, 0x0c, 0x0d, 0xa4, 0x00, 0x00, 0x0d, 0x0d, 0xfc, 0x74, 0x60, 0x0e, 0x0d, 0xfc,
  0x74, 0x60, 0x01, 0x0e, 0xa4, 0x00, 0x00, 0x02, 0x0e, 0xa4, 0x00, 0x00, 0x03, 0x0e, 0xa4, 0x00,
  0x00, 0x04, 0x0e, 0xa4, 0x00, 0x00, 0x05, 0x0e, 0xfc, 0x74, 0x60, 0x06, 0x0e, 0xfc, 0x74, 0x60,
  0x07, 0x0e, 0xfc, 0x74, 0x60, 0x08, 0x0e, 0xfc, 0x74, 0x60, 0x09, 0x0e, 0xfc, 0x74, 0x60, 0x0a,
  0x0e, 0xfc, 0x74, 0x60, 0x0b, 0x0e, 0xa4, 0x00, 0x00, 0x0c, 0x0e, 0xfc, 0x74, 0x60, 0x0d, 0x0e,
  0xfc, 0x74, 0x60, 0x02, 0x0f, 0xa4, 0x00, 0x00, 0x03, 0x0f, 0xa4, 0x00, 0x00, 0x04, 0x0f, 0xa4,
  0x00, 0x00, 0x05, 0x0f, 0xa4, 0x00, 0x00, 0x06, 0x0f, 0xfc, 0x74, 0x60, 0x07, 0x0f, 0xfc, 0x74,
  0x60, 0x08, 0x0f, 0xfc, 0x74, 0x60, 0x09, 0x0f, 0xfc, 0x74, 0x60, 0x0a, 0x0f, 0xfc, 0x74, 0x60,
  0x0b, 0x0f, 0xfc, 0x74, 0x60, 0x0c, 0x0f, 0xfc, 0x74, 0x60, 0x03, 0x10, 0xfc, 0x74, 0x60, 0x04,
  0x10, 0xfc, 0x74, 0x60, 0x05, 0x10, 0xfc, 0x74, 0x60, 0x06, 0x10, 0xfc, 0x74, 0x60, 0x07, 0x10,
  0xfc, 0x74, 0x60, 0x08, 0x10, 0xfc, 0x74, 0x60, 0x09, 0x10, 0xfc, 0x74, 0x60, 0x0a, 0x10, 0xfc,
  0x74, 0x60, 0x0b, 0x10, 0xfc, 0x74, 0x60, 0x01, 0x11, 0xfc, 0x74, 0x60, 0x02, 0x11, 0xfc, 0x74,
  0x60, 0x03, 0x11, 0xfc, 0x74, 0x60, 0x04, 0x11, 0xfc, 0x74, 0x60, 0x05, 0x11, 0xfc, 0x74, 0x60,
  0x06, 0x11, 0xfc, 0x74, 0x60, 0x07, 0x11, 0xfc, 0x74, 0x60, 0x08, 0x11, 0xfc, 0x74, 0x60, 0x09,
  0x11, 0xfc, 0x74, 0x60, 0x0a, 0x11, 0xfc, 0x74, 0x60, 0x0b, 0x11, 0xfc, 0x74, 0x60, 0x0c, 0x11,
  0xfc, 0x74, 0x60, 0x00, 0x12, 0xfc, 0x74, 0x60, 0x01, 0x12, 0xfc, 0x74, 0x60, 0x02, 0x12, 0xfc,
  0x74, 0x60, 0x03, 0x12, 0xfc, 0x74, 0x60, 0x04, 0x12, 0xfc, 0x74, 0x60, 0x05, 0x12, 0xfc, 0x74,
  0x60, 0x06, 0x12, 0xfc, 0x74, 0x60, 0x07, 0x12, 0xfc, 0x74, 0x60, 0x08, 0x12, 0xfc, 0x74, 0x60,
  0x09, 0x12, 0xfc, 0x74, 0x60, 0x0a, 0x12, 0xfc, 0x74, 0x60, 0x0b, 0x12, 0xfc, 0x74, 0x60, 0x0c,
  0x12, 0xfc, 0x74, 0x60, 0x00, 0x13, 0xfc, 0x74, 0x60, 0x01, 0x13, 0xfc, 0x74, 0x60, 0x02, 0x13,
  0xfc, 0x74, 0x60, 0x03, 0x13, 0xfc, 0x74, 0x60, 0x04, 0x13, 0xfc, 0x74, 0x60, 0x05, 0x13, 0x00,
  0x94, 0x00, 0x06, 0x13, 0x00, 0x94, 0x00, 0x07, 0x13, 0xfc, 0x74, 0x60, 0x08, 0x13, 0xfc, 0x74,
  0x60, 0x09, 0x13, 0xfc, 0x74, 0x60, 0x0a, 0x13, 0xfc, 0x74, 0x60, 0x0b, 0x13, 0xfc, 0x74, 0x60,
  0x0c, 0x13, 0xfc, 0x74, 0x60, 0x0d, 0x13, 0xfc, 0x74, 0x60, 0x0e, 0x13, 0x00, 0x94, 0x00, 0x0f,
  0x13, 0xfc, 0x74, 0x60, 0x00, 0x14, 0xfc, 0x74, 0x60, 0x01, 0x14, 0xfc, 0x74, 0x60, 0x02, 0x14,
  0xfc, 0x74, 0x60, 0x03, 0x14, 0xfc, 0x74, 0x60, 0x04, 0x14, 0xfc, 0x74, 0x60, 0x05, 0x14, 0xfc,
  0x74, 0x60, 0x06, 0x14, 0xfc, 0x74, 0x60, 0x07, 0x14, 0x00, 0x94, 0x00, 0x08, 0x14, 0xfc, 0x74,
  0x60, 0x09, 0x14, 0xfc, 0x74, 0x60, 0x0a, 0x14, 0xfc, 0x74, 0x60, 0x0b, 0x14, 0xfc, 0x74, 0x60,
  0x0c, 0x14, 0xfc, 0x74, 0x60, 0x0d, 0x14, 0xfc, 0x74, 0x60, 0x0e, 0x14, 0x00, 0x94, 0x00, 0x0f,
  0x14, 0xfc, 0x74, 0x60, 0x01, 0x15, 0xfc, 0x74, 0x60, 0x02, 0x15, 0xfc, 0x74, 0x60, 0x03, 0x15,
  0xfc, 0x74, 0x60, 0x04, 0x15, 0xfc, 0x74, 0x60, 0x05, 0x15, 0xfc, 0x74, 0x60, 0x06, 0x15, 0xfc,
  0x74, 0x60, 0x07, 0x15, 0x00, 0x94, 0x00, 0x08, 0x15, 0xfc, 0x74, 0x60, 0x09, 0x15, 0xfc, 0x74,
  0x60, 0x0a, 0x15, 0xfc, 0x74, 0x60, 0x0b, 0x15, 0xfc, 0x74, 0x60, 0x0c, 0x15, 0xfc, 0x74, 0x60,
  0x0d, 0x15, 0xfc, 0x74, 0x60, 0x0e, 0x15, 0x00, 0x94, 0x00, 0x03, 0x16, 0xfc, 0x74, 0x60, 0x04,
  0x16, 0xfc, 0x74, 0x60, 0x05, 0x16, 0xfc, 0x74, 0x60, 0x06, 0x16, 0xfc, 0x74, 0x60, 0x07, 0x16,
  0x00, 0x94, 0x00, 0x08, 0x16, 0xfc, 0x74, 0x60, 0x09, 0x16, 0xfc, 0x74, 0x60, 0x0a, 0x16, 0xfc,
  0x74, 0x60, 0x0b, 0x16, 0xfc, 0x74, 0x60, 0x0c, 0x16, 0xfc, 0x74, 0x60, 0x0d, 0x16, 0xfc, 0x74,
  0x60, 0x02, 0x17, 0x00, 0x94, 0x00, 0x03, 0x17, 0x00, 0x94, 0x00, 0x04, 0x17, 0x00, 0x94, 0x00,
  0x05, 0x17, 0x00, 0x94, 0x00, 0x06, 0x17, 0x00, 0x94, 0x00, 0x07, 0x17, 0xfc, 0x74, 0x60, 0x08,
  0x17, 0xfc, 0x74, 0x60, 0x09, 0x17, 0xfc, 0x74, 0x60, 0x0a, 0x17, 0xfc, 0x74, 0x60, 0x0b, 0x17,
  0xfc, 0x74, 0x60, 0x0c, 0x17, 0xfc, 0x74, 0x60, 0x0d, 0x17, 0x00, 0x94, 0x00, 0x04, 0x18, 0x00,
  0x94, 0x00, 0x05, 0x18, 0x00, 0x94, 0x00, 0x06, 0x18, 0x00, 0x94, 0x00, 0x07, 0x18, 0x00, 0x94,
  0x00, 0x08, 0x18, 0x00, 0x94, 0x00, 0x09, 0x18, 0x00, 0x94, 0x00, 0x0a, 0x18, 0x00, 0x94, 0x00,
  0x0b, 0x18, 0x00, 0x94, 0x00, 0x0c, 0x18, 0xfc, 0x74, 0x60, 0x0d, 0x18, 0xfc, 0x74, 0x60, 0x02,
  0x19, 0x00, 0x94, 0x00, 0x03, 0x19, 0x00, 0x94, 0x00, 0x04, 0x19, 0x00, 0x94, 0x00, 0x05, 0x19,
  0x00, 0x94, 0x00, 0x06, 0x19, 0x00, 0x94, 0x00, 0x07, 0x19, 0x00, 0x94, 0x00, 0x08, 0x19, 0x00,
  0x94, 0x00, 0x09, 0x19, 0x00, 0x94, 0x00, 0x0a, 0x19, 0x00, 0x94, 0x00, 0x0b, 0x19, 0xfc, 0x74,
  0x60, 0x0c, 0x19, 0xfc, 0x74, 0x60, 0x0d, 0x19, 0xfc, 0x74, 0x60, 0x0e, 0x19, 0xfc, 0x74, 0x60,
  0x03, 0x1a, 0xfc, 0x74, 0x60, 0x04, 0x1a, 0xfc, 0x74, 0x60, 0x05, 0x1a, 0xfc, 0x74, 0x60, 0x06,
  0x1a, 0x00, 0x94, 0x00, 0x07, 0x1a, 0x00, 0x94, 0x00, 0x08, 0x1a, 0x00, 0x94, 0x00, 0x09, 0x1a,
  0x00, 0x94, 0x00, 0x0a, 0x1a, 0xfc, 0x74, 0x60, 0x0b, 0x1a, 0xfc, 0x74, 0x60, 0x0c, 0x1a, 0xfc,
  0x74, 0x60, 0x0d, 0x1a, 0xfc, 0x74, 0x60, 0x0e, 0x1a, 0xfc, 0x74, 0x60, 0x0f, 0x1a, 0xfc, 0x74,
  0x60, 0x02, 0x1b, 0xfc, 0x74, 0x60, 0x03, 0x1b, 0xfc, 0x74, 0x60, 0x04, 0x1b, 0xfc, 0x74, 0x60,
  0x05, 0x1b, 0xfc, 0x74, 0x60, 0x06, 0x1b, 0xfc, 0x74, 0x60, 0x07, 0x1b, 0xfc, 0x74, 0x60, 0x08,
  0x1b, 0x00, 0x94, 0x00, 0x09, 0x1b, 0x00, 0x94, 0x00, 0x0a, 0x1b, 0xfc, 0x74, 0x60, 0x0b, 0x1b,
  0xfc, 0x74, 0x60, 0x0c, 0x1b, 0xfc, 0x74, 0x60, 0x0d, 0x1b, 0xfc, 0x74, 0x60, 0x0e, 0x1b, 0xfc,
  0x74, 0x60, 0x0f, 0x1b, 0xfc, 0x74, 0x60, 0x12, 0x1b, 0xfc, 0x74, 0x60, 0x02, 0x1c, 0xfc, 0x74,
  0x60, 0x03, 0x1c, 0xfc, 0x74, 0x60, 0x04, 0x1c, 0xfc, 0x74, 0x60, 0x05, 0x1c, 0xfc, 0x74, 0x60,
  0x06, 0x1c, 0xfc, 0x74, 0x60, 0x0b, 0x1c, 0xfc, 0x74, 0x60, 0x0c, 0x1c, 0xfc, 0x74, 0x60, 0x0d,
  0x1c, 0xfc, 0x74, 0x60, 0x0e, 0x1c, 0xfc, 0x74, 0x60, 0x0f, 0x1c, 0xfc, 0x74, 0x60, 0x10, 0x1c,
  0xfc, 0x74, 0x60, 0x11, 0x1c, 0xfc, 0x74, 0x60, 0x12, 0x1c, 0xfc, 0x74, 0x60, 0x02, 0x1d, 0xfc,
  0x74, 0x60, 0x03, 0x1d, 0xfc, 0x74, 0x60, 0x04, 0x1d, 0xfc, 0x74, 0x60, 0x05, 0x1d, 0xfc, 0x74,
  0x60, 0x0c, 0x1d, 0xfc, 0x74, 0x60, 0x0d, 0x1d, 0xfc, 0x74, 0x60, 0x0e, 0x1d, 0xfc, 0x74, 0x60,
  0x0f, 0x1d, 0xfc, 0x74, 0x60, 0x10, 0x1d, 0xfc, 0x74, 0x60, 0x11, 0x1d, 0xfc, 0x74, 0x60, 0x12,
  0x1d, 0xfc, 0x74, 0x60, 0x02, 0x1e, 0xfc, 0x74, 0x60, 0x03, 0x1e, 0xfc, 0x74, 0x60, 0x04, 0x1e,
  0xfc, 0x74, 0x60, 0x0d, 0x1e, 0xfc, 0x74, 0x60, 0x0e, 0x1e, 0xfc, 0x74, 0x60, 0x0f, 0x1e, 0xfc,
  0x74, 0x60, 0x10, 0x1e, 0xfc, 0x74, 0x60, 0x11, 0x1e, 0xfc, 0x74, 0x60, 0x03, 0x1f, 0xfc, 0x74,
  0x60, 0x04, 0x1f, 0xfc, 0x74, 0x60, 0x0e, 0x1f, 0xfc, 0x74, 0x60, 0x0f, 0x1f, 0xfc, 0x74, 0x60,
  0x10, 0x1f, 0xfc, 0x74, 0x60
};
static const AISprite kHiggins_throw_1 PROGMEM = {
  .w = 24, .h = 32, .pixelCount = 385,
  .pixels = kHiggins_throw_1Pixels, .fmt = 5,
};

// Higgins_throw_2 ("higgins.throw.2"): 24x32, 375 pixels, fmt=5
static const uint8_t kHiggins_throw_2Pixels[] PROGMEM = {
  0x05, 0x00, 0xfc, 0xfc, 0xfc, 0x06, 0x00, 0xfc, 0xfc, 0xfc, 0x07, 0x00, 0xfc, 0xfc, 0xfc, 0x03,
  0x01, 0xfc, 0xfc, 0xfc, 0x04, 0x01, 0xfc, 0xfc, 0xfc, 0x05, 0x01, 0xfc, 0xfc, 0xfc, 0x06, 0x01,
  0xfc, 0x74, 0x60, 0x07, 0x01, 0xfc, 0x74, 0x60, 0x08, 0x01, 0xfc, 0xfc, 0xfc, 0x0b, 0x01, 0xfc,
  0xfc, 0xfc, 0x0c, 0x01, 0xfc, 0xfc, 0xfc, 0x0d, 0x01, 0xfc, 0xfc, 0xfc, 0x02, 0x02, 0xfc, 0xfc,
  0xfc, 0x03, 0x02, 0xfc, 0xfc, 0xfc, 0x04, 0x02, 0xfc, 0xfc, 0xfc, 0x05, 0x02, 0xfc, 0x74, 0x60,
  0x06, 0x02, 0xfc, 0x74, 0x60, 0x07, 0x02, 0xfc, 0x74, 0x60, 0x08, 0x02, 0xfc, 0xfc, 0xfc, 0x09,
  0x02, 0xfc, 0xfc, 0xfc, 0x0a, 0x02, 0xfc, 0xfc, 0xfc, 0x0b, 0x02, 0xfc, 0xfc, 0xfc, 0x01, 0x03,
  0xfc, 0xfc, 0xfc, 0x02, 0x03, 0xfc, 0xfc, 0xfc, 0x03, 0x03, 0xfc, 0xfc, 0xfc, 0x04, 0x03, 0xfc,
  0xfc, 0xfc, 0x05, 0x03, 0xfc, 0xfc, 0xfc, 0x06, 0x03, 0xfc, 0xfc, 0xfc, 0x07, 0x03, 0xfc, 0xfc,
  0xfc, 0x08, 0x03, 0xfc, 0x74, 0x60, 0x09, 0x03, 0xa4, 0x00, 0x00, 0x0a, 0x03, 0xa4, 0x00, 0x00,
  0x0b, 0x03, 0xa4, 0x00, 0x00, 0x01, 0x04, 0xfc, 0xfc, 0xfc, 0x02, 0x04, 0xfc, 0xfc, 0xfc, 0x03,
  0x04, 0xfc, 0xfc, 0xfc, 0x04, 0x04, 0xfc, 0xfc, 0xfc, 0x05, 0x04, 0xfc, 0xfc, 0xfc, 0x06, 0x04,
  0xfc, 0xfc, 0xfc, 0x07, 0x04, 0xa4, 0x00, 0x00, 0x08, 0x04, 0xa4, 0x00, 0x00, 0x09, 0x04, 0xa4,
  0x00, 0x00, 0x0a, 0x04, 0xfc, 0x74, 0x60, 0x0b, 0x04, 0xfc, 0x74, 0x60, 0x0c, 0x04, 0xa4, 0x00,
  0x00, 0x01, 0x05, 0xfc, 0xfc, 0xfc, 0x02, 0x05, 0xfc, 0xfc, 0xfc, 0x03, 0x05, 0xfc, 0xfc, 0xfc,
  0x04, 0x05, 0xa4, 0x00, 0x00, 0x05, 0x05, 0xa4, 0x00, 0x00, 0x06, 0x05, 0xa4, 0x00, 0x00, 0x07,
  0x05, 0xa4, 0x00, 0x00, 0x08, 0x05, 0xfc, 0x74, 0x60, 0x09, 0x05, 0xfc, 0x74, 0x60, 0x0a, 0x05,
  0xfc, 0x74, 0x60, 0x0b, 0x05, 0xfc, 0x74, 0x60, 0x0c, 0x05, 0xfc, 0x74, 0x60, 0x0d, 0x05, 0xa4,
  0x00, 0x00, 0x01, 0x06, 0xfc, 0xfc, 0xfc, 0x02, 0x06, 0xa4, 0x00, 0x00, 0x03, 0x06, 0xa4, 0x00,
  0x00, 0x04, 0x06, 0xa4, 0x00, 0x00, 0x05, 0x06, 0xa4, 0x00, 0x00, 0x06, 0x06, 0xa4, 0x00, 0x00,
  0x07, 0x06, 0xfc, 0x74, 0x60, 0x08, 0x06, 0xa4, 0x00, 0x00, 0x09, 0x06, 0xa4, 0x00, 0x00, 0x0a,
  0x06, 0xfc, 0x74, 0x60, 0x0b, 0x06, 0xfc, 0x74, 0x60, 0x0c, 0x06, 0xa4, 0x00, 0x00, 0x0d, 0x06,
  0xa4, 0x00, 0x00, 0x01, 0x07, 0xa4, 0x00, 0x00, 0x02, 0x07, 0xa4, 0x00, 0x00, 0x03, 0x07, 0xa4,
  0x00, 0x00, 0x04, 0x07, 0xa4, 0x00, 0x00, 0x05, 0x07, 0xa4, 0x00, 0x00, 0x06, 0x07, 0xfc, 0x74,
  0x60, 0x07, 0x07, 0xa4, 0x00, 0x00, 0x08, 0x07, 0xfc, 0x74, 0x60, 0x09, 0x07, 0xfc, 0x74, 0x60,
  0x0a, 0x07, 0xfc, 0x74, 0x60, 0x0b, 0x07, 0xfc, 0x74, 0x60, 0x0c, 0x07, 0xfc, 0x74, 0x60, 0x0d,
  0x07, 0xfc, 0x74, 0x60, 0x01, 0x08, 0xa4, 0x00, 0x00, 0x02, 0x08, 0xa4, 0x00, 0x00, 0x03, 0x08,
  0xa4, 0x00, 0x00, 0x04, 0x08, 0xa4, 0x00, 0x00, 0x05, 0x08, 0xa4, 0x00, 0x00, 0x06, 0x08, 0xfc,
  0x74, 0x60, 0x07, 0x08, 0xfc, 0x74, 0x60, 0x08, 0x08, 0xfc, 0x74, 0x60, 0x09, 0x08, 0xfc, 0xfc,
  0xfc, 0x0a, 0x08, 0xfc, 0xfc, 0xfc, 0x0b, 0x08, 0xfc, 0x74, 0x60, 0x0c, 0x08, 0xfc, 0xfc, 0xfc,
  0x0d, 0x08, 0xfc, 0xfc, 0xfc, 0x00, 0x09, 0xa4, 0x00, 0x00, 0x01, 0x09, 0xa4, 0x00, 0x00, 0x02,
  0x09, 0xa4, 0x00, 0x00, 0x03, 0x09, 0xa4, 0x00, 0x00, 0x04, 0x09, 0xa4, 0x00, 0x00, 0x05, 0x09,
  0xfc, 0x74, 0x60, 0x06, 0x09, 0xfc, 0x74, 0x60, 0x07, 0x09, 0xfc, 0x74, 0x60, 0x08, 0x09, 0xfc,
  0x74, 0x60, 0x09, 0x09, 0xfc, 0xfc, 0xfc, 0x0a, 0x09, 0xa4, 0x00, 0x00, 0x0b, 0x09, 0xfc, 0x74,
  0x60, 0x0c, 0x09, 0xfc, 0xfc, 0xfc, 0x0d, 0x09, 0xa4, 0x00, 0x00, 0x00, 0x0a, 0xa4, 0x00, 0x00,
  0x01, 0x0a, 0xa4, 0x00, 0x00, 0x02, 0x0a, 0xa4, 0x00, 0x00, 0x03, 0x0a, 0xfc, 0x74, 0x60, 0x04,
  0x0a, 0xa4, 0x00, 0x00, 0x05, 0x0a, 0xfc, 0x74, 0x60, 0x06, 0x0a, 0xfc, 0x74, 0x60, 0x07, 0x0a,
  0xfc, 0x74, 0x60, 0x08, 0x0a, 0xfc, 0x74, 0x60, 0x09, 0x0a, 0xfc, 0xfc, 0xfc, 0x0a, 0x0a, 0xfc,
  0xfc, 0xfc, 0x0b, 0x0a, 0xfc, 0x74, 0x60, 0x0c, 0x0a, 0xfc, 0xfc, 0xfc, 0x0d, 0x0a, 0xfc, 0xfc,
  0xfc, 0x0e, 0x0a, 0xfc, 0x74, 0x60, 0x01, 0x0b, 0xa4, 0x00, 0x00, 0x02, 0x0b, 0xa4, 0x00, 0x00,
  0x03, 0x0b, 0xfc, 0x74, 0x60, 0x04, 0x0b, 0xa4, 0x00, 0x00, 0x05, 0x0b, 0xfc, 0x74, 0x60, 0x06,
  0x0b, 0xfc, 0x74, 0x60, 0x07, 0x0b, 0xfc, 0x74, 0x60, 0x08, 0x0b, 0xfc, 0x74, 0x60, 0x09, 0x0b,
  0xfc, 0x74, 0x60, 0x0a, 0x0b, 0xfc, 0x74, 0x60, 0x0b, 0x0b, 0xfc, 0x74, 0x60, 0x0c, 0x0b, 0xfc,
  0x74, 0x60, 0x0d, 0x0b, 0xfc, 0x74, 0x60, 0x0e, 0x0b, 0xfc, 0x74, 0x60, 0x00, 0x0c, 0xa4, 0x00,
  0x00, 0x01, 0x0c, 0xa4, 0x00, 0x00, 0x02, 0x0c, 0xa4, 0x00, 0x00, 0x03, 0x0c, 0xfc, 0x74, 0x60,
  0x04, 0x0c, 0xfc, 0x74, 0x60, 0x05, 0x0c, 0xfc, 0x74, 0x60, 0x06, 0x0c, 0xfc, 0x74, 0x60, 0x07,
  0x0c, 0xfc, 0x74, 0x60, 0x08, 0x0c, 0xfc, 0x74, 0x60, 0x09, 0x0c, 0xfc, 0x74, 0x60, 0x0a, 0x0c,
  0xfc, 0x74, 0x60, 0x0b, 0x0c, 0xa4, 0x00, 0x00, 0x0c, 0x0c, 0xa4, 0x00, 0x00, 0x0d, 0x0c, 0xfc,
  0x74, 0x60, 0x0e, 0x0c, 0xfc, 0x74, 0x60, 0x00, 0x0d, 0xa4, 0x00, 0x00, 0x01, 0x0d, 0xa4, 0x00,
  0x00, 0x02, 0x0d, 0xa4, 0x00, 0x00, 0x03, 0x0d, 0xa4, 0x00, 0x00, 0x04, 0x0d, 0xfc, 0x74, 0x60,
  0x05, 0x0d, 0xfc, 0x74, 0x60, 0x06, 0x0d, 0xfc, 0x74, 0x60, 0x07, 0x0d, 0xfc, 0x74, 0x60, 0x08,
  0x0d, 0xfc, 0x74, 0x60, 0x09, 0x0d, 0xfc, 0x74, 0x60, 0x0a, 0x0d, 0xfc, 0x74, 0x60, 0x0b, 0x0d,
  0xa4, 0x00, 0x00, 0x0c, 0x0d, 0xa4, 0x00, 0x00, 0x0d, 0x0d, 0xfc, 0x74, 0x60, 0x0e, 0x0d, 0xfc,
  0x74, 0x60, 0x01, 0x0e, 0xa4, 0x00, 0x00, 0x02, 0x0e, 0xa4, 0x00, 0x00, 0x03, 0x0e, 0xa4, 0x00,
  0x00, 0x04, 0x0e, 0xa4, 0x00, 0x00, 0x05, 0x0e, 0xfc, 0x74, 0x60, 0x06, 0x0e, 0xfc, 0x74, 0x60,
  0x07, 0x0e, 0xfc, 0x74, 0x60, 0x08, 0x0e, 0xfc, 0x74, 0x60, 0x09, 0x0e, 0xfc, 0x74, 0x60, 0x0a,
  0x0e, 0xfc, 0x74, 0x60, 0x0b, 0x0e, 0xfc, 0x74, 0x60, 0x0c, 0x0e, 0xfc, 0x74, 0x60, 0x0d, 0x0e,
  0xfc, 0x74, 0x60, 0x02, 0x0f, 0xa4, 0x00, 0x00, 0x03, 0x0f, 0xa4, 0x00, 0x00, 0x04, 0x0f, 0xa4,
  0x00, 0x00, 0x05, 0x0f, 0xa4, 0x00, 0x00, 0x06, 0x0f, 0xfc, 0x74, 0x60, 0x07, 0x0f, 0xfc, 0x74,
  0x60, 0x08, 0x0f, 0xfc, 0x74, 0x60, 0x09, 0x0f, 0xfc, 0x74, 0x60, 0x0a, 0x0f, 0xfc, 0x74, 0x60,
  0x0b, 0x0f, 0xfc, 0x74, 0x60, 0x0c, 0x0f, 0xfc, 0x74, 0x60, 0x04, 0x10, 0xfc, 0x74, 0x60, 0x05,
  0x10, 0xfc, 0x74, 0x60, 0x06, 0x10, 0xfc, 0x74, 0x60, 0x07, 0x10, 0xfc, 0x74, 0x60, 0x08, 0x10,
  0xfc, 0x74, 0x60, 0x09, 0x10, 0xfc, 0x74, 0x60, 0x0a, 0x10, 0xfc, 0x74, 0x60, 0x0b, 0x10, 0xfc,
  0x74, 0x60, 0x0c, 0x10, 0xfc, 0x74, 0x60, 0x02, 0x11, 0xfc, 0x74, 0x60, 0x03, 0x11, 0xfc, 0x74,
  0x60, 0x04, 0x11, 0xfc, 0x74, 0x60, 0x05, 0x11, 0xfc, 0x74, 0x60, 0x06, 0x11, 0xfc, 0x74, 0x60,
  0x07, 0x11, 0xfc, 0x74, 0x60, 0x08, 0x11, 0xfc, 0x74, 0x60, 0x09, 0x11, 0xfc, 0x74, 0x60, 0x0a,
  0x11, 0xfc, 0x74, 0x60, 0x0b, 0x11, 0xfc, 0x74, 0x60, 0x0c, 0x11, 0xfc, 0x74, 0x60, 0x0d, 0x11,
  0xfc, 0x74, 0x60, 0x01, 0x12, 0xfc, 0x74, 0x60, 0x02, 0x12, 0xfc, 0x74, 0x60, 0x03, 0x12, 0xfc,
  0x74, 0x60, 0x04, 0x12, 0xfc, 0x74, 0x60, 0x05, 0x12, 0xfc, 0x74, 0x60, 0x06, 0x12, 0xfc, 0x74,
  0x60, 0x07, 0x12, 0xfc, 0x74, 0x60, 0x08, 0x12, 0xfc, 0x74, 0x60, 0x09, 0x12, 0xfc, 0x74, 0x60,
  0x0a, 0x12, 0xfc, 0x74, 0x60, 0x0b, 0x12, 0xfc, 0x74, 0x60, 0x0c, 0x12, 0xfc, 0x74, 0x60, 0x0d,
  0x12, 0xfc, 0x74, 0x60, 0x01, 0x13, 0xfc, 0x74, 0x60, 0x02, 0x13, 0xfc, 0x74, 0x60, 0x03, 0x13,
  0xfc, 0x74, 0x60, 0x04, 0x13, 0xfc, 0x74, 0x60, 0x05, 0x13, 0xfc, 0x74, 0x60, 0x06, 0x13, 0x00,
  0x94, 0x00, 0x07, 0x13, 0x00, 0x94, 0x00, 0x08, 0x13, 0xfc, 0x74, 0x60, 0x09, 0x13, 0xfc, 0x74,
  0x60, 0x0a, 0x13, 0xfc, 0x74, 0x60, 0x0b, 0x13, 0xfc, 0x74, 0x60, 0x0c, 0x13, 0xfc, 0x74, 0x60,
  0x0d, 0x13, 0xfc, 0x74, 0x60, 0x0e, 0x13, 0x00, 0x94, 0x00, 0x0f, 0x13, 0x00, 0x94, 0x00, 0x01,
  0x14, 0xfc, 0x74, 0x60, 0x02, 0x14, 0xfc, 0x74, 0x60, 0x03, 0x14, 0xfc, 0x74, 0x60, 0x04, 0x14,
  0xfc, 0x74, 0x60, 0x05, 0x14, 0xfc, 0x74, 0x60, 0x06, 0x14, 0xfc, 0x74, 0x60, 0x07, 0x14, 0xfc,
  0x74, 0x60, 0x08, 0x14, 0x00, 0x94, 0x00, 0x09, 0x14, 0xfc, 0x74, 0x60, 0x0a, 0x14, 0xfc, 0x74,
  0x60, 0x0b, 0x14, 0xfc, 0x74, 0x60, 0x0c, 0x14, 0xfc, 0x74, 0x60, 0x0d, 0x14, 0xfc, 0x74, 0x60,
  0x0e, 0x14, 0x00, 0x94, 0x00, 0x0f, 0x14, 0xfc, 0x74, 0x60, 0x02, 0x15, 0xfc, 0x74, 0x60, 0x03,
  0x15, 0xfc, 0x74, 0x60, 0x04, 0x15, 0xfc, 0x74, 0x60, 0x05, 0x15, 0xfc, 0x74, 0x60, 0x06, 0x15,
  0xfc, 0x74, 0x60, 0x07, 0x15, 0xfc, 0x74, 0x60, 0x08, 0x15, 0x00, 0x94, 0x00, 0x09, 0x15, 0xfc,
  0x74, 0x60, 0x0a, 0x15, 0xfc, 0x74, 0x60, 0x0b, 0x15, 0xfc, 0x74, 0x60, 0x0c, 0x15, 0xfc, 0x74,
  0x60, 0x0d, 0x15, 0xfc, 0x74, 0x60, 0x0e, 0x15, 0x00, 0x94, 0x00, 0x0f, 0x15, 0xfc, 0x74, 0x60,
  0x02, 0x16, 0x00, 0x94, 0x00, 0x03, 0x16, 0x00, 0x94, 0x00, 0x04, 0x16, 0xfc, 0x74, 0x60, 0x05,
  0x16, 0xfc, 0x74, 0x60, 0x06, 0x16, 0xfc, 0x74, 0x60, 0x07, 0x16, 0xfc, 0x74, 0x60, 0x08, 0x16,
  0x00, 0x94, 0x00, 0x09, 0x16, 0xfc, 0x74, 0x60, 0x0a, 0x16, 0xfc, 0x74, 0x60, 0x0b, 0x16, 0xfc,
  0x74, 0x60, 0x0c, 0x16, 0xfc, 0x74, 0x60, 0x0d, 0x16, 0x00, 0x94, 0x00, 0x01, 0x17, 0x00, 0x94,
  0x00, 0x02, 0x17, 0x00, 0x94, 0x00, 0x03, 0x17, 0x00, 0x94, 0x00, 0x04, 0x17, 0x00, 0x94, 0x00,
  0x05, 0x17, 0x00, 0x94, 0x00, 0x06, 0x17, 0x00, 0x94, 0x00, 0x07, 0x17, 0x00, 0x94, 0x00, 0x08,
  0x17, 0xfc, 0x74, 0x60, 0x09, 0x17, 0xfc, 0x74, 0x60, 0x0a, 0x17, 0xfc, 0x74, 0x60, 0x0b, 0x17,
  0xfc, 0x74, 0x60, 0x0c, 0x17, 0x00, 0x94, 0x00, 0x0d, 0x17, 0x00, 0x94, 0x00, 0x02, 0x18, 0xfc,
  0x74, 0x60, 0x03, 0x18, 0x00, 0x94, 0x00, 0x04, 0x18, 0x00, 0x94, 0x00, 0x05, 0x18, 0x00, 0x94,
  0x00, 0x06, 0x18, 0x00, 0x94, 0x00, 0x07, 0x18, 0x00, 0x94, 0x00, 0x08, 0x18, 0x00, 0x94, 0x00,
  0x09, 0x18, 0x00, 0x94, 0x00, 0x0a, 0x18, 0x00, 0x94, 0x00, 0x0b, 0x18, 0x00, 0x94, 0x00, 0x0c,
  0x18, 0xfc, 0x74, 0x60, 0x0d, 0x18, 0xfc, 0x74, 0x60, 0x0e, 0x18, 0xfc, 0x74, 0x60, 0x0f, 0x18,
  0xfc, 0x74, 0x60, 0x01, 0x19, 0xfc, 0x74, 0x60, 0x02, 0x19, 0xfc, 0x74, 0x60, 0x03, 0x19, 0x00,
  0x94, 0x00, 0x04, 0x19, 0x00, 0x94, 0x00, 0x05, 0x19, 0x00, 0x94, 0x00, 0x06, 0x19, 0x00, 0x94,
  0x00, 0x07, 0x19, 0x00, 0x94, 0x00, 0x08, 0x19, 0x00, 0x94, 0x00, 0x09, 0x19, 0x00, 0x94, 0x00,
  0x0a, 0x19, 0x00, 0x94, 0x00, 0x0b, 0x19, 0xfc, 0x74, 0x60, 0x0c, 0x19, 0xfc, 0x74, 0x60, 0x0d,
  0x19, 0xfc, 0x74, 0x60, 0x0e, 0x19, 0xfc, 0x74, 0x60, 0x0f, 0x19, 0xfc, 0x74, 0x60, 0x10, 0x19,
  0xfc, 0x74, 0x60, 0x12, 0x19, 0xfc, 0x74, 0x60, 0x13, 0x19, 0xfc, 0x74, 0x60, 0x01, 0x1a, 0xfc,
  0x74, 0x60, 0x02, 0x1a, 0xfc, 0x74, 0x60, 0x03, 0x1a, 0x00, 0x94, 0x00, 0x04, 0x1a, 0x00, 0x94,
  0x00, 0x05, 0x1a, 0xfc, 0x74, 0x60, 0x06, 0x1a, 0xfc, 0x74, 0x60, 0x07, 0x1a, 0xfc, 0x74, 0x60,
  0x08, 0x1a, 0x00, 0x94, 0x00, 0x09, 0x1a, 0x00, 0x94, 0x00, 0x0a, 0x1a, 0xfc, 0x74, 0x60, 0x0b,
  0x1a, 0xfc, 0x74, 0x60, 0x0c, 0x1a, 0xfc, 0x74, 0x60, 0x0d, 0x1a, 0xfc, 0x74, 0x60, 0x0e, 0x1a,
  0xfc, 0x74, 0x60, 0x0f, 0x1a, 0xfc, 0x74, 0x60, 0x10, 0x1a, 0xfc, 0x74, 0x60, 0x11, 0x1a, 0xfc,
  0x74, 0x60, 0x12, 0x1a, 0xfc, 0x74, 0x60, 0x13, 0x1a, 0xfc, 0x74, 0x60, 0x01, 0x1b, 0xfc, 0x74,
  0x60, 0x02, 0x1b, 0xfc, 0x74, 0x60, 0x03, 0x1b, 0xfc, 0x74, 0x60, 0x04, 0x1b, 0xfc, 0x74, 0x60,
  0x05, 0x1b, 0xfc, 0x74, 0x60, 0x06, 0x1b, 0xfc, 0x74, 0x60, 0x0c, 0x1b, 0xfc, 0x74, 0x60, 0x0d,
  0x1b, 0xfc, 0x74, 0x60, 0x0e, 0x1b, 0xfc, 0x74, 0x60, 0x0f, 0x1b, 0xfc, 0x74, 0x60, 0x10, 0x1b,
  0xfc, 0x74, 0x60, 0x11, 0x1b, 0xfc, 0x74, 0x60, 0x12, 0x1b, 0xfc, 0x74, 0x60, 0x13, 0x1b, 0xfc,
  0x74, 0x60, 0x01, 0x1c, 0xfc, 0x74, 0x60, 0x02, 0x1c, 0xfc, 0x74, 0x60, 0x03, 0x1c, 0xfc, 0x74,
  0x60, 0x04, 0x1c, 0xfc, 0x74, 0x60, 0x0e, 0x1c, 0xfc, 0x74, 0x60, 0x0f, 0x1c, 0xfc, 0x74, 0x60,
  0x10, 0x1c, 0xfc, 0x74, 0x60, 0x11, 0x1c, 0xfc, 0x74, 0x60, 0x12, 0x1c, 0xfc, 0x74, 0x60, 0x02,
  0x1d, 0xfc, 0x74, 0x60, 0x0f, 0x1d, 0xfc, 0x74, 0x60, 0x10, 0x1d, 0xfc, 0x74, 0x60, 0x11, 0x1d,
  0xfc, 0x74, 0x60
};
static const AISprite kHiggins_throw_2 PROGMEM = {
  .w = 24, .h = 32, .pixelCount = 375,
  .pixels = kHiggins_throw_2Pixels, .fmt = 5,
};

// Higgins_throw_3 ("higgins.throw.3"): 24x32, 309 pixels, fmt=5
static const uint8_t kHiggins_throw_3Pixels[] PROGMEM = {
  0x11, 0x01, 0xfc, 0xfc, 0xfc, 0x12, 0x01, 0xfc, 0xfc, 0xfc, 0x0c, 0x02, 0xfc, 0xfc, 0xfc, 0x0d,
  0x02, 0xfc, 0xfc, 0xfc, 0x0e, 0x02, 0xfc, 0xfc, 0xfc, 0x10, 0x02, 0xfc, 0xfc, 0xfc, 0x11, 0x02,
  0xfc, 0xfc, 0xfc, 0x12, 0x02, 0xfc, 0xfc, 0xfc, 0x0a, 0x03, 0xfc, 0xfc, 0xfc, 0x0b, 0x03, 0xfc,
  0xfc, 0xfc, 0x0c, 0x03, 0xfc, 0xfc, 0xfc, 0x0d, 0x03, 0xfc, 0xfc, 0xfc, 0x0e, 0x03, 0xfc, 0xfc,
  0xfc, 0x0f, 0x03, 0xfc, 0xfc, 0xfc, 0x10, 0x03, 0xfc, 0x74, 0x60, 0x11, 0x03, 0xfc, 0xfc, 0xfc,
  0x09, 0x04, 0xfc, 0xfc, 0xfc, 0x0a, 0x04, 0xfc, 0xfc, 0xfc, 0x0b, 0x04, 0xfc, 0xfc, 0xfc, 0x0c,
  0x04, 0xfc, 0xfc, 0xfc, 0x0d, 0x04, 0xfc, 0xfc, 0xfc, 0x0e, 0x04, 0xfc, 0xfc, 0xfc, 0x0f, 0x04,
  0xfc, 0xfc, 0xfc, 0x10, 0x04, 0xfc, 0xfc, 0xfc, 0x11, 0x04, 0xfc, 0x74, 0x60, 0x09, 0x05, 0xfc,
  0xfc, 0xfc, 0x0a, 0x05, 0xfc, 0xfc, 0xfc, 0x0b, 0x05, 0xfc, 0xfc, 0xfc, 0x0c, 0x05, 0xfc, 0xfc,
  0xfc, 0x0d, 0x05, 0xfc, 0xfc, 0xfc, 0x0e, 0x05, 0xfc, 0xfc, 0xfc, 0x0f, 0x05, 0xfc, 0xfc, 0xfc,
  0x10, 0x05, 0xfc, 0xfc, 0xfc, 0x11, 0x05, 0xfc, 0x74, 0x60, 0x12, 0x05, 0xa4, 0x00, 0x00, 0x08,
  0x06, 0xfc, 0xfc, 0xfc, 0x09, 0x06, 0xfc, 0xfc, 0xfc, 0x0a, 0x06, 0xfc, 0xfc, 0xfc, 0x0b, 0x06,
  0xfc, 0xfc, 0xfc, 0x0c, 0x06, 0xfc, 0xfc, 0xfc, 0x0d, 0x06, 0xfc, 0xfc, 0xfc, 0x0e, 0x06, 0xfc,
  0xfc, 0xfc, 0x0f, 0x06, 0xfc, 0xfc, 0xfc, 0x10, 0x06, 0xfc, 0xfc, 0xfc, 0x11, 0x06, 0xa4, 0x00,
  0x00, 0x12, 0x06, 0xa4, 0x00, 0x00, 0x13, 0x06, 0xa4, 0x00, 0x00, 0x08, 0x07, 0xfc, 0xfc, 0xfc,
  0x09, 0x07, 0xfc, 0xfc, 0xfc, 0x0a, 0x07, 0xfc, 0xfc, 0xfc, 0x0b, 0x07, 0xfc, 0xfc, 0xfc, 0x0c,
  0x07, 0xfc, 0xfc, 0xfc, 0x0d, 0x07, 0xfc, 0xfc, 0xfc, 0x0e, 0x07, 0xfc, 0xfc, 0xfc, 0x0f, 0x07,
  0xfc, 0xfc, 0xfc, 0x10, 0x07, 0xa4, 0x00, 0x00, 0x11, 0x07, 0xa4, 0x00, 0x00, 0x12, 0x07, 0xa4,
  0x00, 0x00, 0x13, 0x07, 0xa4, 0x00, 0x00, 0x08, 0x08, 0xfc, 0xfc, 0xfc, 0x09, 0x08, 0xfc, 0xfc,
  0xfc, 0x0a, 0x08, 0xfc, 0xfc, 0xfc, 0x0b, 0x08, 0xfc, 0xfc, 0xfc, 0x0c, 0x08, 0xfc, 0xfc, 0xfc,
  0x0d, 0x08, 0xfc, 0xfc, 0xfc, 0x0e, 0x08, 0xfc, 0xfc, 0xfc, 0x0f, 0x08, 0xa4, 0x00, 0x00, 0x10,
  0x08, 0xa4, 0x00, 0x00, 0x11, 0x08, 0xa4, 0x00, 0x00, 0x12, 0x08, 0xa4, 0x00, 0x00, 0x13, 0x08,
  0xa4, 0x00, 0x00, 0x09, 0x09, 0xfc, 0xfc, 0xfc, 0x0a, 0x09, 0xfc, 0xfc, 0xfc, 0x0b, 0x09, 0xfc,
  0xfc, 0xfc, 0x0c, 0x09, 0xfc, 0xfc, 0xfc, 0x0d, 0x09, 0xa4, 0x00, 0x00, 0x0e, 0x09, 0xa4, 0x00,
  0x00, 0x0f, 0x09, 0xa4, 0x00, 0x00, 0x10, 0x09, 0xa4, 0x00, 0x00, 0x11, 0x09, 0xa4, 0x00, 0x00,
  0x12, 0x09, 0xa4, 0x00, 0x00, 0x13, 0x09, 0xa4, 0x00, 0x00, 0x14, 0x09, 0xfc, 0x74, 0x60, 0x16,
  0x09, 0xfc, 0x74, 0x60, 0x09, 0x0a, 0xa4, 0x00, 0x00, 0x0a, 0x0a, 0xa4, 0x00, 0x00, 0x0b, 0x0a,
  0xa4, 0x00, 0x00, 0x0c, 0x0a, 0xa4, 0x00, 0x00, 0x0d, 0x0a, 0xa4, 0x00, 0x00, 0x0e, 0x0a, 0xa4,
  0x00, 0x00, 0x0f, 0x0a, 0xa4, 0x00, 0x00, 0x10, 0x0a, 0xa4, 0x00, 0x00, 0x11, 0x0a, 0xa4, 0x00,
  0x00, 0x12, 0x0a, 0xfc, 0x74, 0x60, 0x13, 0x0a, 0xfc, 0x74, 0x60, 0x14, 0x0a, 0xfc, 0x74, 0x60,
  0x15, 0x0a, 0xfc, 0x74, 0x60, 0x16, 0x0a, 0xfc, 0x74, 0x60, 0x08, 0x0b, 0xa4, 0x00, 0x00, 0x09,
  0x0b, 0xa4, 0x00, 0x00, 0x0a, 0x0b, 0xa4, 0x00, 0x00, 0x0b, 0x0b, 0xa4, 0x00, 0x00, 0x0c, 0x0b,
  0xa4, 0x00, 0x00, 0x0d, 0x0b, 0xa4, 0x00, 0x00, 0x0e, 0x0b, 0xa4, 0x00, 0x00, 0x0f, 0x0b, 0xa4,
  0x00, 0x00, 0x10, 0x0b, 0xa4, 0x00, 0x00, 0x11, 0x0b, 0xfc, 0x74, 0x60, 0x12, 0x0b, 0xfc, 0x74,
  0x60, 0x13, 0x0b, 0xfc, 0x74, 0x60, 0x14, 0x0b, 0xfc, 0x74, 0x60, 0x15, 0x0b, 0xfc, 0x74, 0x60,
  0x16, 0x0b, 0xfc, 0x74, 0x60, 0x08, 0x0c, 0xa4, 0x00, 0x00, 0x09, 0x0c, 0xa4, 0x00, 0x00, 0x0a,
  0x0c, 0xa4, 0x00, 0x00, 0x0b, 0x0c, 0xa4, 0x00, 0x00, 0x0c, 0x0c, 0xa4, 0x00, 0x00, 0x0d, 0x0c,
  0xa4, 0x00, 0x00, 0x0e, 0x0c, 0xfc, 0x74, 0x60, 0x0f, 0x0c, 0xfc, 0x74, 0x60, 0x10, 0x0c, 0xfc,
  0x74, 0x60, 0x11, 0x0c, 0xfc, 0x74, 0x60, 0x12, 0x0c, 0xfc, 0x74, 0x60, 0x13, 0x0c, 0xfc, 0x74,
  0x60, 0x14, 0x0c, 0xfc, 0x74, 0x60, 0x15, 0x0c, 0xfc, 0x74, 0x60, 0x16, 0x0c, 0xfc, 0x74, 0x60,
  0x17, 0x0c, 0xfc, 0x74, 0x60, 0x09, 0x0d, 0xa4, 0x00, 0x00, 0x0a, 0x0d, 0xa4, 0x00, 0x00, 0x0b,
  0x0d, 0xa4, 0x00, 0x00, 0x0c, 0x0d, 0xfc, 0x74, 0x60, 0x0d, 0x0d, 0xfc, 0x74, 0x60, 0x0e, 0x0d,
  0xfc, 0x74, 0x60, 0x0f, 0x0d, 0xfc, 0x74, 0x60, 0x10, 0x0d, 0xfc, 0x74, 0x60, 0x11, 0x0d, 0xfc,
  0x74, 0x60, 0x12, 0x0d, 0xfc, 0x74, 0x60, 0x13, 0x0d, 0xfc, 0x74, 0x60, 0x14, 0x0d, 0xfc, 0x74,
  0x60, 0x15, 0x0d, 0xfc, 0x74, 0x60, 0x09, 0x0e, 0xa4, 0x00, 0x00, 0x0a, 0x0e, 0xa4, 0x00, 0x00,
  0x0b, 0x0e, 0xfc, 0x74, 0x60, 0x0c, 0x0e, 0xfc, 0x74, 0x60, 0x0d, 0x0e, 0xfc, 0x74, 0x60, 0x0e,
  0x0e, 0xfc, 0x74, 0x60, 0x0f, 0x0e, 0xfc, 0x74, 0x60, 0x10, 0x0e, 0xfc, 0x74, 0x60, 0x11, 0x0e,
  0xfc, 0x74, 0x60, 0x12, 0x0e, 0xfc, 0x74, 0x60, 0x13, 0x0e, 0xfc, 0x74, 0x60, 0x08, 0x0f, 0xfc,
  0x74, 0x60, 0x09, 0x0f, 0xfc, 0x74, 0x60, 0x0a, 0x0f, 0xfc, 0x74, 0x60, 0x0b, 0x0f, 0xfc, 0x74,
  0x60, 0x0c, 0x0f, 0xfc, 0x74, 0x60, 0x0d, 0x0f, 0xfc, 0x74, 0x60, 0x0e, 0x0f, 0xfc, 0x74, 0x60,
  0x0f, 0x0f, 0xfc, 0x74, 0x60, 0x10, 0x0f, 0xfc, 0x74, 0x60, 0x11, 0x0f, 0xfc, 0x74, 0x60, 0x12,
  0x0f, 0xfc, 0x74, 0x60, 0x07, 0x10, 0xfc, 0x74, 0x60, 0x08, 0x10, 0xfc, 0x74, 0x60, 0x09, 0x10,
  0xfc, 0x74, 0x60, 0x0a, 0x10, 0xfc, 0x74, 0x60, 0x0b, 0x10, 0xfc, 0x74, 0x60, 0x0c, 0x10, 0xfc,
  0x74, 0x60, 0x0d, 0x10, 0xfc, 0x74, 0x60, 0x0e, 0x10, 0xfc, 0x74, 0x60, 0x0f, 0x10, 0xfc, 0x74,
  0x60, 0x10, 0x10, 0xfc, 0x74, 0x60, 0x11, 0x10, 0xfc, 0x74, 0x60, 0x12, 0x10, 0xfc, 0x74, 0x60,
  0x07, 0x11, 0xfc, 0x74, 0x60, 0x08, 0x11, 0x00, 0x94, 0x00, 0x09, 0x11, 0x00, 0x94, 0x00, 0x0a,
  0x11, 0xfc, 0x74, 0x60, 0x0b, 0x11, 0xfc, 0x74, 0x60, 0x0c, 0x11, 0xfc, 0x74, 0x60, 0x0d, 0x11,
  0xfc, 0x74, 0x60, 0x0e, 0x11, 0xfc, 0x74, 0x60, 0x0f, 0x11, 0xfc, 0x74, 0x60, 0x10, 0x11, 0xfc,
  0x74, 0x60, 0x11, 0x11, 0xfc, 0x74, 0x60, 0x12, 0x11, 0xfc, 0x74, 0x60, 0x04, 0x12, 0xfc, 0x74,
  0x60, 0x05, 0x12, 0xfc, 0x74, 0x60, 0x07, 0x12, 0x00, 0x94, 0x00, 0x08, 0x12, 0x00, 0x94, 0x00,
  0x09, 0x12, 0x00, 0x94, 0x00, 0x0a, 0x12, 0x00, 0x94, 0x00, 0x0b, 0x12, 0x00, 0x94, 0x00, 0x0c,
  0x12, 0x00, 0x94, 0x00, 0x0d, 0x12, 0xfc, 0x74, 0x60, 0x0e, 0x12, 0xfc, 0x74, 0x60, 0x0f, 0x12,
  0xfc, 0x74, 0x60, 0x10, 0x12, 0xfc, 0x74, 0x60, 0x11, 0x12, 0xfc, 0x74, 0x60, 0x12, 0x12, 0xfc,
  0x74, 0x60, 0x03, 0x13, 0xfc, 0x74, 0x60, 0x04, 0x13, 0xfc, 0x74, 0x60, 0x05, 0x13, 0xfc, 0x74,
  0x60, 0x06, 0x13, 0xfc, 0x74, 0x60, 0x07, 0x13, 0x00, 0x94, 0x00, 0x08, 0x13, 0xfc, 0x74, 0x60,
  0x09, 0x13, 0x00, 0x94, 0x00, 0x0a, 0x13, 0x00, 0x94, 0x00, 0x0b, 0x13, 0x00, 0x94, 0x00, 0x0c,
  0x13, 0x00, 0x94, 0x00, 0x0d, 0x13, 0x00, 0x94, 0x00, 0x0e, 0x13, 0x00, 0x94, 0x00, 0x0f, 0x13,
  0x00, 0x94, 0x00, 0x10, 0x13, 0x00, 0x94, 0x00, 0x11, 0x13, 0x00, 0x94, 0x00, 0x12, 0x13, 0x00,
  0x94, 0x00, 0x02, 0x14, 0xfc, 0x74, 0x60, 0x03, 0x14, 0xfc, 0x74, 0x60, 0x04, 0x14, 0xfc, 0x74,
  0x60, 0x05, 0x14, 0xfc, 0x74, 0x60, 0x06, 0x14, 0xfc, 0x74, 0x60, 0x07, 0x14, 0xfc, 0x74, 0x60,
  0x08, 0x14, 0xfc, 0x74, 0x60, 0x09, 0x14, 0xfc, 0x74, 0x60, 0x0a, 0x14, 0x00, 0x94, 0x00, 0x0b,
  0x14, 0x00, 0x94, 0x00, 0x0c, 0x14, 0x00, 0x94, 0x00, 0x0d, 0x14, 0x00, 0x94, 0x00, 0x0e, 0x14,
  0x00, 0x94, 0x00, 0x0f, 0x14, 0xfc, 0x74, 0x60, 0x10, 0x14, 0xfc, 0x74, 0x60, 0x11, 0x14, 0xfc,
  0x74, 0x60, 0x12, 0x14, 0x00, 0x94, 0x00, 0x02, 0x15, 0xfc, 0x74, 0x60, 0x03, 0x15, 0xfc, 0x74,
  0x60, 0x04, 0x15, 0xfc, 0x74, 0x60, 0x05, 0x15, 0xfc, 0x74, 0x60, 0x06, 0x15, 0xfc, 0x74, 0x60,
  0x07, 0x15, 0xfc, 0x74, 0x60, 0x08, 0x15, 0xfc, 0x74, 0x60, 0x09, 0x15, 0xfc, 0x74, 0x60, 0x0a,
  0x15, 0x00, 0x94, 0x00, 0x0b, 0x15, 0x00, 0x94, 0x00, 0x0c, 0x15, 0x00, 0x94, 0x00, 0x0d, 0x15,
  0x00, 0x94, 0x00, 0x0e, 0x15, 0xfc, 0x74, 0x60, 0x0f, 0x15, 0xfc, 0x74, 0x60, 0x10, 0x15, 0xfc,
  0x74, 0x60, 0x11, 0x15, 0xfc, 0x74, 0x60, 0x12, 0x15, 0xfc, 0x74, 0x60, 0x02, 0x16, 0xfc, 0x74,
  0x60, 0x03, 0x16, 0xfc, 0x74, 0x60, 0x04, 0x16, 0xfc, 0x74, 0x60, 0x05, 0x16, 0xfc, 0x74, 0x60,
  0x06, 0x16, 0xfc, 0x74, 0x60, 0x07, 0x16, 0xfc, 0x74, 0x60, 0x08, 0x16, 0xfc, 0x74, 0x60, 0x09,
  0x16, 0xfc, 0x74, 0x60, 0x0a, 0x16, 0x00, 0x94, 0x00, 0x0b, 0x16, 0x00, 0x94, 0x00, 0x0c, 0x16,
  0x00, 0x94, 0x00, 0x0d, 0x16, 0x00, 0x94, 0x00, 0x0e, 0x16, 0xfc, 0x74, 0x60, 0x0f, 0x16, 0xfc,
  0x74, 0x60, 0x10, 0x16, 0xfc, 0x74, 0x60, 0x11, 0x16, 0xfc, 0x74, 0x60, 0x12, 0x16, 0xfc, 0x74,
  0x60, 0x13, 0x16, 0xfc, 0x74, 0x60, 0x03, 0x17, 0xfc, 0x74, 0x60, 0x04, 0x17, 0xfc, 0x74, 0x60,
  0x06, 0x17, 0xfc, 0x74, 0x60, 0x07, 0x17, 0xfc, 0x74, 0x60, 0x08, 0x17, 0x00, 0x94, 0x00, 0x0c,
  0x17, 0x00, 0x94, 0x00, 0x0d, 0x17, 0x00, 0x94, 0x00, 0x0f, 0x17, 0xfc, 0x74, 0x60, 0x10, 0x17,
  0xfc, 0x74, 0x60, 0x11, 0x17, 0xfc, 0x74, 0x60, 0x12, 0x17, 0xfc, 0x74, 0x60, 0x13, 0x17, 0xfc,
  0x74, 0x60, 0x10, 0x18, 0xfc, 0x74, 0x60, 0x11, 0x18, 0xfc, 0x74, 0x60, 0x12, 0x18, 0xfc, 0x74,
  0x60, 0x13, 0x18, 0xfc, 0x74, 0x60, 0x14, 0x18, 0xfc, 0x74, 0x60, 0x10, 0x19, 0xfc, 0x74, 0x60,
  0x11, 0x19, 0xfc, 0x74, 0x60, 0x12, 0x19, 0xfc, 0x74, 0x60, 0x13, 0x19, 0xfc, 0x74, 0x60, 0x14,
  0x19, 0xfc, 0x74, 0x60, 0x11, 0x1a, 0xfc, 0x74, 0x60, 0x12, 0x1a, 0xfc, 0x74, 0x60, 0x13, 0x1a,
  0xfc, 0x74, 0x60, 0x14, 0x1a, 0xfc, 0x74, 0x60, 0x11, 0x1b, 0xfc, 0x74, 0x60, 0x12, 0x1b, 0xfc,
  0x74, 0x60, 0x13, 0x1b, 0xfc, 0x74, 0x60, 0x14, 0x1b, 0xfc, 0x74, 0x60, 0x15, 0x1b, 0xfc, 0x74,
  0x60, 0x11, 0x1c, 0xfc, 0x74, 0x60, 0x12, 0x1c, 0xfc, 0x74, 0x60, 0x13, 0x1c, 0xfc, 0x74, 0x60,
  0x14, 0x1c, 0xfc, 0x74, 0x60, 0x15, 0x1c, 0xfc, 0x74, 0x60, 0x12, 0x1d, 0xfc, 0x74, 0x60, 0x13,
  0x1d, 0xfc, 0x74, 0x60, 0x14, 0x1d, 0xfc, 0x74, 0x60
};
static const AISprite kHiggins_throw_3 PROGMEM = {
  .w = 24, .h = 32, .pixelCount = 309,
  .pixels = kHiggins_throw_3Pixels, .fmt = 5,
};

// Higgins_skateboard_0 ("higgins.skateboard.0"): 24x32, 439 pixels, fmt=5
static const uint8_t kHiggins_skateboard_0Pixels[] PROGMEM = {
  0x0c, 0x00, 0xfc, 0xfc, 0xfc, 0x0d, 0x00, 0xfc, 0xfc, 0xfc, 0x0e, 0x00, 0xfc, 0xfc, 0xfc, 0x0f,
  0x00, 0xfc, 0xfc, 0xfc, 0x10, 0x00, 0xfc, 0xfc, 0xfc, 0x0a, 0x01, 0xfc, 0xfc, 0xfc, 0x0b, 0x01,
  0xfc, 0xfc, 0xfc, 0x0c, 0x01, 0xfc, 0xfc, 0xfc, 0x0d, 0x01, 0xfc, 0xfc, 0xfc, 0x0e, 0x01, 0xfc,
  0xfc, 0xfc, 0x0f, 0x01, 0xfc, 0xfc, 0xfc, 0x10, 0x01, 0xfc, 0xfc, 0xfc, 0x11, 0x01, 0xfc, 0xfc,
  0xfc, 0x12, 0x01, 0xfc, 0xfc, 0xfc, 0x09, 0x02, 0xfc, 0xfc, 0xfc, 0x0a, 0x02, 0xfc, 0xfc, 0xfc,
  0x0b, 0x02, 0xfc, 0xfc, 0xfc, 0x0c, 0x02, 0xfc, 0xfc, 0xfc, 0x0d, 0x02, 0xfc, 0xfc, 0xfc, 0x0e,
  0x02, 0xfc, 0xfc, 0xfc, 0x0f, 0x02, 0xfc, 0xfc, 0xfc, 0x10, 0x02, 0xfc, 0xfc, 0xfc, 0x11, 0x02,
  0xfc, 0xfc, 0xfc, 0x12, 0x02, 0xfc, 0xfc, 0xfc, 0x13, 0x02, 0xfc, 0xfc, 0xfc, 0x09, 0x03, 0xfc,
  0xfc, 0xfc, 0x0a, 0x03, 0xfc, 0xfc, 0xfc, 0x0b, 0x03, 0xfc, 0xfc, 0xfc, 0x0c, 0x03, 0xfc, 0xfc,
  0xfc, 0x0d, 0x03, 0xfc, 0xfc, 0xfc, 0x0e, 0x03, 0xfc, 0xfc, 0xfc, 0x0f, 0x03, 0xfc, 0xfc, 0xfc,
  0x10, 0x03, 0xfc, 0xfc, 0xfc, 0x11, 0x03, 0xfc, 0xfc, 0xfc, 0x12, 0x03, 0xfc, 0xfc, 0xfc, 0x13,
  0x03, 0xfc, 0xfc, 0xfc, 0x14, 0x03, 0xfc, 0xfc, 0xfc, 0x08, 0x04, 0xfc, 0xfc, 0xfc, 0x09, 0x04,
  0xfc, 0xfc, 0xfc, 0x0a, 0x04, 0xfc, 0xfc, 0xfc, 0x0b, 0x04, 0xfc, 0xfc, 0xfc, 0x0c, 0x04, 0xfc,
  0xfc, 0xfc, 0x0d, 0x04, 0xfc, 0xfc, 0xfc, 0x0e, 0x04, 0xfc, 0xfc, 0xfc, 0x0f, 0x04, 0xfc, 0xfc,
  0xfc, 0x10, 0x04, 0xfc, 0xfc, 0xfc, 0x11, 0x04, 0xa4, 0x00, 0x00, 0x12, 0x04, 0xa4, 0x00, 0x00,
  0x13, 0x04, 0xa4, 0x00, 0x00, 0x14, 0x04, 0xfc, 0xfc, 0xfc, 0x08, 0x05, 0xfc, 0xfc, 0xfc, 0x09,
  0x05, 0xfc, 0xfc, 0xfc, 0x0a, 0x05, 0xfc, 0xfc, 0xfc, 0x0b, 0x05, 0xfc, 0xfc, 0xfc, 0x0c, 0x05,
  0xfc, 0xfc, 0xfc, 0x0d, 0x05, 0xfc, 0xfc, 0xfc, 0x0e, 0x05, 0xa4, 0x00, 0x00, 0x0f, 0x05, 0xa4,
  0x00, 0x00, 0x10, 0x05, 0xa4, 0x00, 0x00, 0x11, 0x05, 0xa4, 0x00, 0x00, 0x12, 0x05, 0xfc, 0x74,
  0x60, 0x13, 0x05, 0xa4, 0x00, 0x00, 0x14, 0x05, 0xa4, 0x00, 0x00, 0x08, 0x06, 0xfc, 0xfc, 0xfc,
  0x09, 0x06, 0xfc, 0xfc, 0xfc, 0x0a, 0x06, 0xfc, 0xfc, 0xfc, 0x0b, 0x06, 0xfc, 0xfc, 0xfc, 0x0c,
  0x06, 0xfc, 0xfc, 0xfc, 0x0d, 0x06, 0xa4, 0x00, 0x00, 0x0e, 0x06, 0xa4, 0x00, 0x00, 0x0f, 0x06,
  0xfc, 0x74, 0x60, 0x10, 0x06, 0xfc, 0x74, 0x60, 0x11, 0x06, 0xfc, 0x74, 0x60, 0x12, 0x06, 0xfc,
  0x74, 0x60, 0x13, 0x06, 0xfc, 0x74, 0x60, 0x14, 0x06, 0xa4, 0x00, 0x00, 0x08, 0x07, 0xfc, 0xfc,
  0xfc, 0x09, 0x07, 0xfc, 0xfc, 0xfc, 0x0a, 0x07, 0xfc, 0xfc, 0xfc, 0x0b, 0x07, 0xfc, 0xfc, 0xfc,
  0x0c, 0x07, 0xfc, 0xfc, 0xfc, 0x0d, 0x07, 0xa4, 0x00, 0x00, 0x0e, 0x07, 0xfc, 0x74, 0x60, 0x0f,
  0x07, 0xa4, 0x00, 0x00, 0x10, 0x07, 0xfc, 0x74, 0x60, 0x11, 0x07, 0xfc, 0x74, 0x60, 0x12, 0x07,
  0xfc, 0x74, 0x60, 0x13, 0x07, 0xa4, 0x00, 0x00, 0x14, 0x07, 0xa4, 0x00, 0x00, 0x08, 0x08, 0xfc,
  0xfc, 0xfc, 0x09, 0x08, 0xa4, 0x00, 0x00, 0x0a, 0x08, 0xfc, 0xfc, 0xfc, 0x0b, 0x08, 0xfc, 0xfc,
  0xfc, 0x0c, 0x08, 0xa4, 0x00, 0x00, 0x0d, 0x08, 0xfc, 0x74, 0x60, 0x0e, 0x08, 0xa4, 0x00, 0x00,
  0x0f, 0x08, 0xfc, 0xfc, 0xfc, 0x10, 0x08, 0xfc, 0xfc, 0xfc, 0x11, 0x08, 0xfc, 0x74, 0x60, 0x12,
  0x08, 0xfc, 0x74, 0x60, 0x13, 0x08, 0xfc, 0xfc, 0xfc, 0x14, 0x08, 0xa4, 0x00, 0x00, 0x08, 0x09,
  0xfc, 0xfc, 0xfc, 0x09, 0x09, 0xfc, 0x74, 0x60, 0x0a, 0x09, 0xfc, 0x74, 0x60, 0x0b, 0x09, 0xfc,
  0xfc, 0xfc, 0x0c, 0x09, 0xa4, 0x00, 0x00, 0x0d, 0x09, 0xfc, 0x74, 0x60, 0x0e, 0x09, 0xfc, 0xfc,
  0xfc, 0x0f, 0x09, 0xfc, 0xfc, 0xfc, 0x10, 0x09, 0xa4, 0x00, 0x00, 0x11, 0x09, 0xfc, 0x74, 0x60,
  0x12, 0x09, 0xfc, 0xfc, 0xfc, 0x13, 0x09, 0xa4, 0x00, 0x00, 0x14, 0x09, 0xfc, 0x74, 0x60, 0x15,
  0x09, 0xa4, 0x00, 0x00, 0x04, 0x0a, 0xfc, 0x74, 0x60, 0x05, 0x0a, 0xfc, 0x74, 0x60, 0x08, 0x0a,
  0xfc, 0xfc, 0xfc, 0x09, 0x0a, 0xfc, 0x74, 0x60, 0x0a, 0x0a, 0xfc, 0x74, 0x60, 0x0b, 0x0a, 0xfc,
  0xfc, 0xfc, 0x0c, 0x0a, 0xfc, 0x74, 0x60, 0x0d, 0x0a, 0xfc, 0x74, 0x60, 0x0e, 0x0a, 0xfc, 0x74,
  0x60, 0x0f, 0x0a, 0xfc, 0xfc, 0xfc, 0x10, 0x0a, 0xfc, 0xfc, 0xfc, 0x11, 0x0a, 0xfc, 0x74, 0x60,
  0x12, 0x0a, 0xfc, 0x74, 0x60, 0x13, 0x0a, 0xfc, 0xfc, 0xfc, 0x14, 0x0a, 0xfc, 0x74, 0x60, 0x15,
  0x0a, 0xa4, 0x00, 0x00, 0x16, 0x0a, 0xfc, 0x74, 0x60, 0x03, 0x0b, 0xfc, 0x74, 0x60, 0x04, 0x0b,
  0xfc, 0x74, 0x60, 0x05, 0x0b, 0xfc, 0x74, 0x60, 0x06, 0x0b, 0xfc, 0x74, 0x60, 0x08, 0x0b, 0xfc,
  0xfc, 0xfc, 0x09, 0x0b, 0xfc, 0x74, 0x60, 0x0a, 0x0b, 0xfc, 0x74, 0x60, 0x0b, 0x0b, 0xfc, 0xfc,
  0xfc, 0x0c, 0x0b, 0xfc, 0x74, 0x60, 0x0d, 0x0b, 0xfc, 0x74, 0x60, 0x0e, 0x0b, 0xfc, 0x74, 0x60,
  0x0f, 0x0b, 0xfc, 0x74, 0x60, 0x10, 0x0b, 0xa4, 0x00, 0x00, 0x11, 0x0b, 0xfc, 0xfc, 0xfc, 0x12,
  0x0b, 0xfc, 0xfc, 0xfc, 0x13, 0x0b, 0xa4, 0x00, 0x00, 0x14, 0x0b, 0xfc, 0x74, 0x60, 0x15, 0x0b,
  0xa4, 0x00, 0x00, 0x16, 0x0b, 0xfc, 0x74, 0x60, 0x03, 0x0c, 0xfc, 0x74, 0x60, 0x04, 0x0c, 0xfc,
  0x74, 0x60, 0x05, 0x0c, 0xfc, 0x74, 0x60, 0x06, 0x0c, 0xfc, 0x74, 0x60, 0x07, 0x0c, 0xfc, 0x74,
  0x60, 0x08, 0x0c, 0xa4, 0x00, 0x00, 0x09, 0x0c, 0xfc, 0xfc, 0xfc, 0x0a, 0x0c, 0xfc, 0xfc, 0xfc,
  0x0b, 0x0c, 0xa4, 0x00, 0x00, 0x0c, 0x0c, 0xfc, 0x74, 0x60, 0x0d, 0x0c, 0xfc, 0x74, 0x60, 0x0e,
  0x0c, 0xfc, 0x74, 0x60, 0x0f, 0x0c, 0xfc, 0x74, 0x60, 0x10, 0x0c, 0xfc, 0x74, 0x60, 0x11, 0x0c,
  0xa4, 0x00, 0x00, 0x12, 0x0c, 0xa4, 0x00, 0x00, 0x13, 0x0c, 0xfc, 0x74, 0x60, 0x14, 0x0c, 0xfc,
  0x74, 0x60, 0x15, 0x0c, 0xa4, 0x00, 0x00, 0x16, 0x0c, 0xfc, 0x74, 0x60, 0x17, 0x0c, 0xfc, 0x74,
  0x60, 0x03, 0x0d, 0xfc, 0x74, 0x60, 0x04, 0x0d, 0xfc, 0x74, 0x60, 0x05, 0x0d, 0xfc, 0x74, 0x60,
  0x06, 0x0d, 0xfc, 0x74, 0x60, 0x07, 0x0d, 0xfc, 0x74, 0x60, 0x08, 0x0d, 0xfc, 0x74, 0x60, 0x09,
  0x0d, 0xa4, 0x00, 0x00, 0x0a, 0x0d, 0xa4, 0x00, 0x00, 0x0b, 0x0d, 0xfc, 0xfc, 0xfc, 0x0c, 0x0d,
  0xfc, 0x74, 0x60, 0x0d, 0x0d, 0xfc, 0x74, 0x60, 0x0e, 0x0d, 0xfc, 0x74, 0x60, 0x0f, 0x0d, 0xfc,
  0x74, 0x60, 0x10, 0x0d, 0xfc, 0x74, 0x60, 0x11, 0x0d, 0xfc, 0x74, 0x60, 0x12, 0x0d, 0xfc, 0x74,
  0x60, 0x13, 0x0d, 0xfc, 0x74, 0x60, 0x14, 0x0d, 0xfc, 0x74, 0x60, 0x15, 0x0d, 0xa4, 0x00, 0x00,
  0x04, 0x0e, 0xfc, 0x74, 0x60, 0x05, 0x0e, 0xfc, 0x74, 0x60, 0x06, 0x0e, 0xfc, 0x74, 0x60, 0x07,
  0x0e, 0xfc, 0x74, 0x60, 0x08, 0x0e, 0xfc, 0x74, 0x60, 0x09, 0x0e, 0xfc, 0x74, 0x60, 0x0a, 0x0e,
  0xfc, 0x74, 0x60, 0x0b, 0x0e, 0xa4, 0x00, 0x00, 0x0c, 0x0e, 0xfc, 0xfc, 0xfc, 0x0d, 0x0e, 0xfc,
  0x74, 0x60, 0x0e, 0x0e, 0xfc, 0x74, 0x60, 0x0f, 0x0e, 0xfc, 0x74, 0x60, 0x10, 0x0e, 0xfc, 0x74,
  0x60, 0x11, 0x0e, 0xfc, 0x74, 0x60, 0x12, 0x0e, 0xfc, 0x74, 0x60, 0x13, 0x0e, 0xfc, 0xfc, 0xfc,
  0x14, 0x0e, 0xa4, 0x00, 0x00, 0x06, 0x0f, 0xfc, 0x74, 0x60, 0x07, 0x0f, 0xfc, 0x74, 0x60, 0x08,
  0x0f, 0xfc, 0x74, 0x60, 0x09, 0x0f, 0xfc, 0x74, 0x60, 0x0a, 0x0f, 0xfc, 0x74, 0x60, 0x0b, 0x0f,
  0xfc, 0x74, 0x60, 0x0c, 0x0f, 0xfc, 0x74, 0x60, 0x0d, 0x0f, 0xfc, 0xfc, 0xfc, 0x0e, 0x0f, 0xfc,
  0xfc, 0xfc, 0x0f, 0x0f, 0xfc, 0xfc, 0xfc, 0x10, 0x0f, 0xfc, 0xfc, 0xfc, 0x11, 0x0f, 0xfc, 0xfc,
  0xfc, 0x12, 0x0f, 0xfc, 0xfc, 0xfc, 0x13, 0x0f, 0xa4, 0x00, 0x00, 0x07, 0x10, 0xfc, 0x74, 0x60,
  0x08, 0x10, 0xfc, 0x74, 0x60, 0x09, 0x10, 0xfc, 0x74, 0x60, 0x0a, 0x10, 0xfc, 0x74, 0x60, 0x0b,
  0x10, 0xfc, 0x74, 0x60, 0x0c, 0x10, 0xfc, 0x74, 0x60, 0x0d, 0x10, 0xfc, 0x74, 0x60, 0x0e, 0x10,
  0xfc, 0x74, 0x60, 0x0f, 0x10, 0xfc, 0x74, 0x60, 0x10, 0x10, 0xfc, 0x74, 0x60, 0x11, 0x10, 0xfc,
  0x74, 0x60, 0x12, 0x10, 0xfc, 0x74, 0x60, 0x13, 0x10, 0x00, 0x94, 0x00, 0x08, 0x11, 0xfc, 0x74,
  0x60, 0x09, 0x11, 0xfc, 0x74, 0x60, 0x0a, 0x11, 0xfc, 0x74, 0x60, 0x0b, 0x11, 0xfc, 0x74, 0x60,
  0x0c, 0x11, 0xfc, 0x74, 0x60, 0x0d, 0x11, 0xfc, 0x74, 0x60, 0x0e, 0x11, 0xfc, 0x74, 0x60, 0x0f,
  0x11, 0xfc, 0x74, 0x60, 0x10, 0x11, 0xfc, 0x74, 0x60, 0x11, 0x11, 0x00, 0x94, 0x00, 0x12, 0x11,
  0x00, 0x94, 0x00, 0x07, 0x12, 0x00, 0x94, 0x00, 0x08, 0x12, 0xfc, 0x74, 0x60, 0x09, 0x12, 0xfc,
  0x74, 0x60, 0x0a, 0x12, 0xfc, 0x74, 0x60, 0x0b, 0x12, 0xfc, 0x74, 0x60, 0x0c, 0x12, 0xfc, 0x74,
  0x60, 0x0d, 0x12, 0xfc, 0x74, 0x60, 0x0e, 0x12, 0xfc, 0x74, 0x60, 0x0f, 0x12, 0xfc, 0x74, 0x60,
  0x10, 0x12, 0x00, 0x94, 0x00, 0x11, 0x12, 0xfc, 0xfc, 0xfc, 0x12, 0x12, 0xfc, 0xfc, 0xfc, 0x06,
  0x13, 0x00, 0x94, 0x00, 0x07, 0x13, 0x00, 0x94, 0x00, 0x08, 0x13, 0x00, 0x94, 0x00, 0x09, 0x13,
  0xfc, 0x74, 0x60, 0x0a, 0x13, 0xfc, 0x74, 0x60, 0x0b, 0x13, 0xfc, 0x74, 0x60, 0x0c, 0x13, 0xfc,
  0x74, 0x60, 0x0d, 0x13, 0xfc, 0x74, 0x60, 0x0e, 0x13, 0xfc, 0x74, 0x60, 0x0f, 0x13, 0x00, 0x94,
  0x00, 0x10, 0x13, 0xfc, 0xfc, 0xfc, 0x11, 0x13, 0xfc, 0xfc, 0xfc, 0x12, 0x13, 0xfc, 0xfc, 0xfc,
  0x13, 0x13, 0xfc, 0xfc, 0xfc, 0x06, 0x14, 0xfc, 0xfc, 0xfc, 0x07, 0x14, 0xfc, 0xfc, 0xfc, 0x08,
  0x14, 0x00, 0x94, 0x00, 0x09, 0x14, 0x00, 0x94, 0x00, 0x0a, 0x14, 0xfc, 0x74, 0x60, 0x0b, 0x14,
  0xfc, 0x74, 0x60, 0x0c, 0x14, 0xfc, 0x74, 0x60, 0x0d, 0x14, 0xfc, 0x74, 0x60, 0x0e, 0x14, 0xfc,
  0x74, 0x60, 0x0f, 0x14, 0x00, 0x94, 0x00, 0x10, 0x14, 0xfc, 0xfc, 0xfc, 0x11, 0x14, 0xfc, 0xfc,
  0xfc, 0x12, 0x14, 0xfc, 0xfc, 0xfc, 0x13, 0x14, 0xfc, 0xfc, 0xfc, 0x05, 0x15, 0xfc, 0xfc, 0xfc,
  0x06, 0x15, 0xfc, 0xfc, 0xfc, 0x07, 0x15, 0xfc, 0xfc, 0xfc, 0x08, 0x15, 0xfc, 0xfc, 0xfc, 0x09,
  0x15, 0x00, 0x94, 0x00, 0x0a, 0x15, 0x00, 0x94, 0x00, 0x0b, 0x15, 0x00, 0x94, 0x00, 0x0c, 0x15,
  0x00, 0x94, 0x00, 0x0d, 0x15, 0x00, 0x94, 0x00, 0x0e, 0x15, 0x00, 0x94, 0x00, 0x0f, 0x15, 0x00,
  0x94, 0x00, 0x10, 0x15, 0xfc, 0xfc, 0xfc, 0x11, 0x15, 0xfc, 0xfc, 0xfc, 0x12, 0x15, 0xfc, 0xfc,
  0xfc, 0x13, 0x15, 0xfc, 0xfc, 0xfc, 0x05, 0x16, 0xfc, 0xfc, 0xfc, 0x06, 0x16, 0xfc, 0xfc, 0xfc,
  0x07, 0x16, 0xfc, 0xfc, 0xfc, 0x08, 0x16, 0xfc, 0xfc, 0xfc, 0x0a, 0x16, 0x00, 0x94, 0x00, 0x0b,
  0x16, 0x00, 0x94, 0x00, 0x0c, 0x16, 0x00, 0x94, 0x00, 0x10, 0x16, 0xfc, 0xfc, 0xfc, 0x11, 0x16,
  0xfc, 0x74, 0x60, 0x12, 0x16, 0xfc, 0x74, 0x60, 0x13, 0x16, 0xfc, 0x74, 0x60, 0x04, 0x17, 0xfc,
  0x74, 0x60, 0x05, 0x17, 0xfc, 0x74, 0x60, 0x06, 0x17, 0xfc, 0x74, 0x60, 0x07, 0x17, 0xfc, 0x74,
  0x60, 0x10, 0x17, 0xfc, 0x74, 0x60, 0x11, 0x17, 0xfc, 0x74, 0x60, 0x12, 0x17, 0xfc, 0x74, 0x60,
  0x13, 0x17, 0xfc, 0x74, 0x60, 0x03, 0x18, 0xfc, 0x74, 0x60, 0x04, 0x18, 0xfc, 0x74, 0x60, 0x05,
  0x18, 0xfc, 0x74, 0x60, 0x06, 0x18, 0xfc, 0x74, 0x60, 0x07, 0x18, 0xfc, 0x74, 0x60, 0x10, 0x18,
  0xfc, 0x74, 0x60, 0x11, 0x18, 0xfc, 0x74, 0x60, 0x12, 0x18, 0xfc, 0x74, 0x60, 0x13, 0x18, 0xfc,
  0x74, 0x60, 0x14, 0x18, 0xfc, 0x74, 0x60, 0x01, 0x19, 0xfc, 0xfc, 0xfc, 0x02, 0x19, 0xfc, 0xfc,
  0xfc, 0x03, 0x19, 0xfc, 0x74, 0x60, 0x04, 0x19, 0xfc, 0x74, 0x60, 0x05, 0x19, 0xfc, 0x74, 0x60,
  0x06, 0x19, 0xfc, 0x74, 0x60, 0x07, 0x19, 0xfc, 0x74, 0x60, 0x08, 0x19, 0xfc, 0xfc, 0xfc, 0x09,
  0x19, 0xfc, 0xfc, 0xfc, 0x0a, 0x19, 0xfc, 0xfc, 0xfc, 0x0b, 0x19, 0xfc, 0xfc, 0xfc, 0x0c, 0x19,
  0xfc, 0xfc, 0xfc, 0x0d, 0x19, 0xfc, 0xfc, 0xfc, 0x0e, 0x19, 0xfc, 0xfc, 0xfc, 0x0f, 0x19, 0xfc,
  0xfc, 0xfc, 0x10, 0x19, 0xfc, 0x74, 0x60, 0x11, 0x19, 0xfc, 0x74, 0x60, 0x12, 0x19, 0xfc, 0x74,
  0x60, 0x13, 0x19, 0xfc, 0x74, 0x60, 0x14, 0x19, 0xfc, 0x74, 0x60, 0x15, 0x19, 0xfc, 0xfc, 0xfc,
  0x16, 0x19, 0xfc, 0xfc, 0xfc, 0x00, 0x1a, 0xfc, 0xfc, 0xfc, 0x01, 0x1a, 0xa4, 0x00, 0x00, 0x02,
  0x1a, 0xa4, 0x00, 0x00, 0x03, 0x1a, 0xa4, 0x00, 0x00, 0x04, 0x1a, 0xa4, 0x00, 0x00, 0x05, 0x1a,
  0xa4, 0x00, 0x00, 0x06, 0x1a, 0xa4, 0x00, 0x00, 0x07, 0x1a, 0xa4, 0x00, 0x00, 0x08, 0x1a, 0xa4,
  0x00, 0x00, 0x09, 0x1a, 0xa4, 0x00, 0x00, 0x0a, 0x1a, 0xa4, 0x00, 0x00, 0x0b, 0x1a, 0xa4, 0x00,
  0x00, 0x0c, 0x1a, 0xa4, 0x00, 0x00, 0x0d, 0x1a, 0xa4, 0x00, 0x00, 0x0e, 0x1a, 0xa4, 0x00, 0x00,
  0x0f, 0x1a, 0xa4, 0x00, 0x00, 0x10, 0x1a, 0xa4, 0x00, 0x00, 0x11, 0x1a, 0xa4, 0x00, 0x00, 0x12,
  0x1a, 0xa4, 0x00, 0x00, 0x13, 0x1a, 0xa4, 0x00, 0x00, 0x14, 0x1a, 0xa4, 0x00, 0x00, 0x15, 0x1a,
  0xa4, 0x00, 0x00, 0x16, 0x1a, 0xa4, 0x00, 0x00, 0x17, 0x1a, 0xfc, 0xfc, 0xfc, 0x01, 0x1b, 0xfc,
  0xfc, 0xfc, 0x02, 0x1b, 0xa4, 0x00, 0x00, 0x03, 0x1b, 0xa4, 0x00, 0x00, 0x04, 0x1b, 0xa4, 0x00,
  0x00, 0x05, 0x1b, 0xa4, 0x00, 0x00, 0x06, 0x1b, 0xa4, 0x00, 0x00, 0x07, 0x1b, 0xa4, 0x00, 0x00,
  0x08, 0x1b, 0xa4, 0x00, 0x00, 0x09, 0x1b, 0xa4, 0x00, 0x00, 0x0a, 0x1b, 0xa4, 0x00, 0x00, 0x0b,
  0x1b, 0xa4, 0x00, 0x00, 0x0c, 0x1b, 0xa4, 0x00, 0x00, 0x0d, 0x1b, 0xa4, 0x00, 0x00, 0x0e, 0x1b,
  0xa4, 0x00, 0x00, 0x0f, 0x1b, 0xa4, 0x00, 0x00, 0x10, 0x1b, 0xa4, 0x00, 0x00, 0x11, 0x1b, 0xa4,
  0x00, 0x00, 0x12, 0x1b, 0xa4, 0x00, 0x00, 0x13, 0x1b, 0xa4, 0x00, 0x00, 0x14, 0x1b, 0xa4, 0x00,
  0x00, 0x15, 0x1b, 0xa4, 0x00, 0x00, 0x16, 0x1b, 0xfc, 0xfc, 0xfc, 0x02, 0x1c, 0xfc, 0xfc, 0xfc,
  0x03, 0x1c, 0xfc, 0xfc, 0xfc, 0x04, 0x1c, 0xfc, 0xfc, 0xfc, 0x05, 0x1c, 0xfc, 0xfc, 0xfc, 0x06,
  0x1c, 0xfc, 0xfc, 0xfc, 0x07, 0x1c, 0xfc, 0xfc, 0xfc, 0x08, 0x1c, 0xfc, 0xfc, 0xfc, 0x09, 0x1c,
  0xfc, 0xfc, 0xfc, 0x0a, 0x1c, 0xfc, 0xfc, 0xfc, 0x0b, 0x1c, 0xfc, 0xfc, 0xfc, 0x0c, 0x1c, 0xfc,
  0xfc, 0xfc, 0x0d, 0x1c, 0xfc, 0xfc, 0xfc, 0x0e, 0x1c, 0xfc, 0xfc, 0xfc, 0x0f, 0x1c, 0xfc, 0xfc,
  0xfc, 0x10, 0x1c, 0xfc, 0xfc, 0xfc, 0x11, 0x1c, 0xfc, 0xfc, 0xfc, 0x12, 0x1c, 0xfc, 0xfc, 0xfc,
  0x13, 0x1c, 0xfc, 0xfc, 0xfc, 0x14, 0x1c, 0xfc, 0xfc, 0xfc, 0x15, 0x1c, 0xfc, 0xfc, 0xfc, 0x03,
  0x1d, 0xfc, 0xfc, 0xfc, 0x04, 0x1d, 0xa4, 0x00, 0x00, 0x05, 0x1d, 0xa4, 0x00, 0x00, 0x06, 0x1d,
  0xfc, 0xfc, 0xfc, 0x11, 0x1d, 0xfc, 0xfc, 0xfc, 0x12, 0x1d, 0xa4, 0x00, 0x00, 0x13, 0x1d, 0xa4,
  0x00, 0x00, 0x14, 0x1d, 0xfc, 0xfc, 0xfc, 0x03, 0x1e, 0xfc, 0xfc, 0xfc, 0x04, 0x1e, 0xa4, 0x00,
  0x00, 0x05, 0x1e, 0xa4, 0x00, 0x00, 0x06, 0x1e, 0xfc, 0xfc, 0xfc, 0x11, 0x1e, 0xfc, 0xfc, 0xfc,
  0x12, 0x1e, 0xa4, 0x00, 0x00, 0x13, 0x1e, 0xa4, 0x00, 0x00, 0x14, 0x1e, 0xfc, 0xfc, 0xfc, 0x04,
  0x1f, 0xfc, 0xfc, 0xfc, 0x05, 0x1f, 0xfc, 0xfc, 0xfc, 0x12, 0x1f, 0xfc, 0xfc, 0xfc, 0x13, 0x1f,
  0xfc, 0xfc, 0xfc
};
static const AISprite kHiggins_skateboard_0 PROGMEM = {
  .w = 24, .h = 32, .pixelCount = 439,
  .pixels = kHiggins_skateboard_0Pixels, .fmt = 5,
};

// Higgins_skateboard_1 ("higgins.skateboard.1"): 24x32, 443 pixels, fmt=5
static const uint8_t kHiggins_skateboard_1Pixels[] PROGMEM = {
  0x0c, 0x00, 0xfc, 0xfc, 0xfc, 0x0d, 0x00, 0xfc, 0xfc, 0xfc, 0x0e, 0x00, 0xfc, 0xfc, 0xfc, 0x0f,
  0x00, 0xfc, 0xfc, 0xfc, 0x10, 0x00, 0xfc, 0xfc, 0xfc, 0x0a, 0x01, 0xfc, 0xfc, 0xfc, 0x0b, 0x01,
  0xfc, 0xfc, 0xfc, 0x0c, 0x01, 0xfc, 0xfc, 0xfc, 0x0d, 0x01, 0xfc, 0xfc, 0xfc, 0x0e, 0x01, 0xfc,
  0xfc, 0xfc, 0x0f, 0x01, 0xfc, 0xfc, 0xfc, 0x10, 0x01, 0xfc, 0xfc, 0xfc, 0x11, 0x01, 0xfc, 0xfc,
  0xfc, 0x12, 0x01, 0xfc, 0xfc, 0xfc, 0x09, 0x02, 0xfc, 0xfc, 0xfc, 0x0a, 0x02, 0xfc, 0xfc, 0xfc,
  0x0b, 0x02, 0xfc, 0xfc, 0xfc, 0x0c, 0x02, 0xfc, 0xfc, 0xfc, 0x0d, 0x02, 0xfc, 0xfc, 0xfc, 0x0e,
  0x02, 0xfc, 0xfc, 0xfc, 0x0f, 0x02, 0xfc, 0xfc, 0xfc, 0x10, 0x02, 0xfc, 0xfc, 0xfc, 0x11, 0x02,
  0xfc, 0xfc, 0xfc, 0x12, 0x02, 0xfc, 0xfc, 0xfc, 0x13, 0x02, 0xfc, 0xfc, 0xfc, 0x09, 0x03, 0xfc,
  0xfc, 0xfc, 0x0a, 0x03, 0xfc, 0xfc, 0xfc, 0x0b, 0x03, 0xfc, 0xfc, 0xfc, 0x0c, 0x03, 0xfc, 0xfc,
  0xfc, 0x0d, 0x03, 0xfc, 0xfc, 0xfc, 0x0e, 0x03, 0xfc, 0xfc, 0xfc, 0x0f, 0x03, 0xfc, 0xfc, 0xfc,
  0x10, 0x03, 0xfc, 0xfc, 0xfc, 0x11, 0x03, 0xfc, 0xfc, 0xfc, 0x12, 0x03, 0xfc, 0xfc, 0xfc, 0x13,
  0x03, 0xfc, 0xfc, 0xfc, 0x14, 0x03, 0xfc, 0xfc, 0xfc, 0x08, 0x04, 0xfc, 0xfc, 0xfc, 0x09, 0x04,
  0xfc, 0xfc, 0xfc, 0x0a, 0x04, 0xfc, 0xfc, 0xfc, 0x0b, 0x04, 0xfc, 0xfc, 0xfc, 0x0c, 0x04, 0xfc,
  0xfc, 0xfc, 0x0d, 0x04, 0xfc, 0xfc, 0xfc, 0x0e, 0x04, 0xfc, 0xfc, 0xfc, 0x0f, 0x04, 0xfc, 0xfc,
  0xfc, 0x10, 0x04, 0xfc, 0xfc, 0xfc, 0x11, 0x04, 0xa4, 0x00, 0x00, 0x12, 0x04, 0xa4, 0x00, 0x00,
  0x13, 0x04, 0xa4, 0x00, 0x00, 0x14, 0x04, 0xfc, 0xfc, 0xfc, 0x08, 0x05, 0xfc, 0xfc, 0xfc, 0x09,
  0x05, 0xfc, 0xfc, 0xfc, 0x0a, 0x05, 0xfc, 0xfc, 0xfc, 0x0b, 0x05, 0xfc, 0xfc, 0xfc, 0x0c, 0x05,
  0xfc, 0xfc, 0xfc, 0x0d, 0x05, 0xfc, 0xfc, 0xfc, 0x0e, 0x05, 0xa4, 0x00, 0x00, 0x0f, 0x05, 0xa4,
  0x00, 0x00, 0x10, 0x05, 0xa4, 0x00, 0x00, 0x11, 0x05, 0xa4, 0x00, 0x00, 0x12, 0x05, 0xfc, 0x74,
  0x60, 0x13, 0x05, 0xa4, 0x00, 0x00, 0x14, 0x05, 0xa4, 0x00, 0x00, 0x08, 0x06, 0xfc, 0xfc, 0xfc,
  0x09, 0x06, 0xfc, 0xfc, 0xfc, 0x0a, 0x06, 0xfc, 0xfc, 0xfc, 0x0b, 0x06, 0xfc, 0xfc, 0xfc, 0x0c,
  0x06, 0xfc, 0xfc, 0xfc, 0x0d, 0x06, 0xa4, 0x00, 0x00, 0x0e, 0x06, 0xa4, 0x00, 0x00, 0x0f, 0x06,
  0xfc, 0x74, 0x60, 0x10, 0x06, 0xfc, 0x74, 0x60, 0x11, 0x06, 0xfc, 0x74, 0x60, 0x12, 0x06, 0xfc,
  0x74, 0x60, 0x13, 0x06, 0xfc, 0x74, 0x60, 0x14, 0x06, 0xa4, 0x00, 0x00, 0x08, 0x07, 0xfc, 0xfc,
  0xfc, 0x09, 0x07, 0xfc, 0xfc, 0xfc, 0x0a, 0x07, 0xfc, 0xfc, 0xfc, 0x0b, 0x07, 0xfc, 0xfc, 0xfc,
  0x0c, 0x07, 0xfc, 0xfc, 0xfc, 0x0d, 0x07, 0xa4, 0x00, 0x00, 0x0e, 0x07, 0xfc, 0x74, 0x60, 0x0f,
  0x07, 0xa4, 0x00, 0x00, 0x10, 0x07, 0xfc, 0x74, 0x60, 0x11, 0x07, 0xfc, 0x74, 0x60, 0x12, 0x07,
  0xfc, 0x74, 0x60, 0x13, 0x07, 0xa4, 0x00, 0x00, 0x14, 0x07, 0xa4, 0x00, 0x00, 0x08, 0x08, 0xfc,
  0xfc, 0xfc, 0x09, 0x08, 0xa4, 0x00, 0x00, 0x0a, 0x08, 0xfc, 0xfc, 0xfc, 0x0b, 0x08, 0xfc, 0xfc,
  0xfc, 0x0c, 0x08, 0xa4, 0x00, 0x00, 0x0d, 0x08, 0xfc, 0x74, 0x60, 0x0e, 0x08, 0xa4, 0x00, 0x00,
  0x0f, 0x08, 0xfc, 0xfc, 0xfc, 0x10, 0x08, 0xfc, 0xfc, 0xfc, 0x11, 0x08, 0xfc, 0x74, 0x60, 0x12,
  0x08, 0xfc, 0x74, 0x60, 0x13, 0x08, 0xfc, 0xfc, 0xfc, 0x14, 0x08, 0xa4, 0x00, 0x00, 0x16, 0x08,
  0xfc, 0x74, 0x60, 0x08, 0x09, 0xfc, 0xfc, 0xfc, 0x09, 0x09, 0xfc, 0x74, 0x60, 0x0a, 0x09, 0xfc,
  0x74, 0x60, 0x0b, 0x09, 0xfc, 0xfc, 0xfc, 0x0c, 0x09, 0xa4, 0x00, 0x00, 0x0d, 0x09, 0xfc, 0x74,
  0x60, 0x0e, 0x09, 0xfc, 0xfc, 0xfc, 0x0f, 0x09, 0xfc, 0xfc, 0xfc, 0x10, 0x09, 0xa4, 0x00, 0x00,
  0x11, 0x09, 0xfc, 0x74, 0x60, 0x12, 0x09, 0xfc, 0xfc, 0xfc, 0x13, 0x09, 0xa4, 0x00, 0x00, 0x14,
  0x09, 0xfc, 0x74, 0x60, 0x15, 0x09, 0xa4, 0x00, 0x00, 0x16, 0x09, 0xfc, 0x74, 0x60, 0x17, 0x09,
  0xfc, 0x74, 0x60, 0x08, 0x0a, 0xfc, 0xfc, 0xfc, 0x09, 0x0a, 0xfc, 0x74, 0x60, 0x0a, 0x0a, 0xfc,
  0x74, 0x60, 0x0b, 0x0a, 0xfc, 0xfc, 0xfc, 0x0c, 0x0a, 0xfc, 0x74, 0x60, 0x0d, 0x0a, 0xfc, 0x74,
  0x60, 0x0e, 0x0a, 0xfc, 0x74, 0x60, 0x0f, 0x0a, 0xfc, 0xfc, 0xfc, 0x10, 0x0a, 0xfc, 0xfc, 0xfc,
  0x11, 0x0a, 0xfc, 0x74, 0x60, 0x12, 0x0a, 0xfc, 0x74, 0x60, 0x13, 0x0a, 0xfc, 0xfc, 0xfc, 0x14,
  0x0a, 0xfc, 0x74, 0x60, 0x15, 0x0a, 0xa4, 0x00, 0x00, 0x16, 0x0a, 0xfc, 0x74, 0x60, 0x17, 0x0a,
  0xfc, 0x74, 0x60, 0x03, 0x0b, 0xfc, 0x74, 0x60, 0x04, 0x0b, 0xfc, 0x74, 0x60, 0x08, 0x0b, 0xfc,
  0xfc, 0xfc, 0x09, 0x0b, 0xfc, 0x74, 0x60, 0x0a, 0x0b, 0xfc, 0x74, 0x60, 0x0b, 0x0b, 0xfc, 0xfc,
  0xfc, 0x0c, 0x0b, 0xfc, 0x74, 0x60, 0x0d, 0x0b, 0xfc, 0x74, 0x60, 0x0e, 0x0b, 0xfc, 0x74, 0x60,
  0x0f, 0x0b, 0xfc, 0x74, 0x60, 0x10, 0x0b, 0xa4, 0x00, 0x00, 0x11, 0x0b, 0xfc, 0xfc, 0xfc, 0x12,
  0x0b, 0xfc, 0xfc, 0xfc, 0x13, 0x0b, 0xa4, 0x00, 0x00, 0x14, 0x0b, 0xfc, 0x74, 0x60, 0x15, 0x0b,
  0xa4, 0x00, 0x00, 0x16, 0x0b, 0xfc, 0x74, 0x60, 0x02, 0x0c, 0xfc, 0x74, 0x60, 0x03, 0x0c, 0xfc,
  0x74, 0x60, 0x04, 0x0c, 0xfc, 0x74, 0x60, 0x05, 0x0c, 0xfc, 0x74, 0x60, 0x06, 0x0c, 0xfc, 0x74,
  0x60, 0x07, 0x0c, 0xfc, 0x74, 0x60, 0x08, 0x0c, 0xa4, 0x00, 0x00, 0x09, 0x0c, 0xfc, 0xfc, 0xfc,
  0x0a, 0x0c, 0xfc, 0xfc, 0xfc, 0x0b, 0x0c, 0xa4, 0x00, 0x00, 0x0c, 0x0c, 0xfc, 0x74, 0x60, 0x0d,
  0x0c, 0xfc, 0x74, 0x60, 0x0e, 0x0c, 0xfc, 0x74, 0x60, 0x0f, 0x0c, 0xfc, 0x74, 0x60, 0x10, 0x0c,
  0xfc, 0x74, 0x60, 0x11, 0x0c, 0xa4, 0x00, 0x00, 0x12, 0x0c, 0xa4, 0x00, 0x00, 0x13, 0x0c, 0xfc,
  0x74, 0x60, 0x14, 0x0c, 0xfc, 0x74, 0x60, 0x15, 0x0c, 0xa4, 0x00, 0x00, 0x02, 0x0d, 0xfc, 0x74,
  0x60, 0x03, 0x0d, 0xfc, 0x74, 0x60, 0x04, 0x0d, 0xfc, 0x74, 0x60, 0x05, 0x0d, 0xfc, 0x74, 0x60,
  0x06, 0x0d, 0xfc, 0x74, 0x60, 0x07, 0x0d, 0xfc, 0x74, 0x60, 0x08, 0x0d, 0xfc, 0x74, 0x60, 0x09,
  0x0d, 0xa4, 0x00, 0x00, 0x0a, 0x0d, 0xa4, 0x00, 0x00, 0x0b, 0x0d, 0xfc, 0xfc, 0xfc, 0x0c, 0x0d,
  0xfc, 0x74, 0x60, 0x0d, 0x0d, 0xfc, 0x74, 0x60, 0x0e, 0x0d, 0xfc, 0x74, 0x60, 0x0f, 0x0d, 0xfc,
  0x74, 0x60, 0x10, 0x0d, 0xfc, 0x74, 0x60, 0x11, 0x0d, 0xfc, 0x74, 0x60, 0x12, 0x0d, 0xfc, 0x74,
  0x60, 0x13, 0x0d, 0xfc, 0x74, 0x60, 0x14, 0x0d, 0xfc, 0x74, 0x60, 0x15, 0x0d, 0xa4, 0x00, 0x00,
  0x02, 0x0e, 0xfc, 0x74, 0x60, 0x03, 0x0e, 0xfc, 0x74, 0x60, 0x04, 0x0e, 0xfc, 0x74, 0x60, 0x05,
  0x0e, 0xfc, 0x74, 0x60, 0x06, 0x0e, 0xfc, 0x74, 0x60, 0x07, 0x0e, 0xfc, 0x74, 0x60, 0x08, 0x0e,
  0xfc, 0x74, 0x60, 0x09, 0x0e, 0xfc, 0x74, 0x60, 0x0a, 0x0e, 0xfc, 0x74, 0x60, 0x0b, 0x0e, 0xa4,
  0x00, 0x00, 0x0c, 0x0e, 0xfc, 0xfc, 0xfc, 0x0d, 0x0e, 0xfc, 0x74, 0x60, 0x0e, 0x0e, 0xfc, 0x74,
  0x60, 0x0f, 0x0e, 0xfc, 0x74, 0x60, 0x10, 0x0e, 0xfc, 0x74, 0x60, 0x11, 0x0e, 0xfc, 0x74, 0x60,
  0x12, 0x0e, 0xfc, 0x74, 0x60, 0x13, 0x0e, 0xfc, 0xfc, 0xfc, 0x14, 0x0e, 0xa4, 0x00, 0x00, 0x04,
  0x0f, 0xfc, 0x74, 0x60, 0x05, 0x0f, 0xfc, 0x74, 0x60, 0x06, 0x0f, 0xfc, 0x74, 0x60, 0x07, 0x0f,
  0xfc, 0x74, 0x60, 0x08, 0x0f, 0xfc, 0x74, 0x60, 0x09, 0x0f, 0xfc, 0x74, 0x60, 0x0a, 0x0f, 0xfc,
  0x74, 0x60, 0x0b, 0x0f, 0xfc, 0x74, 0x60, 0x0c, 0x0f, 0xfc, 0x74, 0x60, 0x0d, 0x0f, 0xfc, 0xfc,
  0xfc, 0x0e, 0x0f, 0xfc, 0xfc, 0xfc, 0x0f, 0x0f, 0xfc, 0xfc, 0xfc, 0x10, 0x0f, 0xfc, 0xfc, 0xfc,
  0x11, 0x0f, 0xfc, 0xfc, 0xfc, 0x12, 0x0f, 0xfc, 0xfc, 0xfc, 0x13, 0x0f, 0xa4, 0x00, 0x00, 0x07,
  0x10, 0xfc, 0x74, 0x60, 0x08, 0x10, 0xfc, 0x74, 0x60, 0x09, 0x10, 0xfc, 0x74, 0x60, 0x0a, 0x10,
  0xfc, 0x74, 0x60, 0x0b, 0x10, 0xfc, 0x74, 0x60, 0x0c, 0x10, 0xfc, 0x74, 0x60, 0x0d, 0x10, 0xfc,
  0x74, 0x60, 0x0e, 0x10, 0xfc, 0x74, 0x60, 0x0f, 0x10, 0xfc, 0x74, 0x60, 0x10, 0x10, 0xfc, 0x74,
  0x60, 0x11, 0x10, 0xfc, 0x74, 0x60, 0x12, 0x10, 0xfc, 0x74, 0x60, 0x13, 0x10, 0x00, 0x94, 0x00,
  0x08, 0x11, 0xfc, 0x74, 0x60, 0x09, 0x11, 0xfc, 0x74, 0x60, 0x0a, 0x11, 0xfc, 0x74, 0x60, 0x0b,
  0x11, 0xfc, 0x74, 0x60, 0x0c, 0x11, 0xfc, 0x74, 0x60, 0x0d, 0x11, 0xfc, 0x74, 0x60, 0x0e, 0x11,
  0xfc, 0x74, 0x60, 0x0f, 0x11, 0xfc, 0x74, 0x60, 0x10, 0x11, 0xfc, 0x74, 0x60, 0x11, 0x11, 0x00,
  0x94, 0x00, 0x12, 0x11, 0x00, 0x94, 0x00, 0x07, 0x12, 0x00, 0x94, 0x00, 0x08, 0x12, 0xfc, 0x74,
  0x60, 0x09, 0x12, 0xfc, 0x74, 0x60, 0x0a, 0x12, 0xfc, 0x74, 0x60, 0x0b, 0x12, 0xfc, 0x74, 0x60,
  0x0c, 0x12, 0xfc, 0x74, 0x60, 0x0d, 0x12, 0xfc, 0x74, 0x60, 0x0e, 0x12, 0xfc, 0x74, 0x60, 0x0f,
  0x12, 0xfc, 0x74, 0x60, 0x10, 0x12, 0x00, 0x94, 0x00, 0x11, 0x12, 0xfc, 0xfc, 0xfc, 0x12, 0x12,
  0xfc, 0xfc, 0xfc, 0x06, 0x13, 0x00, 0x94, 0x00, 0x07, 0x13, 0x00, 0x94, 0x00, 0x08, 0x13, 0x00,
  0x94, 0x00, 0x09, 0x13, 0xfc, 0x74, 0x60, 0x0a, 0x13, 0xfc, 0x74, 0x60, 0x0b, 0x13, 0xfc, 0x74,
  0x60, 0x0c, 0x13, 0xfc, 0x74, 0x60, 0x0d, 0x13, 0xfc, 0x74, 0x60, 0x0e, 0x13, 0xfc, 0x74, 0x60,
  0x0f, 0x13, 0x00, 0x94, 0x00, 0x10, 0x13, 0xfc, 0xfc, 0xfc, 0x11, 0x13, 0xfc, 0xfc, 0xfc, 0x12,
  0x13, 0xfc, 0xfc, 0xfc, 0x13, 0x13, 0xfc, 0xfc, 0xfc, 0x06, 0x14, 0xfc, 0xfc, 0xfc, 0x07, 0x14,
  0xfc, 0xfc, 0xfc, 0x08, 0x14, 0x00, 0x94, 0x00, 0x09, 0x14, 0x00, 0x94, 0x00, 0x0a, 0x14, 0xfc,
  0x74, 0x60, 0x0b, 0x14, 0xfc, 0x74, 0x60, 0x0c, 0x14, 0xfc, 0x74, 0x60, 0x0d, 0x14, 0xfc, 0x74,
  0x60, 0x0e, 0x14, 0xfc, 0x74, 0x60, 0x0f, 0x14, 0x00, 0x94, 0x00, 0x10, 0x14, 0xfc, 0xfc, 0xfc,
  0x11, 0x14, 0xfc, 0xfc, 0xfc, 0x12, 0x14, 0xfc, 0xfc, 0xfc, 0x13, 0x14, 0xfc, 0xfc, 0xfc, 0x05,
  0x15, 0xfc, 0xfc, 0xfc, 0x06, 0x15, 0xfc, 0xfc, 0xfc, 0x07, 0x15, 0xfc, 0xfc, 0xfc, 0x08, 0x15,
  0xfc, 0xfc, 0xfc, 0x09, 0x15, 0x00, 0x94, 0x00, 0x0a, 0x15, 0x00, 0x94, 0x00, 0x0b, 0x15, 0x00,
  0x94, 0x00, 0x0c, 0x15, 0x00, 0x94, 0x00, 0x0d, 0x15, 0x00, 0x94, 0x00, 0x0e, 0x15, 0x00, 0x94,
  0x00, 0x0f, 0x15, 0x00, 0x94, 0x00, 0x10, 0x15, 0xfc, 0xfc, 0xfc, 0x11, 0x15, 0xfc, 0xfc, 0xfc,
  0x12, 0x15, 0xfc, 0xfc, 0xfc, 0x13, 0x15, 0xfc, 0xfc, 0xfc, 0x05, 0x16, 0xfc, 0xfc, 0xfc, 0x06,
  0x16, 0xfc, 0xfc, 0xfc, 0x07, 0x16, 0xfc, 0xfc, 0xfc, 0x08, 0x16, 0xfc, 0xfc, 0xfc, 0x0a, 0x16,
  0x00, 0x94, 0x00, 0x0b, 0x16, 0x00, 0x94, 0x00, 0x0c, 0x16, 0x00, 0x94, 0x00, 0x10, 0x16, 0xfc,
  0xfc, 0xfc, 0x11, 0x16, 0xfc, 0x74, 0x60, 0x12, 0x16, 0xfc, 0x74, 0x60, 0x13, 0x16, 0xfc, 0x74,
  0x60, 0x04, 0x17, 0xfc, 0x74, 0x60, 0x05, 0x17, 0xfc, 0x74, 0x60, 0x06, 0x17, 0xfc, 0x74, 0x60,
  0x07, 0x17, 0xfc, 0x74, 0x60, 0x10, 0x17, 0xfc, 0x74, 0x60, 0x11, 0x17, 0xfc, 0x74, 0x60, 0x12,
  0x17, 0xfc, 0x74, 0x60, 0x13, 0x17, 0xfc, 0x74, 0x60, 0x03, 0x18, 0xfc, 0x74, 0x60, 0x04, 0x18,
  0xfc, 0x74, 0x60, 0x05, 0x18, 0xfc, 0x74, 0x60, 0x06, 0x18, 0xfc, 0x74, 0x60, 0x07, 0x18, 0xfc,
  0x74, 0x60, 0x10, 0x18, 0xfc, 0x74, 0x60, 0x11, 0x18, 0xfc, 0x74, 0x60, 0x12, 0x18, 0xfc, 0x74,
  0x60, 0x13, 0x18, 0xfc, 0x74, 0x60, 0x14, 0x18, 0xfc, 0x74, 0x60, 0x01, 0x19, 0xfc, 0xfc, 0xfc,
  0x02, 0x19, 0xfc, 0xfc, 0xfc, 0x03, 0x19, 0xfc, 0x74, 0x60, 0x04, 0x19, 0xfc, 0x74, 0x60, 0x05,
  0x19, 0xfc, 0x74, 0x60, 0x06, 0x19, 0xfc, 0x74, 0x60, 0x07, 0x19, 0xfc, 0x74, 0x60, 0x08, 0x19,
  0xfc, 0xfc, 0xfc, 0x09, 0x19, 0xfc, 0xfc, 0xfc, 0x0a, 0x19, 0xfc, 0xfc, 0xfc, 0x0b, 0x19, 0xfc,
  0xfc, 0xfc, 0x0c, 0x19, 0xfc, 0xfc, 0xfc, 0x0d, 0x19, 0xfc, 0xfc, 0xfc, 0x0e, 0x19, 0xfc, 0xfc,
  0xfc, 0x0f, 0x19, 0xfc, 0xfc, 0xfc, 0x10, 0x19, 0xfc, 0x74, 0x60, 0x11, 0x19, 0xfc, 0x74, 0x60,
  0x12, 0x19, 0xfc, 0x74, 0x60, 0x13, 0x19, 0xfc, 0x74, 0x60, 0x14, 0x19, 0xfc, 0x74, 0x60, 0x15,
  0x19, 0xfc, 0xfc, 0xfc, 0x16, 0x19, 0xfc, 0xfc, 0xfc, 0x00, 0x1a, 0xfc, 0xfc, 0xfc, 0x01, 0x1a,
  0xa4, 0x00, 0x00, 0x02, 0x1a, 0xa4, 0x00, 0x00, 0x03, 0x1a, 0xa4, 0x00, 0x00, 0x04, 0x1a, 0xa4,
  0x00, 0x00, 0x05, 0x1a, 0xa4, 0x00, 0x00, 0x06, 0x1a, 0xa4, 0x00, 0x00, 0x07, 0x1a, 0xa4, 0x00,
  0x00, 0x08, 0x1a, 0xa4, 0x00, 0x00, 0x09, 0x1a, 0xa4, 0x00, 0x00, 0x0a, 0x1a, 0xa4, 0x00, 0x00,
  0x0b, 0x1a, 0xa4, 0x00, 0x00, 0x0c, 0x1a, 0xa4, 0x00, 0x00, 0x0d, 0x1a, 0xa4, 0x00, 0x00, 0x0e,
  0x1a, 0xa4, 0x00, 0x00, 0x0f, 0x1a, 0xa4, 0x00, 0x00, 0x10, 0x1a, 0xa4, 0x00, 0x00, 0x11, 0x1a,
  0xa4, 0x00, 0x00, 0x12, 0x1a, 0xa4, 0x00, 0x00, 0x13, 0x1a, 0xa4, 0x00, 0x00, 0x14, 0x1a, 0xa4,
  0x00, 0x00, 0x15, 0x1a, 0xa4, 0x00, 0x00, 0x16, 0x1a, 0xa4, 0x00, 0x00, 0x17, 0x1a, 0xfc, 0xfc,
  0xfc, 0x01, 0x1b, 0xfc, 0xfc, 0xfc, 0x02, 0x1b, 0xa4, 0x00, 0x00, 0x03, 0x1b, 0xa4, 0x00, 0x00,
  0x04, 0x1b, 0xa4, 0x00, 0x00, 0x05, 0x1b, 0xa4, 0x00, 0x00, 0x06, 0x1b, 0xa4, 0x00, 0x00, 0x07,
  0x1b, 0xa4, 0x00, 0x00, 0x08, 0x1b, 0xa4, 0x00, 0x00, 0x09, 0x1b, 0xa4, 0x00, 0x00, 0x0a, 0x1b,
  0xa4, 0x00, 0x00, 0x0b, 0x1b, 0xa4, 0x00, 0x00, 0x0c, 0x1b, 0xa4, 0x00, 0x00, 0x0d, 0x1b, 0xa4,
  0x00, 0x00, 0x0e, 0x1b, 0xa4, 0x00, 0x00, 0x0f, 0x1b, 0xa4, 0x00, 0x00, 0x10, 0x1b, 0xa4, 0x00,
  0x00, 0x11, 0x1b, 0xa4, 0x00, 0x00, 0x12, 0x1b, 0xa4, 0x00, 0x00, 0x13, 0x1b, 0xa4, 0x00, 0x00,
  0x14, 0x1b, 0xa4, 0x00, 0x00, 0x15, 0x1b, 0xa4, 0x00, 0x00, 0x16, 0x1b, 0xfc, 0xfc, 0xfc, 0x02,
  0x1c, 0xfc, 0xfc, 0xfc, 0x03, 0x1c, 0xfc, 0xfc, 0xfc, 0x04, 0x1c, 0xfc, 0xfc, 0xfc, 0x05, 0x1c,
  0xfc, 0xfc, 0xfc, 0x06, 0x1c, 0xfc, 0xfc, 0xfc, 0x07, 0x1c, 0xfc, 0xfc, 0xfc, 0x08, 0x1c, 0xfc,
  0xfc, 0xfc, 0x09, 0x1c, 0xfc, 0xfc, 0xfc, 0x0a, 0x1c, 0xfc, 0xfc, 0xfc, 0x0b, 0x1c, 0xfc, 0xfc,
  0xfc, 0x0c, 0x1c, 0xfc, 0xfc, 0xfc, 0x0d, 0x1c, 0xfc, 0xfc, 0xfc, 0x0e, 0x1c, 0xfc, 0xfc, 0xfc,
  0x0f, 0x1c, 0xfc, 0xfc, 0xfc, 0x10, 0x1c, 0xfc, 0xfc, 0xfc, 0x11, 0x1c, 0xfc, 0xfc, 0xfc, 0x12,
  0x1c, 0xfc, 0xfc, 0xfc, 0x13, 0x1c, 0xfc, 0xfc, 0xfc, 0x14, 0x1c, 0xfc, 0xfc, 0xfc, 0x15, 0x1c,
  0xfc, 0xfc, 0xfc, 0x03, 0x1d, 0xfc, 0xfc, 0xfc, 0x04, 0x1d, 0xa4, 0x00, 0x00, 0x05, 0x1d, 0xa4,
  0x00, 0x00, 0x06, 0x1d, 0xfc, 0xfc, 0xfc, 0x11, 0x1d, 0xfc, 0xfc, 0xfc, 0x12, 0x1d, 0xa4, 0x00,
  0x00, 0x13, 0x1d, 0xa4, 0x00, 0x00, 0x14, 0x1d, 0xfc, 0xfc, 0xfc, 0x03, 0x1e, 0xfc, 0xfc, 0xfc,
  0x04, 0x1e, 0xa4, 0x00, 0x00, 0x05, 0x1e, 0xa4, 0x00, 0x00, 0x06, 0x1e, 0xfc, 0xfc, 0xfc, 0x11,
  0x1e, 0xfc, 0xfc, 0xfc, 0x12, 0x1e, 0xa4, 0x00, 0x00, 0x13, 0x1e, 0xa4, 0x00, 0x00, 0x14, 0x1e,
  0xfc, 0xfc, 0xfc, 0x04, 0x1f, 0xfc, 0xfc, 0xfc, 0x05, 0x1f, 0xfc, 0xfc, 0xfc, 0x12, 0x1f, 0xfc,
  0xfc, 0xfc, 0x13, 0x1f, 0xfc, 0xfc, 0xfc
};
static const AISprite kHiggins_skateboard_1 PROGMEM = {
  .w = 24, .h = 32, .pixelCount = 443,
  .pixels = kHiggins_skateboard_1Pixels, .fmt = 5,
};

// Higgins_skateboard_jump_0 ("higgins.skateboard_jump.0"): 24x32, 417 pixels, fmt=5
static const uint8_t kHiggins_skateboard_jump_0Pixels[] PROGMEM = {
  0x07, 0x00, 0xfc, 0xfc, 0xfc, 0x08, 0x00, 0xfc, 0xfc, 0xfc, 0x09, 0x00, 0xfc, 0xfc, 0xfc, 0x0a,
  0x00, 0xfc, 0xfc, 0xfc, 0x0b, 0x00, 0xfc, 0xfc, 0xfc, 0x05, 0x01, 0xfc, 0xfc, 0xfc, 0x06, 0x01,
  0xfc, 0xfc, 0xfc, 0x07, 0x01, 0xfc, 0xfc, 0xfc, 0x08, 0x01, 0xfc, 0xfc, 0xfc, 0x09, 0x01, 0xfc,
  0xfc, 0xfc, 0x0a, 0x01, 0xfc, 0xfc, 0xfc, 0x0b, 0x01, 0xfc, 0xfc, 0xfc, 0x0c, 0x01, 0xfc, 0xfc,
  0xfc, 0x0d, 0x01, 0xfc, 0xfc, 0xfc, 0x04, 0x02, 0xfc, 0xfc, 0xfc, 0x05, 0x02, 0xfc, 0xfc, 0xfc,
  0x06, 0x02, 0xfc, 0xfc, 0xfc, 0x07, 0x02, 0xfc, 0xfc, 0xfc, 0x08, 0x02, 0xfc, 0xfc, 0xfc, 0x09,
  0x02, 0xfc, 0xfc, 0xfc, 0x0a, 0x02, 0xfc, 0xfc, 0xfc, 0x0b, 0x02, 0xfc, 0xfc, 0xfc, 0x0c, 0x02,
  0xfc, 0xfc, 0xfc, 0x0d, 0x02, 0xfc, 0xfc, 0xfc, 0x0e, 0x02, 0xfc, 0xfc, 0xfc, 0x04, 0x03, 0xfc,
  0xfc, 0xfc, 0x05, 0x03, 0xfc, 0xfc, 0xfc, 0x06, 0x03, 0xfc, 0xfc, 0xfc, 0x07, 0x03, 0xfc, 0xfc,
  0xfc, 0x08, 0x03, 0xfc, 0xfc, 0xfc, 0x09, 0x03, 0xfc, 0xfc, 0xfc, 0x0a, 0x03, 0xfc, 0xfc, 0xfc,
  0x0b, 0x03, 0xfc, 0xfc, 0xfc, 0x0c, 0x03, 0xfc, 0xfc, 0xfc, 0x0d, 0x03, 0xfc, 0xfc, 0xfc, 0x0e,
  0x03, 0xfc, 0xfc, 0xfc, 0x03, 0x04, 0xfc, 0xfc, 0xfc, 0x04, 0x04, 0xfc, 0xfc, 0xfc, 0x05, 0x04,
  0xfc, 0xfc, 0xfc, 0x06, 0x04, 0xfc, 0xfc, 0xfc, 0x07, 0x04, 0xfc, 0xfc, 0xfc, 0x08, 0x04, 0xfc,
  0xfc, 0xfc, 0x09, 0x04, 0xfc, 0xfc, 0xfc, 0x0a, 0x04, 0xa4, 0x00, 0x00, 0x0b, 0x04, 0xa4, 0x00,
  0x00, 0x0c, 0x04, 0xa4, 0x00, 0x00, 0x0d, 0x04, 0xa4, 0x00, 0x00, 0x0e, 0x04, 0xa4, 0x00, 0x00,
  0x0f, 0x04, 0xfc, 0xfc, 0xfc, 0x03, 0x05, 0xfc, 0xfc, 0xfc, 0x04, 0x05, 0xfc, 0xfc, 0xfc, 0x05,
  0x05, 0xfc, 0xfc, 0xfc, 0x06, 0x05, 0xfc, 0xfc, 0xfc, 0x07, 0x05, 0xfc, 0xfc, 0xfc, 0x08, 0x05,
  0xa4, 0x00, 0x00, 0x09, 0x05, 0xa4, 0x00, 0x00, 0x0a, 0x05, 0xa4, 0x00, 0x00, 0x0b, 0x05, 0xfc,
  0x74, 0x60, 0x0c, 0x05, 0xfc, 0x74, 0x60, 0x0d, 0x05, 0xfc, 0x74, 0x60, 0x0e, 0x05, 0xa4, 0x00,
  0x00, 0x0f, 0x05, 0xfc, 0xfc, 0xfc, 0x03, 0x06, 0xfc, 0xfc, 0xfc, 0x04, 0x06, 0xfc, 0xfc, 0xfc,
  0x05, 0x06, 0xfc, 0xfc, 0xfc, 0x06, 0x06, 0xfc, 0xfc, 0xfc, 0x07, 0x06, 0xa4, 0x00, 0x00, 0x08,
  0x06, 0xa4, 0x00, 0x00, 0x09, 0x06, 0xfc, 0x74, 0x60, 0x0a, 0x06, 0xfc, 0x74, 0x60, 0x0b, 0x06,
  0xfc, 0x74, 0x60, 0x0c, 0x06, 0xfc, 0x74, 0x60, 0x0d, 0x06, 0xfc, 0x74, 0x60, 0x0e, 0x06, 0xfc,
  0x74, 0x60, 0x0f, 0x06, 0xa4, 0x00, 0x00, 0x03, 0x07, 0xfc, 0xfc, 0xfc, 0x04, 0x07, 0xfc, 0xfc,
  0xfc, 0x05, 0x07, 0xfc, 0xfc, 0xfc, 0x06, 0x07, 0xfc, 0xfc, 0xfc, 0x07, 0x07, 0xa4, 0x00, 0x00,
  0x08, 0x07, 0xfc, 0x74, 0x60, 0x09, 0x07, 0xa4, 0x00, 0x00, 0x0a, 0x07, 0xa4, 0x00, 0x00, 0x0b,
  0x07, 0xfc, 0x74, 0x60, 0x0c, 0x07, 0xfc, 0x74, 0x60, 0x0d, 0x07, 0xa4, 0x00, 0x00, 0x0e, 0x07,
  0xa4, 0x00, 0x00, 0x0f, 0x07, 0xa4, 0x00, 0x00, 0x03, 0x08, 0xfc, 0xfc, 0xfc, 0x04, 0x08, 0xa4,
  0x00, 0x00, 0x05, 0x08, 0xfc, 0xfc, 0xfc, 0x06, 0x08, 0xa4, 0x00, 0x00, 0x07, 0x08, 0xfc, 0x74,
  0x60, 0x08, 0x08, 0xa4, 0x00, 0x00, 0x09, 0x08, 0xfc, 0x74, 0x60, 0x0a, 0x08, 0xfc, 0x74, 0x60,
  0x0b, 0x08, 0xfc, 0x74, 0x60, 0x0c, 0x08, 0xfc, 0x74, 0x60, 0x0d, 0x08, 0xfc, 0x74, 0x60, 0x0e,
  0x08, 0xfc, 0x74, 0x60, 0x0f, 0x08, 0xa4, 0x00, 0x00, 0x03, 0x09, 0xfc, 0xfc, 0xfc, 0x04, 0x09,
  0xfc, 0x74, 0x60, 0x05, 0x09, 0xfc, 0xfc, 0xfc, 0x06, 0x09, 0xa4, 0x00, 0x00, 0x07, 0x09, 0xfc,
  0x74, 0x60, 0x08, 0x09, 0xfc, 0x74, 0x60, 0x09, 0x09, 0xfc, 0x74, 0x60, 0x0a, 0x09, 0xfc, 0xfc,
  0xfc, 0x0b, 0x09, 0xfc, 0xfc, 0xfc, 0x0c, 0x09, 0xfc, 0x74, 0x60, 0x0d, 0x09, 0xfc, 0xfc, 0xfc,
  0x0e, 0x09, 0xfc, 0xfc, 0xfc, 0x0f, 0x09, 0xfc, 0x74, 0x60, 0x10, 0x09, 0xa4, 0x00, 0x00, 0x03,
  0x0a, 0xfc, 0xfc, 0xfc, 0x04, 0x0a, 0xfc, 0x74, 0x60, 0x05, 0x0a, 0xfc, 0xfc, 0xfc, 0x06, 0x0a,
  0xa4, 0x00, 0x00, 0x07, 0x0a, 0xfc, 0x74, 0x60, 0x08, 0x0a, 0xfc, 0x74, 0x60, 0x09, 0x0a, 0xfc,
  0xfc, 0xfc, 0x0a, 0x0a, 0xfc, 0xfc, 0xfc, 0x0b, 0x0a, 0xa4, 0x00, 0x00, 0x0c, 0x0a, 0xfc, 0x74,
  0x60, 0x0d, 0x0a, 0xfc, 0xfc, 0xfc, 0x0e, 0x0a, 0xa4, 0x00, 0x00, 0x0f, 0x0a, 0xfc, 0x74, 0x60,
  0x10, 0x0a, 0xa4, 0x00, 0x00, 0x03, 0x0b, 0xa4, 0x00, 0x00, 0x04, 0x0b, 0xfc, 0xfc, 0xfc, 0x05,
  0x0b, 0xfc, 0xfc, 0xfc, 0x06, 0x0b, 0xa4, 0x00, 0x00, 0x07, 0x0b, 0xfc, 0x74, 0x60, 0x08, 0x0b,
  0xfc, 0x74, 0x60, 0x09, 0x0b, 0xfc, 0x74, 0x60, 0x0a, 0x0b, 0xfc, 0x74, 0x60, 0x0b, 0x0b, 0xfc,
  0x74, 0x60, 0x0c, 0x0b, 0xfc, 0x74, 0x60, 0x0d, 0x0b, 0xfc, 0x74, 0x60, 0x0e, 0x0b, 0xfc, 0x74,
  0x60, 0x0f, 0x0b, 0xfc, 0x74, 0x60, 0x10, 0x0b, 0xa4, 0x00, 0x00, 0x02, 0x0c, 0xa4, 0x00, 0x00,
  0x03, 0x0c, 0xa4, 0x00, 0x00, 0x04, 0x0c, 0xfc, 0xfc, 0xfc, 0x05, 0x0c, 0xfc, 0xfc, 0xfc, 0x06,
  0x0c, 0xa4, 0x00, 0x00, 0x07, 0x0c, 0xfc, 0x74, 0x60, 0x08, 0x0c, 0xfc, 0x74, 0x60, 0x09, 0x0c,
  0xfc, 0x74, 0x60, 0x0a, 0x0c, 0xfc, 0x74, 0x60, 0x0b, 0x0c, 0xfc, 0x74, 0x60, 0x0c, 0x0c, 0xa4,
  0x00, 0x00, 0x0d, 0x0c, 0xa4, 0x00, 0x00, 0x0e, 0x0c, 0xfc, 0x74, 0x60, 0x0f, 0x0c, 0xfc, 0x74,
  0x60, 0x10, 0x0c, 0xa4, 0x00, 0x00, 0x11, 0x0c, 0xfc, 0x74, 0x60, 0x12, 0x0c, 0xfc, 0x74, 0x60,
  0x13, 0x0c, 0xfc, 0x74, 0x60, 0x02, 0x0d, 0xa4, 0x00, 0x00, 0x03, 0x0d, 0xa4, 0x00, 0x00, 0x04,
  0x0d, 0xfc, 0xfc, 0xfc, 0x05, 0x0d, 0xfc, 0xfc, 0xfc, 0x06, 0x0d, 0xfc, 0xfc, 0xfc, 0x07, 0x0d,
  0xfc, 0x74, 0x60, 0x08, 0x0d, 0xfc, 0x74, 0x60, 0x09, 0x0d, 0xfc, 0x74, 0x60, 0x0a, 0x0d, 0xa4,
  0x00, 0x00, 0x0b, 0x0d, 0xa4, 0x00, 0x00, 0x0c, 0x0d, 0xfc, 0x74, 0x60, 0x0d, 0x0d, 0xa4, 0x00,
  0x00, 0x0e, 0x0d, 0xfc, 0x74, 0x60, 0x0f, 0x0d, 0xfc, 0x74, 0x60, 0x10, 0x0d, 0xfc, 0xfc, 0xfc,
  0x11, 0x0d, 0xfc, 0x74, 0x60, 0x12, 0x0d, 0xfc, 0x74, 0x60, 0x03, 0x0e, 0xfc, 0x74, 0x60, 0x04,
  0x0e, 0xfc, 0x74, 0x60, 0x05, 0x0e, 0xfc, 0xfc, 0xfc, 0x06, 0x0e, 0xa4, 0x00, 0x00, 0x07, 0x0e,
  0xfc, 0xfc, 0xfc, 0x08, 0x0e, 0xfc, 0x74, 0x60, 0x09, 0x0e, 0xfc, 0x74, 0x60, 0x0a, 0x0e, 0xfc,
  0x74, 0x60, 0x0b, 0x0e, 0xfc, 0x74, 0x60, 0x0c, 0x0e, 0xfc, 0x74, 0x60, 0x0d, 0x0e, 0xfc, 0x74,
  0x60, 0x0e, 0x0e, 0xfc, 0x74, 0x60, 0x0f, 0x0e, 0xfc, 0xfc, 0xfc, 0x10, 0x0e, 0xfc, 0x74, 0x60,
  0x11, 0x0e, 0xfc, 0x74, 0x60, 0x02, 0x0f, 0xfc, 0x74, 0x60, 0x03, 0x0f, 0xfc, 0x74, 0x60, 0x04,
  0x0f, 0xfc, 0x74, 0x60, 0x05, 0x0f, 0xfc, 0x74, 0x60, 0x06, 0x0f, 0xfc, 0x74, 0x60, 0x07, 0x0f,
  0xfc, 0x74, 0x60, 0x08, 0x0f, 0xfc, 0xfc, 0xfc, 0x09, 0x0f, 0xfc, 0xfc, 0xfc, 0x0a, 0x0f, 0xfc,
  0xfc, 0xfc, 0x0b, 0x0f, 0xfc, 0xfc, 0xfc, 0x0c, 0x0f, 0xfc, 0xfc, 0xfc, 0x0d, 0x0f, 0xfc, 0xfc,
  0xfc, 0x0e, 0x0f, 0xfc, 0xfc, 0xfc, 0x0f, 0x0f, 0xfc, 0x74, 0x60, 0x10, 0x0f, 0xa4, 0x00, 0x00,
  0x01, 0x10, 0xfc, 0x74, 0x60, 0x02, 0x10, 0xfc, 0x74, 0x60, 0x03, 0x10, 0xfc, 0x74, 0x60, 0x04,
  0x10, 0xfc, 0x74, 0x60, 0x05, 0x10, 0xfc, 0x74, 0x60, 0x06, 0x10, 0xfc, 0x74, 0x60, 0x07, 0x10,
  0xfc, 0x74, 0x60, 0x08, 0x10, 0xfc, 0x74, 0x60, 0x09, 0x10, 0xfc, 0x74, 0x60, 0x0a, 0x10, 0xfc,
  0x74, 0x60, 0x0b, 0x10, 0xfc, 0x74, 0x60, 0x0c, 0x10, 0xfc, 0x74, 0x60, 0x0d, 0x10, 0xfc, 0x74,
  0x60, 0x0e, 0x10, 0xfc, 0x74, 0x60, 0x0f, 0x10, 0xfc, 0x74, 0x60, 0x10, 0x10, 0x00, 0x94, 0x00,
  0x00, 0x11, 0xfc, 0x74, 0x60, 0x01, 0x11, 0xfc, 0x74, 0x60, 0x02, 0x11, 0xfc, 0x74, 0x60, 0x03,
  0x11, 0xfc, 0x74, 0x60, 0x06, 0x11, 0xfc, 0x74, 0x60, 0x07, 0x11, 0xfc, 0x74, 0x60, 0x08, 0x11,
  0xfc, 0x74, 0x60, 0x09, 0x11, 0xfc, 0x74, 0x60, 0x0a, 0x11, 0xfc, 0x74, 0x60, 0x0b, 0x11, 0xfc,
  0x74, 0x60, 0x0c, 0x11, 0xfc, 0x74, 0x60, 0x0d, 0x11, 0xfc, 0x74, 0x60, 0x0e, 0x11, 0xfc, 0x74,
  0x60, 0x0f, 0x11, 0x00, 0x94, 0x00, 0x10, 0x11, 0x00, 0x94, 0x00, 0x03, 0x12, 0xfc, 0x74, 0x60,
  0x06, 0x12, 0xfc, 0x74, 0x60, 0x07, 0x12, 0xfc, 0x74, 0x60, 0x08, 0x12, 0xfc, 0x74, 0x60, 0x09,
  0x12, 0xfc, 0x74, 0x60, 0x0a, 0x12, 0xfc, 0x74, 0x60, 0x0b, 0x12, 0xfc, 0x74, 0x60, 0x0c, 0x12,
  0xfc, 0x74, 0x60, 0x0d, 0x12, 0xfc, 0x74, 0x60, 0x0e, 0x12, 0x00, 0x94, 0x00, 0x0f, 0x12, 0x00,
  0x94, 0x00, 0x10, 0x12, 0xfc, 0xfc, 0xfc, 0x11, 0x12, 0xfc, 0xfc, 0xfc, 0x06, 0x13, 0x00, 0x94,
  0x00, 0x07, 0x13, 0x00, 0x94, 0x00, 0x08, 0x13, 0xfc, 0x74, 0x60, 0x09, 0x13, 0xfc, 0x74, 0x60,
  0x0a, 0x13, 0xfc, 0x74, 0x60, 0x0b, 0x13, 0xfc, 0x74, 0x60, 0x0c, 0x13, 0xfc, 0x74, 0x60, 0x0d,
  0x13, 0x00, 0x94, 0x00, 0x0e, 0x13, 0x00, 0x94, 0x00, 0x0f, 0x13, 0xfc, 0xfc, 0xfc, 0x10, 0x13,
  0xfc, 0xfc, 0xfc, 0x11, 0x13, 0xfc, 0xfc, 0xfc, 0x12, 0x13, 0xfc, 0xfc, 0xfc, 0x05, 0x14, 0x00,
  0x94, 0x00, 0x06, 0x14, 0x00, 0x94, 0x00, 0x07, 0x14, 0x00, 0x94, 0x00, 0x08, 0x14, 0x00, 0x94,
  0x00, 0x09, 0x14, 0x00, 0x94, 0x00, 0x0a, 0x14, 0x00, 0x94, 0x00, 0x0b, 0x14, 0x00, 0x94, 0x00,
  0x0c, 0x14, 0x00, 0x94, 0x00, 0x0d, 0x14, 0x00, 0x94, 0x00, 0x0e, 0x14, 0x00, 0x94, 0x00, 0x0f,
  0x14, 0xfc, 0xfc, 0xfc, 0x10, 0x14, 0xfc, 0xfc, 0xfc, 0x11, 0x14, 0xfc, 0xfc, 0xfc, 0x12, 0x14,
  0xfc, 0xfc, 0xfc, 0x05, 0x15, 0xfc, 0xfc, 0xfc, 0x06, 0x15, 0xfc, 0xfc, 0xfc, 0x07, 0x15, 0x00,
  0x94, 0x00, 0x08, 0x15, 0x00, 0x94, 0x00, 0x09, 0x15, 0x00, 0x94, 0x00, 0x0a, 0x15, 0x00, 0x94,
  0x00, 0x0b, 0x15, 0x00, 0x94, 0x00, 0x0c, 0x15, 0x00, 0x94, 0x00, 0x0e, 0x15, 0x00, 0x94, 0x00,
  0x0f, 0x15, 0xfc, 0x74, 0x60, 0x10, 0x15, 0xfc, 0x74, 0x60, 0x11, 0x15, 0xfc, 0x74, 0x60, 0x12,
  0x15, 0xfc, 0x74, 0x60, 0x04, 0x16, 0xfc, 0xfc, 0xfc, 0x05, 0x16, 0xfc, 0xfc, 0xfc, 0x06, 0x16,
  0xfc, 0xfc, 0xfc, 0x07, 0x16, 0xfc, 0xfc, 0xfc, 0x08, 0x16, 0x00, 0x94, 0x00, 0x09, 0x16, 0x00,
  0x94, 0x00, 0x0f, 0x16, 0xfc, 0x74, 0x60, 0x10, 0x16, 0xfc, 0x74, 0x60, 0x11, 0x16, 0xfc, 0x74,
  0x60, 0x12, 0x16, 0xfc, 0x74, 0x60, 0x13, 0x16, 0xfc, 0xfc, 0xfc, 0x04, 0x17, 0xfc, 0xfc, 0xfc,
  0x05, 0x17, 0xfc, 0xfc, 0xfc, 0x06, 0x17, 0xfc, 0xfc, 0xfc, 0x07, 0x17, 0xfc, 0xfc, 0xfc, 0x0f,
  0x17, 0xfc, 0xfc, 0xfc, 0x10, 0x17, 0xfc, 0xfc, 0xfc, 0x11, 0x17, 0xfc, 0xfc, 0xfc, 0x12, 0x17,
  0xfc, 0xfc, 0xfc, 0x13, 0x17, 0xfc, 0xfc, 0xfc, 0x14, 0x17, 0xfc, 0xfc, 0xfc, 0x15, 0x17, 0xfc,
  0xfc, 0xfc, 0x04, 0x18, 0xfc, 0x74, 0x60, 0x05, 0x18, 0xfc, 0x74, 0x60, 0x06, 0x18, 0xfc, 0xfc,
  0xfc, 0x07, 0x18, 0xfc, 0xfc, 0xfc, 0x0e, 0x18, 0xfc, 0xfc, 0xfc, 0x0f, 0x18, 0xfc, 0xfc, 0xfc,
  0x10, 0x18, 0xfc, 0xfc, 0xfc, 0x11, 0x18, 0xfc, 0xfc, 0xfc, 0x12, 0x18, 0xfc, 0xfc, 0xfc, 0x13,
  0x18, 0xfc, 0xfc, 0xfc, 0x14, 0x18, 0xfc, 0xfc, 0xfc, 0x15, 0x18, 0xa4, 0x00, 0x00, 0x16, 0x18,
  0xfc, 0xfc, 0xfc, 0x04, 0x19, 0xfc, 0x74, 0x60, 0x05, 0x19, 0xfc, 0x74, 0x60, 0x06, 0x19, 0xfc,
  0x74, 0x60, 0x07, 0x19, 0xfc, 0x74, 0x60, 0x0b, 0x19, 0xfc, 0xfc, 0xfc, 0x0c, 0x19, 0xfc, 0xfc,
  0xfc, 0x0d, 0x19, 0xfc, 0xfc, 0xfc, 0x0e, 0x19, 0xa4, 0x00, 0x00, 0x0f, 0x19, 0xa4, 0x00, 0x00,
  0x10, 0x19, 0xa4, 0x00, 0x00, 0x11, 0x19, 0xa4, 0x00, 0x00, 0x12, 0x19, 0xa4, 0x00, 0x00, 0x13,
  0x19, 0xa4, 0x00, 0x00, 0x14, 0x19, 0xfc, 0xfc, 0xfc, 0x15, 0x19, 0xfc, 0xfc, 0xfc, 0x16, 0x19,
  0xfc, 0xfc, 0xfc, 0x03, 0x1a, 0xfc, 0xfc, 0xfc, 0x04, 0x1a, 0xfc, 0x74, 0x60, 0x05, 0x1a, 0xfc,
  0x74, 0x60, 0x06, 0x1a, 0xfc, 0x74, 0x60, 0x07, 0x1a, 0xfc, 0xfc, 0xfc, 0x08, 0x1a, 0xfc, 0xfc,
  0xfc, 0x09, 0x1a, 0xfc, 0xfc, 0xfc, 0x0a, 0x1a, 0xfc, 0xfc, 0xfc, 0x0b, 0x1a, 0xa4, 0x00, 0x00,
  0x0c, 0x1a, 0xa4, 0x00, 0x00, 0x0d, 0x1a, 0xa4, 0x00, 0x00, 0x0e, 0x1a, 0xa4, 0x00, 0x00, 0x0f,
  0x1a, 0xa4, 0x00, 0x00, 0x10, 0x1a, 0xa4, 0x00, 0x00, 0x11, 0x1a, 0xfc, 0xfc, 0xfc, 0x12, 0x1a,
  0xfc, 0xfc, 0xfc, 0x13, 0x1a, 0xfc, 0xfc, 0xfc, 0x14, 0x1a, 0xa4, 0x00, 0x00, 0x15, 0x1a, 0xfc,
  0xfc, 0xfc, 0x01, 0x1b, 0xfc, 0xfc, 0xfc, 0x02, 0x1b, 0xfc, 0xfc, 0xfc, 0x03, 0x1b, 0xfc, 0xfc,
  0xfc, 0x04, 0x1b, 0xfc, 0xfc, 0xfc, 0x05, 0x1b, 0xfc, 0xfc, 0xfc, 0x06, 0x1b, 0xfc, 0xfc, 0xfc,
  0x07, 0x1b, 0xfc, 0xfc, 0xfc, 0x08, 0x1b, 0xa4, 0x00, 0x00, 0x09, 0x1b, 0xa4, 0x00, 0x00, 0x0a,
  0x1b, 0xa4, 0x00, 0x00, 0x0b, 0x1b, 0xa4, 0x00, 0x00, 0x0c, 0x1b, 0xa4, 0x00, 0x00, 0x0d, 0x1b,
  0xa4, 0x00, 0x00, 0x0e, 0x1b, 0xa4, 0x00, 0x00, 0x0f, 0x1b, 0xfc, 0xfc, 0xfc, 0x10, 0x1b, 0xfc,
  0xfc, 0xfc, 0x12, 0x1b, 0xfc, 0xfc, 0xfc, 0x13, 0x1b, 0xa4, 0x00, 0x00, 0x14, 0x1b, 0xa4, 0x00,
  0x00, 0x15, 0x1b, 0xfc, 0xfc, 0xfc, 0x01, 0x1c, 0xfc, 0xfc, 0xfc, 0x02, 0x1c, 0xa4, 0x00, 0x00,
  0x03, 0x1c, 0xfc, 0xfc, 0xfc, 0x04, 0x1c, 0xfc, 0xfc, 0xfc, 0x05, 0x1c, 0xfc, 0xfc, 0xfc, 0x06,
  0x1c, 0xa4, 0x00, 0x00, 0x07, 0x1c, 0xa4, 0x00, 0x00, 0x08, 0x1c, 0xa4, 0x00, 0x00, 0x09, 0x1c,
  0xa4, 0x00, 0x00, 0x0a, 0x1c, 0xa4, 0x00, 0x00, 0x0b, 0x1c, 0xa4, 0x00, 0x00, 0x0c, 0x1c, 0xfc,
  0xfc, 0xfc, 0x0d, 0x1c, 0xfc, 0xfc, 0xfc, 0x0e, 0x1c, 0xfc, 0xfc, 0xfc, 0x13, 0x1c, 0xfc, 0xfc,
  0xfc, 0x14, 0x1c, 0xfc, 0xfc, 0xfc, 0x02, 0x1d, 0xfc, 0xfc, 0xfc, 0x03, 0x1d, 0xa4, 0x00, 0x00,
  0x04, 0x1d, 0xa4, 0x00, 0x00, 0x05, 0x1d, 0xa4, 0x00, 0x00, 0x06, 0x1d, 0xa4, 0x00, 0x00, 0x07,
  0x1d, 0xfc, 0xfc, 0xfc, 0x08, 0x1d, 0xfc, 0xfc, 0xfc, 0x09, 0x1d, 0xfc, 0xfc, 0xfc, 0x0a, 0x1d,
  0xfc, 0xfc, 0xfc, 0x0b, 0x1d, 0xfc, 0xfc, 0xfc, 0x03, 0x1e, 0xfc, 0xfc, 0xfc, 0x04, 0x1e, 0xfc,
  0xfc, 0xfc, 0x05, 0x1e, 0xfc, 0xfc, 0xfc, 0x06, 0x1e, 0xfc, 0xfc, 0xfc, 0x07, 0x1e, 0xa4, 0x00,
  0x00, 0x08, 0x1e, 0xa4, 0x00, 0x00, 0x09, 0x1e, 0xfc, 0xfc, 0xfc, 0x07, 0x1f, 0xfc, 0xfc, 0xfc,
  0x08, 0x1f, 0xfc, 0xfc, 0xfc
};
static const AISprite kHiggins_skateboard_jump_0 PROGMEM = {
  .w = 24, .h = 32, .pixelCount = 417,
  .pixels = kHiggins_skateboard_jump_0Pixels, .fmt = 5,
};

// Higgins_skateboard_jump_1 ("higgins.skateboard_jump.1"): 24x32, 423 pixels, fmt=5
static const uint8_t kHiggins_skateboard_jump_1Pixels[] PROGMEM = {
  0x07, 0x00, 0xfc, 0xfc, 0xfc, 0x08, 0x00, 0xfc, 0xfc, 0xfc, 0x09, 0x00, 0xfc, 0xfc, 0xfc, 0x0a,
  0x00, 0xfc, 0xfc, 0xfc, 0x0b, 0x00, 0xfc, 0xfc, 0xfc, 0x05, 0x01, 0xfc, 0xfc, 0xfc, 0x06, 0x01,
  0xfc, 0xfc, 0xfc, 0x07, 0x01, 0xfc, 0xfc, 0xfc, 0x08, 0x01, 0xfc, 0xfc, 0xfc, 0x09, 0x01, 0xfc,
  0xfc, 0xfc, 0x0a, 0x01, 0xfc, 0xfc, 0xfc, 0x0b, 0x01, 0xfc, 0xfc, 0xfc, 0x0c, 0x01, 0xfc, 0xfc,
  0xfc, 0x0d, 0x01, 0xfc, 0xfc, 0xfc, 0x04, 0x02, 0xfc, 0xfc, 0xfc, 0x05, 0x02, 0xfc, 0xfc, 0xfc,
  0x06, 0x02, 0xfc, 0xfc, 0xfc, 0x07, 0x02, 0xfc, 0xfc, 0xfc, 0x08, 0x02, 0xfc, 0xfc, 0xfc, 0x09,
  0x02, 0xfc, 0xfc, 0xfc, 0x0a, 0x02, 0xfc, 0xfc, 0xfc, 0x0b, 0x02, 0xfc, 0xfc, 0xfc, 0x0c, 0x02,
  0xfc, 0xfc, 0xfc, 0x0d, 0x02, 0xfc, 0xfc, 0xfc, 0x0e, 0x02, 0xfc, 0xfc, 0xfc, 0x04, 0x03, 0xfc,
  0xfc, 0xfc, 0x05, 0x03, 0xfc, 0xfc, 0xfc, 0x06, 0x03, 0xfc, 0xfc, 0xfc, 0x07, 0x03, 0xfc, 0xfc,
  0xfc, 0x08, 0x03, 0xfc, 0xfc, 0xfc, 0x09, 0x03, 0xfc, 0xfc, 0xfc, 0x0a, 0x03, 0xfc, 0xfc, 0xfc,
  0x0b, 0x03, 0xfc, 0xfc, 0xfc, 0x0c, 0x03, 0xfc, 0xfc, 0xfc, 0x0d, 0x03, 0xfc, 0xfc, 0xfc, 0x0e,
  0x03, 0xfc, 0xfc, 0xfc, 0x03, 0x04, 0xfc, 0xfc, 0xfc, 0x04, 0x04, 0xfc, 0xfc, 0xfc, 0x05, 0x04,
  0xfc, 0xfc, 0xfc, 0x06, 0x04, 0xfc, 0xfc, 0xfc, 0x07, 0x04, 0xfc, 0xfc, 0xfc, 0x08, 0x04, 0xfc,
  0xfc, 0xfc, 0x09, 0x04, 0xfc, 0xfc, 0xfc, 0x0a, 0x04, 0xa4, 0x00, 0x00, 0x0b, 0x04, 0xa4, 0x00,
  0x00, 0x0c, 0x04, 0xa4, 0x00, 0x00, 0x0d, 0x04, 0xa4, 0x00, 0x00, 0x0e, 0x04, 0xa4, 0x00, 0x00,
  0x0f, 0x04, 0xfc, 0xfc, 0xfc, 0x03, 0x05, 0xfc, 0xfc, 0xfc, 0x04, 0x05, 0xfc, 0xfc, 0xfc, 0x05,
  0x05, 0xfc, 0xfc, 0xfc, 0x06, 0x05, 0xfc, 0xfc, 0xfc, 0x07, 0x05, 0xfc, 0xfc, 0xfc, 0x08, 0x05,
  0xa4, 0x00, 0x00, 0x09, 0x05, 0xa4, 0x00, 0x00, 0x0a, 0x05, 0xa4, 0x00, 0x00, 0x0b, 0x05, 0xfc,
  0x74, 0x60, 0x0c, 0x05, 0xfc, 0x74, 0x60, 0x0d, 0x05, 0xfc, 0x74, 0x60, 0x0e, 0x05, 0xa4, 0x00,
  0x00, 0x0f, 0x05, 0xfc, 0xfc, 0xfc, 0x03, 0x06, 0xfc, 0xfc, 0xfc, 0x04, 0x06, 0xfc, 0xfc, 0xfc,
  0x05, 0x06, 0xfc, 0xfc, 0xfc, 0x06, 0x06, 0xfc, 0xfc, 0xfc, 0x07, 0x06, 0xa4, 0x00, 0x00, 0x08,
  0x06, 0xa4, 0x00, 0x00, 0x09, 0x06, 0xfc, 0x74, 0x60, 0x0a, 0x06, 0xfc, 0x74, 0x60, 0x0b, 0x06,
  0xfc, 0x74, 0x60, 0x0c, 0x06, 0xfc, 0x74, 0x60, 0x0d, 0x06, 0xfc, 0x74, 0x60, 0x0e, 0x06, 0xfc,
  0x74, 0x60, 0x0f, 0x06, 0xa4, 0x00, 0x00, 0x03, 0x07, 0xfc, 0xfc, 0xfc, 0x04, 0x07, 0xfc, 0xfc,
  0xfc, 0x05, 0x07, 0xfc, 0xfc, 0xfc, 0x06, 0x07, 0xfc, 0xfc, 0xfc, 0x07, 0x07, 0xa4, 0x00, 0x00,
  0x08, 0x07, 0xfc, 0x74, 0x60, 0x09, 0x07, 0xa4, 0x00, 0x00, 0x0a, 0x07, 0xa4, 0x00, 0x00, 0x0b,
  0x07, 0xfc, 0x74, 0x60, 0x0c, 0x07, 0xfc, 0x74, 0x60, 0x0d, 0x07, 0xa4, 0x00, 0x00, 0x0e, 0x07,
  0xa4, 0x00, 0x00, 0x0f, 0x07, 0xa4, 0x00, 0x00, 0x03, 0x08, 0xfc, 0xfc, 0xfc, 0x04, 0x08, 0xa4,
  0x00, 0x00, 0x05, 0x08, 0xfc, 0xfc, 0xfc, 0x06, 0x08, 0xa4, 0x00, 0x00, 0x07, 0x08, 0xfc, 0x74,
  0x60, 0x08, 0x08, 0xa4, 0x00, 0x00, 0x09, 0x08, 0xfc, 0x74, 0x60, 0x0a, 0x08, 0xfc, 0x74, 0x60,
  0x0b, 0x08, 0xfc, 0x74, 0x60, 0x0c, 0x08, 0xfc, 0x74, 0x60, 0x0d, 0x08, 0xfc, 0x74, 0x60, 0x0e,
  0x08, 0xfc, 0x74, 0x60, 0x0f, 0x08, 0xa4, 0x00, 0x00, 0x03, 0x09, 0xfc, 0xfc, 0xfc, 0x04, 0x09,
  0xfc, 0x74, 0x60, 0x05, 0x09, 0xfc, 0xfc, 0xfc, 0x06, 0x09, 0xa4, 0x00, 0x00, 0x07, 0x09, 0xfc,
  0x74, 0x60, 0x08, 0x09, 0xfc, 0x74, 0x60, 0x09, 0x09, 0xfc, 0x74, 0x60, 0x0a, 0x09, 0xfc, 0xfc,
  0xfc, 0x0b, 0x09, 0xfc, 0xfc, 0xfc, 0x0c, 0x09, 0xfc, 0x74, 0x60, 0x0d, 0x09, 0xfc, 0xfc, 0xfc,
  0x0e, 0x09, 0xfc, 0xfc, 0xfc, 0x0f, 0x09, 0xfc, 0x74, 0x60, 0x10, 0x09, 0xa4, 0x00, 0x00, 0x03,
  0x0a, 0xfc, 0xfc, 0xfc, 0x04, 0x0a, 0xfc, 0x74, 0x60, 0x05, 0x0a, 0xfc, 0xfc, 0xfc, 0x06, 0x0a,
  0xa4, 0x00, 0x00, 0x07, 0x0a, 0xfc, 0x74, 0x60, 0x08, 0x0a, 0xfc, 0x74, 0x60, 0x09, 0x0a, 0xfc,
  0xfc, 0xfc, 0x0a, 0x0a, 0xfc, 0xfc, 0xfc, 0x0b, 0x0a, 0xa4, 0x00, 0x00, 0x0c, 0x0a, 0xfc, 0x74,
  0x60, 0x0d, 0x0a, 0xfc, 0xfc, 0xfc, 0x0e, 0x0a, 0xa4, 0x00, 0x00, 0x0f, 0x0a, 0xfc, 0x74, 0x60,
  0x10, 0x0a, 0xa4, 0x00, 0x00, 0x03, 0x0b, 0xa4, 0x00, 0x00, 0x04, 0x0b, 0xfc, 0xfc, 0xfc, 0x05,
  0x0b, 0xfc, 0xfc, 0xfc, 0x06, 0x0b, 0xa4, 0x00, 0x00, 0x07, 0x0b, 0xfc, 0x74, 0x60, 0x08, 0x0b,
  0xfc, 0x74, 0x60, 0x09, 0x0b, 0xfc, 0x74, 0x60, 0x0a, 0x0b, 0xfc, 0x74, 0x60, 0x0b, 0x0b, 0xfc,
  0x74, 0x60, 0x0c, 0x0b, 0xfc, 0x74, 0x60, 0x0d, 0x0b, 0xfc, 0x74, 0x60, 0x0e, 0x0b, 0xfc, 0x74,
  0x60, 0x0f, 0x0b, 0xfc, 0x74, 0x60, 0x10, 0x0b, 0xa4, 0x00, 0x00, 0x02, 0x0c, 0xa4, 0x00, 0x00,
  0x03, 0x0c, 0xa4, 0x00, 0x00, 0x04, 0x0c, 0xfc, 0xfc, 0xfc, 0x05, 0x0c, 0xfc, 0xfc, 0xfc, 0x06,
  0x0c, 0xa4, 0x00, 0x00, 0x07, 0x0c, 0xfc, 0x74, 0x60, 0x08, 0x0c, 0xfc, 0x74, 0x60, 0x09, 0x0c,
  0xfc, 0x74, 0x60, 0x0a, 0x0c, 0xfc, 0x74, 0x60, 0x0b, 0x0c, 0xfc, 0x74, 0x60, 0x0c, 0x0c, 0xa4,
  0x00, 0x00, 0x0d, 0x0c, 0xa4, 0x00, 0x00, 0x0e, 0x0c, 0xfc, 0x74, 0x60, 0x0f, 0x0c, 0xfc, 0x74,
  0x60, 0x10, 0x0c, 0xa4, 0x00, 0x00, 0x11, 0x0c, 0xfc, 0x74, 0x60, 0x12, 0x0c, 0xfc, 0x74, 0x60,
  0x13, 0x0c, 0xfc, 0x74, 0x60, 0x14, 0x0c, 0xfc, 0x74, 0x60, 0x02, 0x0d, 0xa4, 0x00, 0x00, 0x03,
  0x0d, 0xa4, 0x00, 0x00, 0x04, 0x0d, 0xfc, 0xfc, 0xfc, 0x05, 0x0d, 0xfc, 0xfc, 0xfc, 0x06, 0x0d,
  0xfc, 0xfc, 0xfc, 0x07, 0x0d, 0xfc, 0x74, 0x60, 0x08, 0x0d, 0xfc, 0x74, 0x60, 0x09, 0x0d, 0xfc,
  0x74, 0x60, 0x0a, 0x0d, 0xa4, 0x00, 0x00, 0x0b, 0x0d, 0xa4, 0x00, 0x00, 0x0c, 0x0d, 0xfc, 0x74,
  0x60, 0x0d, 0x0d, 0xa4, 0x00, 0x00, 0x0e, 0x0d, 0xfc, 0x74, 0x60, 0x0f, 0x0d, 0xfc, 0x74, 0x60,
  0x10, 0x0d, 0xfc, 0xfc, 0xfc, 0x11, 0x0d, 0xfc, 0x74, 0x60, 0x12, 0x0d, 0xfc, 0x74, 0x60, 0x13,
  0x0d, 0xfc, 0x74, 0x60, 0x03, 0x0e, 0xfc, 0x74, 0x60, 0x04, 0x0e, 0xfc, 0x74, 0x60, 0x05, 0x0e,
  0xfc, 0xfc, 0xfc, 0x06, 0x0e, 0xa4, 0x00, 0x00, 0x07, 0x0e, 0xfc, 0xfc, 0xfc, 0x08, 0x0e, 0xfc,
  0x74, 0x60, 0x09, 0x0e, 0xfc, 0x74, 0x60, 0x0a, 0x0e, 0xfc, 0x74, 0x60, 0x0b, 0x0e, 0xfc, 0x74,
  0x60, 0x0c, 0x0e, 0xfc, 0x74, 0x60, 0x0d, 0x0e, 0xfc, 0x74, 0x60, 0x0e, 0x0e, 0xfc, 0x74, 0x60,
  0x0f, 0x0e, 0xfc, 0xfc, 0xfc, 0x10, 0x0e, 0xfc, 0x74, 0x60, 0x11, 0x0e, 0xfc, 0x74, 0x60, 0x12,
  0x0e, 0xfc, 0x74, 0x60, 0x02, 0x0f, 0xfc, 0x74, 0x60, 0x03, 0x0f, 0xfc, 0x74, 0x60, 0x04, 0x0f,
  0xfc, 0x74, 0x60, 0x05, 0x0f, 0xfc, 0x74, 0x60, 0x06, 0x0f, 0xfc, 0x74, 0x60, 0x07, 0x0f, 0xfc,
  0x74, 0x60, 0x08, 0x0f, 0xfc, 0xfc, 0xfc, 0x09, 0x0f, 0xfc, 0xfc, 0xfc, 0x0a, 0x0f, 0xfc, 0xfc,
  0xfc, 0x0b, 0x0f, 0xfc, 0xfc, 0xfc, 0x0c, 0x0f, 0xfc, 0xfc, 0xfc, 0x0d, 0x0f, 0xfc, 0xfc, 0xfc,
  0x0e, 0x0f, 0xfc, 0xfc, 0xfc, 0x0f, 0x0f, 0xfc, 0x74, 0x60, 0x02, 0x10, 0xfc, 0x74, 0x60, 0x03,
  0x10, 0xfc, 0x74, 0x60, 0x04, 0x10, 0xfc, 0x74, 0x60, 0x05, 0x10, 0xfc, 0x74, 0x60, 0x06, 0x10,
  0xfc, 0x74, 0x60, 0x07, 0x10, 0xfc, 0x74, 0x60, 0x08, 0x10, 0xfc, 0x74, 0x60, 0x09, 0x10, 0xfc,
  0x74, 0x60, 0x0a, 0x10, 0xfc, 0x74, 0x60, 0x0b, 0x10, 0xfc, 0x74, 0x60, 0x0c, 0x10, 0xfc, 0x74,
  0x60, 0x0d, 0x10, 0xfc, 0x74, 0x60, 0x0e, 0x10, 0xfc, 0x74, 0x60, 0x0f, 0x10, 0xfc, 0x74, 0x60,
  0x10, 0x10, 0x00, 0x94, 0x00, 0x01, 0x11, 0xfc, 0x74, 0x60, 0x02, 0x11, 0xfc, 0x74, 0x60, 0x03,
  0x11, 0xfc, 0x74, 0x60, 0x04, 0x11, 0xfc, 0x74, 0x60, 0x06, 0x11, 0xfc, 0x74, 0x60, 0x07, 0x11,
  0xfc, 0x74, 0x60, 0x08, 0x11, 0xfc, 0x74, 0x60, 0x09, 0x11, 0xfc, 0x74, 0x60, 0x0a, 0x11, 0xfc,
  0x74, 0x60, 0x0b, 0x11, 0xfc, 0x74, 0x60, 0x0c, 0x11, 0xfc, 0x74, 0x60, 0x0d, 0x11, 0xfc, 0x74,
  0x60, 0x0e, 0x11, 0xfc, 0x74, 0x60, 0x0f, 0x11, 0x00, 0x94, 0x00, 0x10, 0x11, 0x00, 0x94, 0x00,
  0x00, 0x12, 0xfc, 0x74, 0x60, 0x01, 0x12, 0xfc, 0x74, 0x60, 0x02, 0x12, 0xfc, 0x74, 0x60, 0x03,
  0x12, 0xfc, 0x74, 0x60, 0x06, 0x12, 0xfc, 0x74, 0x60, 0x07, 0x12, 0xfc, 0x74, 0x60, 0x08, 0x12,
  0xfc, 0x74, 0x60, 0x09, 0x12, 0xfc, 0x74, 0x60, 0x0a, 0x12, 0xfc, 0x74, 0x60, 0x0b, 0x12, 0xfc,
  0x74, 0x60, 0x0c, 0x12, 0xfc, 0x74, 0x60, 0x0d, 0x12, 0xfc, 0x74, 0x60, 0x0e, 0x12, 0x00, 0x94,
  0x00, 0x0f, 0x12, 0x00, 0x94, 0x00, 0x10, 0x12, 0xfc, 0xfc, 0xfc, 0x11, 0x12, 0xfc, 0xfc, 0xfc,
  0x03, 0x13, 0xfc, 0x74, 0x60, 0x05, 0x13, 0x00, 0x94, 0x00, 0x06, 0x13, 0x00, 0x94, 0x00, 0x07,
  0x13, 0x00, 0x94, 0x00, 0x08, 0x13, 0xfc, 0x74, 0x60, 0x09, 0x13, 0xfc, 0x74, 0x60, 0x0a, 0x13,
  0xfc, 0x74, 0x60, 0x0b, 0x13, 0xfc, 0x74, 0x60, 0x0c, 0x13, 0xfc, 0x74, 0x60, 0x0d, 0x13, 0x00,
  0x94, 0x00, 0x0e, 0x13, 0x00, 0x94, 0x00, 0x0f, 0x13, 0xfc, 0xfc, 0xfc, 0x10, 0x13, 0xfc, 0xfc,
  0xfc, 0x11, 0x13, 0xfc, 0xfc, 0xfc, 0x12, 0x13, 0xfc, 0xfc, 0xfc, 0x05, 0x14, 0x00, 0x94, 0x00,
  0x06, 0x14, 0x00, 0x94, 0x00, 0x07, 0x14, 0x00, 0x94, 0x00, 0x08, 0x14, 0x00, 0x94, 0x00, 0x09,
  0x14, 0x00, 0x94, 0x00, 0x0a, 0x14, 0x00, 0x94, 0x00, 0x0b, 0x14, 0x00, 0x94, 0x00, 0x0c, 0x14,
  0x00, 0x94, 0x00, 0x0d, 0x14, 0x00, 0x94, 0x00, 0x0e, 0x14, 0x00, 0x94, 0x00, 0x0f, 0x14, 0xfc,
  0xfc, 0xfc, 0x10, 0x14, 0xfc, 0xfc, 0xfc, 0x11, 0x14, 0xfc, 0xfc, 0xfc, 0x12, 0x14, 0xfc, 0xfc,
  0xfc, 0x05, 0x15, 0xfc, 0xfc, 0xfc, 0x06, 0x15, 0xfc, 0xfc, 0xfc, 0x07, 0x15, 0x00, 0x94, 0x00,
  0x08, 0x15, 0x00, 0x94, 0x00, 0x09, 0x15, 0x00, 0x94, 0x00, 0x0a, 0x15, 0x00, 0x94, 0x00, 0x0b,
  0x15, 0x00, 0x94, 0x00, 0x0c, 0x15, 0x00, 0x94, 0x00, 0x0e, 0x15, 0x00, 0x94, 0x00, 0x0f, 0x15,
  0xfc, 0x74, 0x60, 0x10, 0x15, 0xfc, 0x74, 0x60, 0x11, 0x15, 0xfc, 0x74, 0x60, 0x12, 0x15, 0xfc,
  0x74, 0x60, 0x04, 0x16, 0xfc, 0xfc, 0xfc, 0x05, 0x16, 0xfc, 0xfc, 0xfc, 0x06, 0x16, 0xfc, 0xfc,
  0xfc, 0x07, 0x16, 0xfc, 0xfc, 0xfc, 0x08, 0x16, 0x00, 0x94, 0x00, 0x09, 0x16, 0x00, 0x94, 0x00,
  0x0f, 0x16, 0xfc, 0x74, 0x60, 0x10, 0x16, 0xfc, 0x74, 0x60, 0x11, 0x16, 0xfc, 0x74, 0x60, 0x12,
  0x16, 0xfc, 0x74, 0x60, 0x13, 0x16, 0xfc, 0xfc, 0xfc, 0x04, 0x17, 0xfc, 0xfc, 0xfc, 0x05, 0x17,
  0xfc, 0xfc, 0xfc, 0x06, 0x17, 0xfc, 0xfc, 0xfc, 0x07, 0x17, 0xfc, 0xfc, 0xfc, 0x0f, 0x17, 0xfc,
  0xfc, 0xfc, 0x10, 0x17, 0xfc, 0xfc, 0xfc, 0x11, 0x17, 0xfc, 0xfc, 0xfc, 0x12, 0x17, 0xfc, 0xfc,
  0xfc, 0x13, 0x17, 0xfc, 0xfc, 0xfc, 0x14, 0x17, 0xfc, 0xfc, 0xfc, 0x15, 0x17, 0xfc, 0xfc, 0xfc,
  0x04, 0x18, 0xfc, 0x74, 0x60, 0x05, 0x18, 0xfc, 0x74, 0x60, 0x06, 0x18, 0xfc, 0xfc, 0xfc, 0x07,
  0x18, 0xfc, 0xfc, 0xfc, 0x0e, 0x18, 0xfc, 0xfc, 0xfc, 0x0f, 0x18, 0xfc, 0xfc, 0xfc, 0x10, 0x18,
  0xfc, 0xfc, 0xfc, 0x11, 0x18, 0xfc, 0xfc, 0xfc, 0x12, 0x18, 0xfc, 0xfc, 0xfc, 0x13, 0x18, 0xfc,
  0xfc, 0xfc, 0x14, 0x18, 0xfc, 0xfc, 0xfc, 0x15, 0x18, 0xa4, 0x00, 0x00, 0x16, 0x18, 0xfc, 0xfc,
  0xfc, 0x04, 0x19, 0xfc, 0x74, 0x60, 0x05, 0x19, 0xfc, 0x74, 0x60, 0x06, 0x19, 0xfc, 0x74, 0x60,
  0x07, 0x19, 0xfc, 0x74, 0x60, 0x0b, 0x19, 0xfc, 0xfc, 0xfc, 0x0c, 0x19, 0xfc, 0xfc, 0xfc, 0x0d,
  0x19, 0xfc, 0xfc, 0xfc, 0x0e, 0x19, 0xa4, 0x00, 0x00, 0x0f, 0x19, 0xa4, 0x00, 0x00, 0x10, 0x19,
  0xa4, 0x00, 0x00, 0x11, 0x19, 0xa4, 0x00, 0x00, 0x12, 0x19, 0xa4, 0x00, 0x00, 0x13, 0x19, 0xa4,
  0x00, 0x00, 0x14, 0x19, 0xfc, 0xfc, 0xfc, 0x15, 0x19, 0xfc, 0xfc, 0xfc, 0x16, 0x19, 0xfc, 0xfc,
  0xfc, 0x03, 0x1a, 0xfc, 0xfc, 0xfc, 0x04, 0x1a, 0xfc, 0x74, 0x60, 0x05, 0x1a, 0xfc, 0x74, 0x60,
  0x06, 0x1a, 0xfc, 0x74, 0x60, 0x07, 0x1a, 0xfc, 0xfc, 0xfc, 0x08, 0x1a, 0xfc, 0xfc, 0xfc, 0x09,
  0x1a, 0xfc, 0xfc, 0xfc, 0x0a, 0x1a, 0xfc, 0xfc, 0xfc, 0x0b, 0x1a, 0xa4, 0x00, 0x00, 0x0c, 0x1a,
  0xa4, 0x00, 0x00, 0x0d, 0x1a, 0xa4, 0x00, 0x00, 0x0e, 0x1a, 0xa4, 0x00, 0x00, 0x0f, 0x1a, 0xa4,
  0x00, 0x00, 0x10, 0x1a, 0xa4, 0x00, 0x00, 0x11, 0x1a, 0xfc, 0xfc, 0xfc, 0x12, 0x1a, 0xfc, 0xfc,
  0xfc, 0x13, 0x1a, 0xfc, 0xfc, 0xfc, 0x14, 0x1a, 0xa4, 0x00, 0x00, 0x15, 0x1a, 0xfc, 0xfc, 0xfc,
  0x01, 0x1b, 0xfc, 0xfc, 0xfc, 0x02, 0x1b, 0xfc, 0xfc, 0xfc, 0x03, 0x1b, 0xfc, 0xfc, 0xfc, 0x04,
  0x1b, 0xfc, 0xfc, 0xfc, 0x05, 0x1b, 0xfc, 0xfc, 0xfc, 0x06, 0x1b, 0xfc, 0xfc, 0xfc, 0x07, 0x1b,
  0xfc, 0xfc, 0xfc, 0x08, 0x1b, 0xa4, 0x00, 0x00, 0x09, 0x1b, 0xa4, 0x00, 0x00, 0x0a, 0x1b, 0xa4,
  0x00, 0x00, 0x0b, 0x1b, 0xa4, 0x00, 0x00, 0x0c, 0x1b, 0xa4, 0x00, 0x00, 0x0d, 0x1b, 0xa4, 0x00,
  0x00, 0x0e, 0x1b, 0xa4, 0x00, 0x00, 0x0f, 0x1b, 0xfc, 0xfc, 0xfc, 0x10, 0x1b, 0xfc, 0xfc, 0xfc,
  0x12, 0x1b, 0xfc, 0xfc, 0xfc, 0x13, 0x1b, 0xa4, 0x00, 0x00, 0x14, 0x1b, 0xa4, 0x00, 0x00, 0x15,
  0x1b, 0xfc, 0xfc, 0xfc, 0x01, 0x1c, 0xfc, 0xfc, 0xfc, 0x02, 0x1c, 0xa4, 0x00, 0x00, 0x03, 0x1c,
  0xfc, 0xfc, 0xfc, 0x04, 0x1c, 0xfc, 0xfc, 0xfc, 0x05, 0x1c, 0xfc, 0xfc, 0xfc, 0x06, 0x1c, 0xa4,
  0x00, 0x00, 0x07, 0x1c, 0xa4, 0x00, 0x00, 0x08, 0x1c, 0xa4, 0x00, 0x00, 0x09, 0x1c, 0xa4, 0x00,
  0x00, 0x0a, 0x1c, 0xa4, 0x00, 0x00, 0x0b, 0x1c, 0xa4, 0x00, 0x00, 0x0c, 0x1c, 0xfc, 0xfc, 0xfc,
  0x0d, 0x1c, 0xfc, 0xfc, 0xfc, 0x0e, 0x1c, 0xfc, 0xfc, 0xfc, 0x13, 0x1c, 0xfc, 0xfc, 0xfc, 0x14,
  0x1c, 0xfc, 0xfc, 0xfc, 0x02, 0x1d, 0xfc, 0xfc, 0xfc, 0x03, 0x1d, 0xa4, 0x00, 0x00, 0x04, 0x1d,
  0xa4, 0x00, 0x00, 0x05, 0x1d, 0xa4, 0x00, 0x00, 0x06, 0x1d, 0xa4, 0x00, 0x00, 0x07, 0x1d, 0xfc,
  0xfc, 0xfc, 0x08, 0x1d, 0xfc, 0xfc, 0xfc, 0x09, 0x1d, 0xfc, 0xfc, 0xfc, 0x0a, 0x1d, 0xfc, 0xfc,
  0xfc, 0x0b, 0x1d, 0xfc, 0xfc, 0xfc, 0x03, 0x1e, 0xfc, 0xfc, 0xfc, 0x04, 0x1e, 0xfc, 0xfc, 0xfc,
  0x05, 0x1e, 0xfc, 0xfc, 0xfc, 0x06, 0x1e, 0xfc, 0xfc, 0xfc, 0x07, 0x1e, 0xa4, 0x00, 0x00, 0x08,
  0x1e, 0xa4, 0x00, 0x00, 0x09, 0x1e, 0xfc, 0xfc, 0xfc, 0x07, 0x1f, 0xfc, 0xfc, 0xfc, 0x08, 0x1f,
  0xfc, 0xfc, 0xfc
};
static const AISprite kHiggins_skateboard_jump_1 PROGMEM = {
  .w = 24, .h = 32, .pixelCount = 423,
  .pixels = kHiggins_skateboard_jump_1Pixels, .fmt = 5,
};

// Higgins_skateboard_land_0 ("higgins.skateboard_land.0"): 24x32, 448 pixels, fmt=5
static const uint8_t kHiggins_skateboard_land_0Pixels[] PROGMEM = {
  0x0c, 0x00, 0xfc, 0xfc, 0xfc, 0x0d, 0x00, 0xfc, 0xfc, 0xfc, 0x0e, 0x00, 0xfc, 0xfc, 0xfc, 0x0f,
  0x00, 0xfc, 0xfc, 0xfc, 0x10, 0x00, 0xfc, 0xfc, 0xfc, 0x0a, 0x01, 0xfc, 0xfc, 0xfc, 0x0b, 0x01,
  0xfc, 0xfc, 0xfc, 0x0c, 0x01, 0xfc, 0xfc, 0xfc, 0x0d, 0x01, 0xfc, 0xfc, 0xfc, 0x0e, 0x01, 0xfc,
  0xfc, 0xfc, 0x0f, 0x01, 0xfc, 0xfc, 0xfc, 0x10, 0x01, 0xfc, 0xfc, 0xfc, 0x11, 0x01, 0xfc, 0xfc,
  0xfc, 0x12, 0x01, 0xfc, 0xfc, 0xfc, 0x09, 0x02, 0xfc, 0xfc, 0xfc, 0x0a, 0x02, 0xfc, 0xfc, 0xfc,
  0x0b, 0x02, 0xfc, 0xfc, 0xfc, 0x0c, 0x02, 0xfc, 0xfc, 0xfc, 0x0d, 0x02, 0xfc, 0xfc, 0xfc, 0x0e,
  0x02, 0xfc, 0xfc, 0xfc, 0x0f, 0x02, 0xfc, 0xfc, 0xfc, 0x10, 0x02, 0xfc, 0xfc, 0xfc, 0x11, 0x02,
  0xfc, 0xfc, 0xfc, 0x12, 0x02, 0xfc, 0xfc, 0xfc, 0x13, 0x02, 0xfc, 0xfc, 0xfc, 0x09, 0x03, 0xfc,
  0xfc, 0xfc, 0x0a, 0x03, 0xfc, 0xfc, 0xfc, 0x0b, 0x03, 0xfc, 0xfc, 0xfc, 0x0c, 0x03, 0xfc, 0xfc,
  0xfc, 0x0d, 0x03, 0xfc, 0xfc, 0xfc, 0x0e, 0x03, 0xfc, 0xfc, 0xfc, 0x0f, 0x03, 0xfc, 0xfc, 0xfc,
  0x10, 0x03, 0xfc, 0xfc, 0xfc, 0x11, 0x03, 0xfc, 0xfc, 0xfc, 0x12, 0x03, 0xfc, 0xfc, 0xfc, 0x13,
  0x03, 0xfc, 0xfc, 0xfc, 0x14, 0x03, 0xfc, 0xfc, 0xfc, 0x08, 0x04, 0xfc, 0xfc, 0xfc, 0x09, 0x04,
  0xfc, 0xfc, 0xfc, 0x0a, 0x04, 0xfc, 0xfc, 0xfc, 0x0b, 0x04, 0xfc, 0xfc, 0xfc, 0x0c, 0x04, 0xfc,
  0xfc, 0xfc, 0x0d, 0x04, 0xfc, 0xfc, 0xfc, 0x0e, 0x04, 0xfc, 0xfc, 0xfc, 0x0f, 0x04, 0xfc, 0xfc,
  0xfc, 0x10, 0x04, 0xfc, 0xfc, 0xfc, 0x11, 0x04, 0xa4, 0x00, 0x00, 0x12, 0x04, 0xa4, 0x00, 0x00,
  0x13, 0x04, 0xa4, 0x00, 0x00, 0x14, 0x04, 0xfc, 0xfc, 0xfc, 0x08, 0x05, 0xfc, 0xfc, 0xfc, 0x09,
  0x05, 0xfc, 0xfc, 0xfc, 0x0a, 0x05, 0xfc, 0xfc, 0xfc, 0x0b, 0x05, 0xfc, 0xfc, 0xfc, 0x0c, 0x05,
  0xfc, 0xfc, 0xfc, 0x0d, 0x05, 0xfc, 0xfc, 0xfc, 0x0e, 0x05, 0xa4, 0x00, 0x00, 0x0f, 0x05, 0xa4,
  0x00, 0x00, 0x10, 0x05, 0xa4, 0x00, 0x00, 0x11, 0x05, 0xa4, 0x00, 0x00, 0x12, 0x05, 0xfc, 0x74,
  0x60, 0x13, 0x05, 0xa4, 0x00, 0x00, 0x14, 0x05, 0xa4, 0x00, 0x00, 0x08, 0x06, 0xfc, 0xfc, 0xfc,
  0x09, 0x06, 0xfc, 0xfc, 0xfc, 0x0a, 0x06, 0xfc, 0xfc, 0xfc, 0x0b, 0x06, 0xfc, 0xfc, 0xfc, 0x0c,
  0x06, 0xfc, 0xfc, 0xfc, 0x0d, 0x06, 0xa4, 0x00, 0x00, 0x0e, 0x06, 0xa4, 0x00, 0x00, 0x0f, 0x06,
  0xfc, 0x74, 0x60, 0x10, 0x06, 0xfc, 0x74, 0x60, 0x11, 0x06, 0xfc, 0x74, 0x60, 0x12, 0x06, 0xfc,
  0x74, 0x60, 0x13, 0x06, 0xfc, 0x74, 0x60, 0x14, 0x06, 0xa4, 0x00, 0x00, 0x08, 0x07, 0xfc, 0xfc,
  0xfc, 0x09, 0x07, 0xfc, 0xfc, 0xfc, 0x0a, 0x07, 0xfc, 0xfc, 0xfc, 0x0b, 0x07, 0xfc, 0xfc, 0xfc,
  0x0c, 0x07, 0xfc, 0xfc, 0xfc, 0x0d, 0x07, 0xa4, 0x00, 0x00, 0x0e, 0x07, 0xfc, 0x74, 0x60, 0x0f,
  0x07, 0xa4, 0x00, 0x00, 0x10, 0x07, 0xfc, 0x74, 0x60, 0x11, 0x07, 0xfc, 0x74, 0x60, 0x12, 0x07,
  0xfc, 0x74, 0x60, 0x13, 0x07, 0xa4, 0x00, 0x00, 0x14, 0x07, 0xa4, 0x00, 0x00, 0x08, 0x08, 0xfc,
  0xfc, 0xfc, 0x09, 0x08, 0xa4, 0x00, 0x00, 0x0a, 0x08, 0xfc, 0xfc, 0xfc, 0x0b, 0x08, 0xfc, 0xfc,
  0xfc, 0x0c, 0x08, 0xa4, 0x00, 0x00, 0x0d, 0x08, 0xfc, 0x74, 0x60, 0x0e, 0x08, 0xa4, 0x00, 0x00,
  0x0f, 0x08, 0xfc, 0xfc, 0xfc, 0x10, 0x08, 0xfc, 0xfc, 0xfc, 0x11, 0x08, 0xfc, 0x74, 0x60, 0x12,
  0x08, 0xfc, 0xfc, 0xfc, 0x13, 0x08, 0xfc, 0xfc, 0xfc, 0x14, 0x08, 0xa4, 0x00, 0x00, 0x16, 0x08,
  0xfc, 0x74, 0x60, 0x17, 0x08, 0xfc, 0x74, 0x60, 0x03, 0x09, 0xfc, 0x74, 0x60, 0x05, 0x09, 0xfc,
  0x74, 0x60, 0x08, 0x09, 0xfc, 0xfc, 0xfc, 0x09, 0x09, 0xfc, 0x74, 0x60, 0x0a, 0x09, 0xfc, 0x74,
  0x60, 0x0b, 0x09, 0xfc, 0xfc, 0xfc, 0x0c, 0x09, 0xa4, 0x00, 0x00, 0x0d, 0x09, 0xfc, 0x74, 0x60,
  0x0e, 0x09, 0xfc, 0xfc, 0xfc, 0x0f, 0x09, 0xfc, 0xfc, 0xfc, 0x10, 0x09, 0xfc, 0xfc, 0xfc, 0x11,
  0x09, 0xfc, 0x74, 0x60, 0x12, 0x09, 0xfc, 0xfc, 0xfc, 0x13, 0x09, 0xfc, 0xfc, 0xfc, 0x14, 0x09,
  0xfc, 0x74, 0x60, 0x15, 0x09, 0xa4, 0x00, 0x00, 0x16, 0x09, 0xfc, 0x74, 0x60, 0x03, 0x0a, 0xfc,
  0x74, 0x60, 0x04, 0x0a, 0xfc, 0x74, 0x60, 0x05, 0x0a, 0xfc, 0x74, 0x60, 0x06, 0x0a, 0xfc, 0x74,
  0x60, 0x08, 0x0a, 0xfc, 0xfc, 0xfc, 0x09, 0x0a, 0xfc, 0x74, 0x60, 0x0a, 0x0a, 0xfc, 0x74, 0x60,
  0x0b, 0x0a, 0xfc, 0xfc, 0xfc, 0x0c, 0x0a, 0xfc, 0x74, 0x60, 0x0d, 0x0a, 0xfc, 0x74, 0x60, 0x0e,
  0x0a, 0xfc, 0x74, 0x60, 0x0f, 0x0a, 0xfc, 0xfc, 0xfc, 0x10, 0x0a, 0xa4, 0x00, 0x00, 0x11, 0x0a,
  0xfc, 0x74, 0x60, 0x12, 0x0a, 0xfc, 0xfc, 0xfc, 0x13, 0x0a, 0xa4, 0x00, 0x00, 0x14, 0x0a, 0xfc,
  0x74, 0x60, 0x15, 0x0a, 0xa4, 0x00, 0x00, 0x16, 0x0a, 0xfc, 0x74, 0x60, 0x17, 0x0a, 0xfc, 0x74,
  0x60, 0x02, 0x0b, 0xfc, 0x74, 0x60, 0x03, 0x0b, 0xfc, 0x74, 0x60, 0x04, 0x0b, 0xfc, 0x74, 0x60,
  0x05, 0x0b, 0xfc, 0x74, 0x60, 0x06, 0x0b, 0xfc, 0x74, 0x60, 0x07, 0x0b, 0xfc, 0x74, 0x60, 0x08,
  0x0b, 0xfc, 0xfc, 0xfc, 0x09, 0x0b, 0xfc, 0x74, 0x60, 0x0a, 0x0b, 0xfc, 0x74, 0x60, 0x0b, 0x0b,
  0xfc, 0xfc, 0xfc, 0x0c, 0x0b, 0xfc, 0x74, 0x60, 0x0d, 0x0b, 0xfc, 0x74, 0x60, 0x0e, 0x0b, 0xfc,
  0x74, 0x60, 0x0f, 0x0b, 0xfc, 0x74, 0x60, 0x10, 0x0b, 0xfc, 0x74, 0x60, 0x11, 0x0b, 0xfc, 0x74,
  0x60, 0x12, 0x0b, 0xfc, 0x74, 0x60, 0x13, 0x0b, 0xfc, 0x74, 0x60, 0x14, 0x0b, 0xfc, 0x74, 0x60,
  0x15, 0x0b, 0xa4, 0x00, 0x00, 0x16, 0x0b, 0xfc, 0x74, 0x60, 0x02, 0x0c, 0xfc, 0x74, 0x60, 0x03,
  0x0c, 0xfc, 0x74, 0x60, 0x04, 0x0c, 0xfc, 0x74, 0x60, 0x05, 0x0c, 0xfc, 0x74, 0x60, 0x06, 0x0c,
  0xfc, 0x74, 0x60, 0x07, 0x0c, 0xfc, 0x74, 0x60, 0x08, 0x0c, 0xa4, 0x00, 0x00, 0x09, 0x0c, 0xfc,
  0xfc, 0xfc, 0x0a, 0x0c, 0xfc, 0xfc, 0xfc, 0x0b, 0x0c, 0xa4, 0x00, 0x00, 0x0c, 0x0c, 0xfc, 0x74,
  0x60, 0x0d, 0x0c, 0xfc, 0x74, 0x60, 0x0e, 0x0c, 0xfc, 0x74, 0x60, 0x0f, 0x0c, 0xfc, 0x74, 0x60,
  0x10, 0x0c, 0xfc, 0x74, 0x60, 0x11, 0x0c, 0xa4, 0x00, 0x00, 0x12, 0x0c, 0xa4, 0x00, 0x00, 0x13,
  0x0c, 0xfc, 0x74, 0x60, 0x14, 0x0c, 0xfc, 0x74, 0x60, 0x15, 0x0c, 0xa4, 0x00, 0x00, 0x16, 0x0c,
  0xfc, 0x74, 0x60, 0x17, 0x0c, 0xfc, 0x74, 0x60, 0x04, 0x0d, 0xfc, 0x74, 0x60, 0x05, 0x0d, 0xfc,
  0x74, 0x60, 0x06, 0x0d, 0xfc, 0x74, 0x60, 0x07, 0x0d, 0xfc, 0x74, 0x60, 0x08, 0x0d, 0xfc, 0x74,
  0x60, 0x09, 0x0d, 0xa4, 0x00, 0x00, 0x0a, 0x0d, 0xa4, 0x00, 0x00, 0x0b, 0x0d, 0xfc, 0xfc, 0xfc,
  0x0c, 0x0d, 0xfc, 0x74, 0x60, 0x0d, 0x0d, 0xfc, 0x74, 0x60, 0x0e, 0x0d, 0xfc, 0x74, 0x60, 0x0f,
  0x0d, 0xfc, 0x74, 0x60, 0x10, 0x0d, 0xfc, 0x74, 0x60, 0x11, 0x0d, 0xa4, 0x00, 0x00, 0x12, 0x0d,
  0xa4, 0x00, 0x00, 0x13, 0x0d, 0xfc, 0x74, 0x60, 0x14, 0x0d, 0xfc, 0x74, 0x60, 0x15, 0x0d, 0xa4,
  0x00, 0x00, 0x05, 0x0e, 0xfc, 0x74, 0x60, 0x06, 0x0e, 0xfc, 0x74, 0x60, 0x07, 0x0e, 0xfc, 0x74,
  0x60, 0x08, 0x0e, 0xfc, 0x74, 0x60, 0x09, 0x0e, 0xfc, 0x74, 0x60, 0x0a, 0x0e, 0xfc, 0x74, 0x60,
  0x0b, 0x0e, 0xa4, 0x00, 0x00, 0x0c, 0x0e, 0xfc, 0xfc, 0xfc, 0x0d, 0x0e, 0xfc, 0x74, 0x60, 0x0e,
  0x0e, 0xfc, 0x74, 0x60, 0x0f, 0x0e, 0xfc, 0x74, 0x60, 0x10, 0x0e, 0xfc, 0x74, 0x60, 0x11, 0x0e,
  0xfc, 0x74, 0x60, 0x12, 0x0e, 0xfc, 0x74, 0x60, 0x13, 0x0e, 0xfc, 0xfc, 0xfc, 0x14, 0x0e, 0xa4,
  0x00, 0x00, 0x06, 0x0f, 0xfc, 0x74, 0x60, 0x07, 0x0f, 0xfc, 0x74, 0x60, 0x08, 0x0f, 0xfc, 0x74,
  0x60, 0x09, 0x0f, 0xfc, 0x74, 0x60, 0x0a, 0x0f, 0xfc, 0x74, 0x60, 0x0b, 0x0f, 0xfc, 0x74, 0x60,
  0x0c, 0x0f, 0xfc, 0x74, 0x60, 0x0d, 0x0f, 0xfc, 0xfc, 0xfc, 0x0e, 0x0f, 0xfc, 0xfc, 0xfc, 0x0f,
  0x0f, 0xfc, 0xfc, 0xfc, 0x10, 0x0f, 0xfc, 0xfc, 0xfc, 0x11, 0x0f, 0xfc, 0xfc, 0xfc, 0x12, 0x0f,
  0xfc, 0xfc, 0xfc, 0x13, 0x0f, 0xa4, 0x00, 0x00, 0x07, 0x10, 0xfc, 0x74, 0x60, 0x08, 0x10, 0xfc,
  0x74, 0x60, 0x09, 0x10, 0xfc, 0x74, 0x60, 0x0a, 0x10, 0xfc, 0x74, 0x60, 0x0b, 0x10, 0xfc, 0x74,
  0x60, 0x0c, 0x10, 0xfc, 0x74, 0x60, 0x0d, 0x10, 0xfc, 0x74, 0x60, 0x0e, 0x10, 0xfc, 0x74, 0x60,
  0x0f, 0x10, 0xfc, 0x74, 0x60, 0x10, 0x10, 0xfc, 0x74, 0x60, 0x11, 0x10, 0xfc, 0x74, 0x60, 0x12,
  0x10, 0xfc, 0x74, 0x60, 0x13, 0x10, 0x00, 0x94, 0x00, 0x08, 0x11, 0xfc, 0x74, 0x60, 0x09, 0x11,
  0xfc, 0x74, 0x60, 0x0a, 0x11, 0xfc, 0x74, 0x60, 0x0b, 0x11, 0xfc, 0x74, 0x60, 0x0c, 0x11, 0xfc,
  0x74, 0x60, 0x0d, 0x11, 0xfc, 0x74, 0x60, 0x0e, 0x11, 0xfc, 0x74, 0x60, 0x0f, 0x11, 0xfc, 0x74,
  0x60, 0x10, 0x11, 0xfc, 0x74, 0x60, 0x11, 0x11, 0x00, 0x94, 0x00, 0x12, 0x11, 0x00, 0x94, 0x00,
  0x07, 0x12, 0x00, 0x94, 0x00, 0x08, 0x12, 0xfc, 0x74, 0x60, 0x09, 0x12, 0xfc, 0x74, 0x60, 0x0a,
  0x12, 0xfc, 0x74, 0x60, 0x0b, 0x12, 0xfc, 0x74, 0x60, 0x0c, 0x12, 0xfc, 0x74, 0x60, 0x0d, 0x12,
  0xfc, 0x74, 0x60, 0x0e, 0x12, 0xfc, 0x74, 0x60, 0x0f, 0x12, 0xfc, 0x74, 0x60, 0x10, 0x12, 0x00,
  0x94, 0x00, 0x11, 0x12, 0xfc, 0xfc, 0xfc, 0x12, 0x12, 0xfc, 0xfc, 0xfc, 0x06, 0x13, 0x00, 0x94,
  0x00, 0x07, 0x13, 0x00, 0x94, 0x00, 0x08, 0x13, 0x00, 0x94, 0x00, 0x09, 0x13, 0xfc, 0x74, 0x60,
  0x0a, 0x13, 0xfc, 0x74, 0x60, 0x0b, 0x13, 0xfc, 0x74, 0x60, 0x0c, 0x13, 0xfc, 0x74, 0x60, 0x0d,
  0x13, 0xfc, 0x74, 0x60, 0x0e, 0x13, 0xfc, 0x74, 0x60, 0x0f, 0x13, 0x00, 0x94, 0x00, 0x10, 0x13,
  0xfc, 0xfc, 0xfc, 0x11, 0x13, 0xfc, 0xfc, 0xfc, 0x12, 0x13, 0xfc, 0xfc, 0xfc, 0x13, 0x13, 0xfc,
  0xfc, 0xfc, 0x06, 0x14, 0xfc, 0xfc, 0xfc, 0x07, 0x14, 0xfc, 0xfc, 0xfc, 0x08, 0x14, 0x00, 0x94,
  0x00, 0x09, 0x14, 0x00, 0x94, 0x00, 0x0a, 0x14, 0xfc, 0x74, 0x60, 0x0b, 0x14, 0xfc, 0x74, 0x60,
  0x0c, 0x14, 0xfc, 0x74, 0x60, 0x0d, 0x14, 0xfc, 0x74, 0x60, 0x0e, 0x14, 0xfc, 0x74, 0x60, 0x0f,
  0x14, 0x00, 0x94, 0x00, 0x10, 0x14, 0xfc, 0xfc, 0xfc, 0x11, 0x14, 0xfc, 0xfc, 0xfc, 0x12, 0x14,
  0xfc, 0xfc, 0xfc, 0x13, 0x14, 0xfc, 0xfc, 0xfc, 0x05, 0x15, 0xfc, 0xfc, 0xfc, 0x06, 0x15, 0xfc,
  0xfc, 0xfc, 0x07, 0x15, 0xfc, 0xfc, 0xfc, 0x08, 0x15, 0xfc, 0xfc, 0xfc, 0x09, 0x15, 0x00, 0x94,
  0x00, 0x0a, 0x15, 0x00, 0x94, 0x00, 0x0b, 0x15, 0x00, 0x94, 0x00, 0x0c, 0x15, 0x00, 0x94, 0x00,
  0x0d, 0x15, 0x00, 0x94, 0x00, 0x0e, 0x15, 0x00, 0x94, 0x00, 0x0f, 0x15, 0x00, 0x94, 0x00, 0x10,
  0x15, 0xfc, 0xfc, 0xfc, 0x11, 0x15, 0xfc, 0xfc, 0xfc, 0x12, 0x15, 0xfc, 0xfc, 0xfc, 0x13, 0x15,
  0xfc, 0xfc, 0xfc, 0x05, 0x16, 0xfc, 0xfc, 0xfc, 0x06, 0x16, 0xfc, 0xfc, 0xfc, 0x07, 0x16, 0xfc,
  0xfc, 0xfc, 0x08, 0x16, 0xfc, 0xfc, 0xfc, 0x0a, 0x16, 0x00, 0x94, 0x00, 0x0b, 0x16, 0x00, 0x94,
  0x00, 0x0c, 0x16, 0x00, 0x94, 0x00, 0x10, 0x16, 0xfc, 0xfc, 0xfc, 0x11, 0x16, 0xfc, 0x74, 0x60,
  0x12, 0x16, 0xfc, 0x74, 0x60, 0x13, 0x16, 0xfc, 0x74, 0x60, 0x04, 0x17, 0xfc, 0x74, 0x60, 0x05,
  0x17, 0xfc, 0x74, 0x60, 0x06, 0x17, 0xfc, 0x74, 0x60, 0x07, 0x17, 0xfc, 0x74, 0x60, 0x10, 0x17,
  0xfc, 0x74, 0x60, 0x11, 0x17, 0xfc, 0x74, 0x60, 0x12, 0x17, 0xfc, 0x74, 0x60, 0x13, 0x17, 0xfc,
  0x74, 0x60, 0x03, 0x18, 0xfc, 0x74, 0x60, 0x04, 0x18, 0xfc, 0x74, 0x60, 0x05, 0x18, 0xfc, 0x74,
  0x60, 0x06, 0x18, 0xfc, 0x74, 0x60, 0x07, 0x18, 0xfc, 0x74, 0x60, 0x10, 0x18, 0xfc, 0x74, 0x60,
  0x11, 0x18, 0xfc, 0x74, 0x60, 0x12, 0x18, 0xfc, 0x74, 0x60, 0x13, 0x18, 0xfc, 0x74, 0x60, 0x14,
  0x18, 0xfc, 0x74, 0x60, 0x01, 0x19, 0xfc, 0xfc, 0xfc, 0x02, 0x19, 0xfc, 0xfc, 0xfc, 0x03, 0x19,
  0xfc, 0x74, 0x60, 0x04, 0x19, 0xfc, 0x74, 0x60, 0x05, 0x19, 0xfc, 0x74, 0x60, 0x06, 0x19, 0xfc,
  0x74, 0x60, 0x07, 0x19, 0xfc, 0x74, 0x60, 0x08, 0x19, 0xfc, 0xfc, 0xfc, 0x09, 0x19, 0xfc, 0xfc,
  0xfc, 0x0a, 0x19, 0xfc, 0xfc, 0xfc, 0x0b, 0x19, 0xfc, 0xfc, 0xfc, 0x0c, 0x19, 0xfc, 0xfc, 0xfc,
  0x0d, 0x19, 0xfc, 0xfc, 0xfc, 0x0e, 0x19, 0xfc, 0xfc, 0xfc, 0x0f, 0x19, 0xfc, 0xfc, 0xfc, 0x10,
  0x19, 0xfc, 0x74, 0x60, 0x11, 0x19, 0xfc, 0x74, 0x60, 0x12, 0x19, 0xfc, 0x74, 0x60, 0x13, 0x19,
  0xfc, 0x74, 0x60, 0x14, 0x19, 0xfc, 0x74, 0x60, 0x15, 0x19, 0xfc, 0xfc, 0xfc, 0x16, 0x19, 0xfc,
  0xfc, 0xfc, 0x00, 0x1a, 0xfc, 0xfc, 0xfc, 0x01, 0x1a, 0xa4, 0x00, 0x00, 0x02, 0x1a, 0xa4, 0x00,
  0x00, 0x03, 0x1a, 0xa4, 0x00, 0x00, 0x04, 0x1a, 0xa4, 0x00, 0x00, 0x05, 0x1a, 0xa4, 0x00, 0x00,
  0x06, 0x1a, 0xa4, 0x00, 0x00, 0x07, 0x1a, 0xa4, 0x00, 0x00, 0x08, 0x1a, 0xa4, 0x00, 0x00, 0x09,
  0x1a, 0xa4, 0x00, 0x00, 0x0a, 0x1a, 0xa4, 0x00, 0x00, 0x0b, 0x1a, 0xa4, 0x00, 0x00, 0x0c, 0x1a,
  0xa4, 0x00, 0x00, 0x0d, 0x1a, 0xa4, 0x00, 0x00, 0x0e, 0x1a, 0xa4, 0x00, 0x00, 0x0f, 0x1a, 0xa4,
  0x00, 0x00, 0x10, 0x1a, 0xa4, 0x00, 0x00, 0x11, 0x1a, 0xa4, 0x00, 0x00, 0x12, 0x1a, 0xa4, 0x00,
  0x00, 0x13, 0x1a, 0xa4, 0x00, 0x00, 0x14, 0x1a, 0xa4, 0x00, 0x00, 0x15, 0x1a, 0xa4, 0x00, 0x00,
  0x16, 0x1a, 0xa4, 0x00, 0x00, 0x17, 0x1a, 0xfc, 0xfc, 0xfc, 0x01, 0x1b, 0xfc, 0xfc, 0xfc, 0x02,
  0x1b, 0xa4, 0x00, 0x00, 0x03, 0x1b, 0xa4, 0x00, 0x00, 0x04, 0x1b, 0xa4, 0x00, 0x00, 0x05, 0x1b,
  0xa4, 0x00, 0x00, 0x06, 0x1b, 0xa4, 0x00, 0x00, 0x07, 0x1b, 0xa4, 0x00, 0x00, 0x08, 0x1b, 0xa4,
  0x00, 0x00, 0x09, 0x1b, 0xa4, 0x00, 0x00, 0x0a, 0x1b, 0xa4, 0x00, 0x00, 0x0b, 0x1b, 0xa4, 0x00,
  0x00, 0x0c, 0x1b, 0xa4, 0x00, 0x00, 0x0d, 0x1b, 0xa4, 0x00, 0x00, 0x0e, 0x1b, 0xa4, 0x00, 0x00,
  0x0f, 0x1b, 0xa4, 0x00, 0x00, 0x10, 0x1b, 0xa4, 0x00, 0x00, 0x11, 0x1b, 0xa4, 0x00, 0x00, 0x12,
  0x1b, 0xa4, 0x00, 0x00, 0x13, 0x1b, 0xa4, 0x00, 0x00, 0x14, 0x1b, 0xa4, 0x00, 0x00, 0x15, 0x1b,
  0xa4, 0x00, 0x00, 0x16, 0x1b, 0xfc, 0xfc, 0xfc, 0x02, 0x1c, 0xfc, 0xfc, 0xfc, 0x03, 0x1c, 0xfc,
  0xfc, 0xfc, 0x04, 0x1c, 0xfc, 0xfc, 0xfc, 0x05, 0x1c, 0xfc, 0xfc, 0xfc, 0x06, 0x1c, 0xfc, 0xfc,
  0xfc, 0x07, 0x1c, 0xfc, 0xfc, 0xfc, 0x08, 0x1c, 0xfc, 0xfc, 0xfc, 0x09, 0x1c, 0xfc, 0xfc, 0xfc,
  0x0a, 0x1c, 0xfc, 0xfc, 0xfc, 0x0b, 0x1c, 0xfc, 0xfc, 0xfc, 0x0c, 0x1c, 0xfc, 0xfc, 0xfc, 0x0d,
  0x1c, 0xfc, 0xfc, 0xfc, 0x0e, 0x1c, 0xfc, 0xfc, 0xfc, 0x0f, 0x1c, 0xfc, 0xfc, 0xfc, 0x10, 0x1c,
  0xfc, 0xfc, 0xfc, 0x11, 0x1c, 0xfc, 0xfc, 0xfc, 0x12, 0x1c, 0xfc, 0xfc, 0xfc, 0x13, 0x1c, 0xfc,
  0xfc, 0xfc, 0x14, 0x1c, 0xfc, 0xfc, 0xfc, 0x15, 0x1c, 0xfc, 0xfc, 0xfc, 0x03, 0x1d, 0xfc, 0xfc,
  0xfc, 0x04, 0x1d, 0xa4, 0x00, 0x00, 0x05, 0x1d, 0xa4, 0x00, 0x00, 0x06, 0x1d, 0xfc, 0xfc, 0xfc,
  0x11, 0x1d, 0xfc, 0xfc, 0xfc, 0x12, 0x1d, 0xa4, 0x00, 0x00, 0x13, 0x1d, 0xa4, 0x00, 0x00, 0x14,
  0x1d, 0xfc, 0xfc, 0xfc, 0x03, 0x1e, 0xfc, 0xfc, 0xfc, 0x04, 0x1e, 0xa4, 0x00, 0x00, 0x05, 0x1e,
  0xa4, 0x00, 0x00, 0x06, 0x1e, 0xfc, 0xfc, 0xfc, 0x11, 0x1e, 0xfc, 0xfc, 0xfc, 0x12, 0x1e, 0xa4,
  0x00, 0x00, 0x13, 0x1e, 0xa4, 0x00, 0x00, 0x14, 0x1e, 0xfc, 0xfc, 0xfc, 0x04, 0x1f, 0xfc, 0xfc,
  0xfc, 0x05, 0x1f, 0xfc, 0xfc, 0xfc, 0x12, 0x1f, 0xfc, 0xfc, 0xfc, 0x13, 0x1f, 0xfc, 0xfc, 0xfc
};
static const AISprite kHiggins_skateboard_land_0 PROGMEM = {
  .w = 24, .h = 32, .pixelCount = 448,
  .pixels = kHiggins_skateboard_land_0Pixels, .fmt = 5,
};

// Higgins_stumble ("higgins.stumble"): 24x32, 365 pixels, fmt=5
static const uint8_t kHiggins_stumblePixels[] PROGMEM = {
  0x09, 0x00, 0xfc, 0xfc, 0xfc, 0x0a, 0x00, 0xfc, 0xfc, 0xfc, 0x0b, 0x00, 0xfc, 0xfc, 0xfc, 0x0c,
  0x00, 0xfc, 0xfc, 0xfc, 0x0d, 0x00, 0xfc, 0xfc, 0xfc, 0x10, 0x00, 0xfc, 0xfc, 0xfc, 0x11, 0x00,
  0xfc, 0xfc, 0xfc, 0x08, 0x01, 0xfc, 0xfc, 0xfc, 0x09, 0x01, 0xfc, 0xfc, 0xfc, 0x0a, 0x01, 0xfc,
  0xfc, 0xfc, 0x0b, 0x01, 0xfc, 0x74, 0x60, 0x0c, 0x01, 0xfc, 0x74, 0x60, 0x0d, 0x01, 0xfc, 0x74,
  0x60, 0x0e, 0x01, 0xfc, 0xfc, 0xfc, 0x0f, 0x01, 0xfc, 0xfc, 0xfc, 0x10, 0x01, 0xfc, 0xfc, 0xfc,
  0x07, 0x02, 0xfc, 0xfc, 0xfc, 0x08, 0x02, 0xfc, 0xfc, 0xfc, 0x09, 0x02, 0xfc, 0xfc, 0xfc, 0x0a,
  0x02, 0xfc, 0xfc, 0xfc, 0x0b, 0x02, 0xfc, 0x74, 0x60, 0x0c, 0x02, 0xfc, 0x74, 0x60, 0x0d, 0x02,
  0xfc, 0x74, 0x60, 0x0e, 0x02, 0xfc, 0xfc, 0xfc, 0x0f, 0x02, 0xfc, 0xfc, 0xfc, 0x06, 0x03, 0xfc,
  0xfc, 0xfc, 0x07, 0x03, 0xfc, 0xfc, 0xfc, 0x08, 0x03, 0xfc, 0xfc, 0xfc, 0x09, 0x03, 0xfc, 0xfc,
  0xfc, 0x0a, 0x03, 0xfc, 0xfc, 0xfc, 0x0b, 0x03, 0xfc, 0xfc, 0xfc, 0x0c, 0x03, 0xfc, 0xfc, 0xfc,
  0x0d, 0x03, 0xfc, 0xfc, 0xfc, 0x0e, 0x03, 0xa4, 0x00, 0x00, 0x0f, 0x03, 0xa4, 0x00, 0x00, 0x10,
  0x03, 0xa4, 0x00, 0x00, 0x06, 0x04, 0xfc, 0xfc, 0xfc, 0x07, 0x04, 0xfc, 0xfc, 0xfc, 0x08, 0x04,
  0xfc, 0xfc, 0xfc, 0x09, 0x04, 0xfc, 0xfc, 0xfc, 0x0a, 0x04, 0xfc, 0xfc, 0xfc, 0x0b, 0x04, 0xfc,
  0xfc, 0xfc, 0x0c, 0x04, 0xa4, 0x00, 0x00, 0x0d, 0x04, 0xa4, 0x00, 0x00, 0x0e, 0x04, 0xa4, 0x00,
  0x00, 0x0f, 0x04, 0xa4, 0x00, 0x00, 0x10, 0x04, 0xa4, 0x00, 0x00, 0x11, 0x04, 0xa4, 0x00, 0x00,
  0x06, 0x05, 0xfc, 0xfc, 0xfc, 0x07, 0x05, 0xfc, 0xfc, 0xfc, 0x08, 0x05, 0xfc, 0xfc, 0xfc, 0x09,
  0x05, 0xfc, 0xfc, 0xfc, 0x0a, 0x05, 0xa4, 0x00, 0x00, 0x0b, 0x05, 0xa4, 0x00, 0x00, 0x0c, 0x05,
  0xa4, 0x00, 0x00, 0x0d, 0x05, 0xa4, 0x00, 0x00, 0x0e, 0x05, 0xa4, 0x00, 0x00, 0x0f, 0x05, 0xa4,
  0x00, 0x00, 0x10, 0x05, 0xfc, 0x74, 0x60, 0x11, 0x05, 0xfc, 0x74, 0x60, 0x12, 0x05, 0xa4, 0x00,
  0x00, 0x06, 0x06, 0xfc, 0xfc, 0xfc, 0x07, 0x06, 0xfc, 0xfc, 0xfc, 0x08, 0x06, 0xfc, 0xfc, 0xfc,
  0x09, 0x06, 0xfc, 0xfc, 0xfc, 0x0a, 0x06, 0xa4, 0x00, 0x00, 0x0b, 0x06, 0xa4, 0x00, 0x00, 0x0c,
  0x06, 0xa4, 0x00, 0x00, 0x0d, 0x06, 0xfc, 0x74, 0x60, 0x0e, 0x06, 0xfc, 0x74, 0x60, 0x0f, 0x06,
  0xfc, 0x74, 0x60, 0x10, 0x06, 0xfc, 0x74, 0x60, 0x11, 0x06, 0xfc, 0x74, 0x60, 0x12, 0x06, 0xa4,
  0x00, 0x00, 0x06, 0x07, 0xfc, 0xfc, 0xfc, 0x07, 0x07, 0xa4, 0x00, 0x00, 0x08, 0x07, 0xfc, 0x74,
  0x60, 0x09, 0x07, 0xa4, 0x00, 0x00, 0x0a, 0x07, 0xa4, 0x00, 0x00, 0x0b, 0x07, 0xfc, 0x74, 0x60,
  0x0c, 0x07, 0xfc, 0x74, 0x60, 0x0d, 0x07, 0xa4, 0x00, 0x00, 0x0e, 0x07, 0xa4, 0x00, 0x00, 0x0f,
  0x07, 0xfc, 0x74, 0x60, 0x10, 0x07, 0xfc, 0x74, 0x60, 0x11, 0x07, 0xa4, 0x00, 0x00, 0x12, 0x07,
  0xa4, 0x00, 0x00, 0x06, 0x08, 0xa4, 0x00, 0x00, 0x07, 0x08, 0xfc, 0x74, 0x60, 0x08, 0x08, 0xa4,
  0x00, 0x00, 0x09, 0x08, 0xa4, 0x00, 0x00, 0x0a, 0x08, 0xfc, 0x74, 0x60, 0x0b, 0x08, 0xfc, 0x74,
  0x60, 0x0c, 0x08, 0xa4, 0x00, 0x00, 0x0d, 0x08, 0xfc, 0x74, 0x60, 0x0e, 0x08, 0xfc, 0x74, 0x60,
  0x0f, 0x08, 0xfc, 0x74, 0x60, 0x10, 0x08, 0xfc, 0x74, 0x60, 0x11, 0x08, 0xfc, 0x74, 0x60, 0x12,
  0x08, 0xa4, 0x00, 0x00, 0x05, 0x09, 0xa4, 0x00, 0x00, 0x06, 0x09, 0xa4, 0x00, 0x00, 0x07, 0x09,
  0xfc, 0x74, 0x60, 0x08, 0x09, 0xa4, 0x00, 0x00, 0x09, 0x09, 0xfc, 0x74, 0x60, 0x0a, 0x09, 0xfc,
  0x74, 0x60, 0x0b, 0x09, 0xfc, 0x74, 0x60, 0x0c, 0x09, 0xfc, 0x74, 0x60, 0x0d, 0x09, 0xfc, 0xfc,
  0xfc, 0x0e, 0x09, 0xfc, 0xfc, 0xfc, 0x0f, 0x09, 0xfc, 0x74, 0x60, 0x10, 0x09, 0xfc, 0xfc, 0xfc,
  0x11, 0x09, 0xfc, 0x74, 0x60, 0x12, 0x09, 0xfc, 0x74, 0x60, 0x13, 0x09, 0xa4, 0x00, 0x00, 0x05,
  0x0a, 0xa4, 0x00, 0x00, 0x06, 0x0a, 0xa4, 0x00, 0x00, 0x07, 0x0a, 0xfc, 0x74, 0x60, 0x08, 0x0a,
  0xfc, 0x74, 0x60, 0x09, 0x0a, 0xfc, 0x74, 0x60, 0x0a, 0x0a, 0xfc, 0x74, 0x60, 0x0b, 0x0a, 0xfc,
  0x74, 0x60, 0x0c, 0x0a, 0xfc, 0xfc, 0xfc, 0x0d, 0x0a, 0xfc, 0xfc, 0xfc, 0x0e, 0x0a, 0xfc, 0xfc,
  0xfc, 0x0f, 0x0a, 0xfc, 0x74, 0x60, 0x10, 0x0a, 0xfc, 0xfc, 0xfc, 0x11, 0x0a, 0xfc, 0xfc, 0xfc,
  0x12, 0x0a, 0xfc, 0x74, 0x60, 0x13, 0x0a, 0xa4, 0x00, 0x00, 0x14, 0x0a, 0xfc, 0x74, 0x60, 0x04,
  0x0b, 0xa4, 0x00, 0x00, 0x05, 0x0b, 0xa4, 0x00, 0x00, 0x06, 0x0b, 0xa4, 0x00, 0x00, 0x07, 0x0b,
  0xa4, 0x00, 0x00, 0x08, 0x0b, 0xfc, 0x74, 0x60, 0x09, 0x0b, 0xfc, 0x74, 0x60, 0x0a, 0x0b, 0xfc,
  0x74, 0x60, 0x0b, 0x0b, 0xfc, 0x74, 0x60, 0x0c, 0x0b, 0xfc, 0xfc, 0xfc, 0x0d, 0x0b, 0xfc, 0xfc,
  0xfc, 0x0e, 0x0b, 0xa4, 0x00, 0x00, 0x0f, 0x0b, 0xfc, 0x74, 0x60, 0x10, 0x0b, 0xa4, 0x00, 0x00,
  0x11, 0x0b, 0xfc, 0xfc, 0xfc, 0x12, 0x0b, 0xfc, 0x74, 0x60, 0x13, 0x0b, 0xa4, 0x00, 0x00, 0x14,
  0x0b, 0xfc, 0x74, 0x60, 0x15, 0x0b, 0xfc, 0x74, 0x60, 0x01, 0x0c, 0xfc, 0x74, 0x60, 0x02, 0x0c,
  0xfc, 0x74, 0x60, 0x03, 0x0c, 0xfc, 0x74, 0x60, 0x04, 0x0c, 0xfc, 0x74, 0x60, 0x05, 0x0c, 0xfc,
  0x74, 0x60, 0x06, 0x0c, 0xa4, 0x00, 0x00, 0x07, 0x0c, 0xa4, 0x00, 0x00, 0x08, 0x0c, 0xa4, 0x00,
  0x00, 0x09, 0x0c, 0xfc, 0x74, 0x60, 0x0a, 0x0c, 0xfc, 0x74, 0x60, 0x0b, 0x0c, 0xfc, 0x74, 0x60,
  0x0c, 0x0c, 0xfc, 0x74, 0x60, 0x0d, 0x0c, 0xfc, 0x74, 0x60, 0x0e, 0x0c, 0xfc, 0x74, 0x60, 0x0f,
  0x0c, 0xfc, 0x74, 0x60, 0x10, 0x0c, 0xfc, 0x74, 0x60, 0x11, 0x0c, 0xfc, 0x74, 0x60, 0x12, 0x0c,
  0xfc, 0x74, 0x60, 0x13, 0x0c, 0xa4, 0x00, 0x00, 0x14, 0x0c, 0xfc, 0x74, 0x60, 0x15, 0x0c, 0xfc,
  0x74, 0x60, 0x00, 0x0d, 0xfc, 0x74, 0x60, 0x01, 0x0d, 0xfc, 0x74, 0x60, 0x02, 0x0d, 0xfc, 0x74,
  0x60, 0x03, 0x0d, 0xfc, 0x74, 0x60, 0x04, 0x0d, 0xfc, 0x74, 0x60, 0x05, 0x0d, 0xfc, 0x74, 0x60,
  0x06, 0x0d, 0xfc, 0x74, 0x60, 0x07, 0x0d, 0xfc, 0x74, 0x60, 0x08, 0x0d, 0xa4, 0x00, 0x00, 0x09,
  0x0d, 0xfc, 0x74, 0x60, 0x0a, 0x0d, 0xfc, 0x74, 0x60, 0x0b, 0x0d, 0xfc, 0x74, 0x60, 0x0c, 0x0d,
  0xfc, 0x74, 0x60, 0x0d, 0x0d, 0xfc, 0x74, 0x60, 0x0e, 0x0d, 0xa4, 0x00, 0x00, 0x0f, 0x0d, 0xa4,
  0x00, 0x00, 0x10, 0x0d, 0xfc, 0x74, 0x60, 0x11, 0x0d, 0xfc, 0x74, 0x60, 0x12, 0x0d, 0xfc, 0x74,
  0x60, 0x13, 0x0d, 0xa4, 0x00, 0x00, 0x14, 0x0d, 0xfc, 0x74, 0x60, 0x15, 0x0d, 0xfc, 0x74, 0x60,
  0x00, 0x0e, 0xfc, 0x74, 0x60, 0x01, 0x0e, 0xfc, 0x74, 0x60, 0x02, 0x0e, 0xfc, 0x74, 0x60, 0x03,
  0x0e, 0xfc, 0x74, 0x60, 0x04, 0x0e, 0xfc, 0x74, 0x60, 0x05, 0x0e, 0xfc, 0x74, 0x60, 0x06, 0x0e,
  0xfc, 0x74, 0x60, 0x07, 0x0e, 0xfc, 0x74, 0x60, 0x08, 0x0e, 0xfc, 0x74, 0x60, 0x09, 0x0e, 0xa4,
  0x00, 0x00, 0x0a, 0x0e, 0xa4, 0x00, 0x00, 0x0b, 0x0e, 0xfc, 0x74, 0x60, 0x0c, 0x0e, 0xfc, 0x74,
  0x60, 0x0d, 0x0e, 0xfc, 0x74, 0x60, 0x0e, 0x0e, 0xa4, 0x00, 0x00, 0x0f, 0x0e, 0xa4, 0x00, 0x00,
  0x10, 0x0e, 0xfc, 0x74, 0x60, 0x11, 0x0e, 0xfc, 0x74, 0x60, 0x13, 0x0e, 0xfc, 0x74, 0x60, 0x14,
  0x0e, 0xfc, 0x74, 0x60, 0x01, 0x0f, 0xfc, 0x74, 0x60, 0x02, 0x0f, 0xfc, 0x74, 0x60, 0x03, 0x0f,
  0xfc, 0x74, 0x60, 0x04, 0x0f, 0xfc, 0x74, 0x60, 0x05, 0x0f, 0xfc, 0x74, 0x60, 0x06, 0x0f, 0xfc,
  0x74, 0x60, 0x07, 0x0f, 0xfc, 0x74, 0x60, 0x08, 0x0f, 0xfc, 0x74, 0x60, 0x09, 0x0f, 0xfc, 0x74,
  0x60, 0x0a, 0x0f, 0xfc, 0x74, 0x60, 0x0b, 0x0f, 0xa4, 0x00, 0x00, 0x0c, 0x0f, 0xa4, 0x00, 0x00,
  0x0d, 0x0f, 0xfc, 0x74, 0x60, 0x0e, 0x0f, 0xfc, 0x74, 0x60, 0x0f, 0x0f, 0xfc, 0x74, 0x60, 0x10,
  0x0f, 0xfc, 0x74, 0x60, 0x05, 0x10, 0x00, 0x94, 0x00, 0x06, 0x10, 0xfc, 0x74, 0x60, 0x07, 0x10,
  0xfc, 0x74, 0x60, 0x08, 0x10, 0xfc, 0x74, 0x60, 0x09, 0x10, 0xfc, 0x74, 0x60, 0x0a, 0x10, 0xfc,
  0x74, 0x60, 0x0b, 0x10, 0xfc, 0x74, 0x60, 0x0c, 0x10, 0xfc, 0x74, 0x60, 0x0d, 0x10, 0xfc, 0x74,
  0x60, 0x0e, 0x10, 0xfc, 0x74, 0x60, 0x0f, 0x10, 0xfc, 0x74, 0x60, 0x02, 0x11, 0xfc, 0x74, 0x60,
  0x03, 0x11, 0xfc, 0x74, 0x60, 0x04, 0x11, 0x00, 0x94, 0x00, 0x05, 0x11, 0xfc, 0x74, 0x60, 0x06,
  0x11, 0xfc, 0x74, 0x60, 0x07, 0x11, 0xfc, 0x74, 0x60, 0x08, 0x11, 0xfc, 0x74, 0x60, 0x09, 0x11,
  0xfc, 0x74, 0x60, 0x0a, 0x11, 0xfc, 0x74, 0x60, 0x0b, 0x11, 0xfc, 0x74, 0x60, 0x0c, 0x11, 0xfc,
  0x74, 0x60, 0x0d, 0x11, 0xfc, 0x74, 0x60, 0x0e, 0x11, 0xfc, 0x74, 0x60, 0x0f, 0x11, 0xfc, 0x74,
  0x60, 0x01, 0x12, 0xfc, 0x74, 0x60, 0x02, 0x12, 0xfc, 0x74, 0x60, 0x03, 0x12, 0xfc, 0x74, 0x60,
  0x04, 0x12, 0xfc, 0x74, 0x60, 0x05, 0x12, 0x00, 0x94, 0x00, 0x06, 0x12, 0xfc, 0x74, 0x60, 0x07,
  0x12, 0xfc, 0x74, 0x60, 0x08, 0x12, 0xfc, 0x74, 0x60, 0x09, 0x12, 0xfc, 0x74, 0x60, 0x0a, 0x12,
  0xfc, 0x74, 0x60, 0x0b, 0x12, 0xfc, 0x74, 0x60, 0x0c, 0x12, 0xfc, 0x74, 0x60, 0x0d, 0x12, 0xfc,
  0x74, 0x60, 0x0e, 0x12, 0xfc, 0x74, 0x60, 0x0f, 0x12, 0xfc, 0x74, 0x60, 0x00, 0x13, 0xfc, 0x74,
  0x60, 0x01, 0x13, 0xfc, 0x74, 0x60, 0x02, 0x13, 0xfc, 0x74, 0x60, 0x03, 0x13, 0xfc, 0x74, 0x60,
  0x04, 0x13, 0xfc, 0x74, 0x60, 0x05, 0x13, 0x00, 0x94, 0x00, 0x06, 0x13, 0xfc, 0x74, 0x60, 0x07,
  0x13, 0xfc, 0x74, 0x60, 0x08, 0x13, 0xfc, 0x74, 0x60, 0x09, 0x13, 0xfc, 0x74, 0x60, 0x0a, 0x13,
  0xfc, 0x74, 0x60, 0x0b, 0x13, 0xfc, 0x74, 0x60, 0x0c, 0x13, 0xfc, 0x74, 0x60, 0x0d, 0x13, 0xfc,
  0x74, 0x60, 0x0e, 0x13, 0xfc, 0x74, 0x60, 0x0f, 0x13, 0xfc, 0x74, 0x60, 0x00, 0x14, 0xfc, 0x74,
  0x60, 0x01, 0x14, 0xfc, 0x74, 0x60, 0x02, 0x14, 0xfc, 0x74, 0x60, 0x03, 0x14, 0xfc, 0x74, 0x60,
  0x04, 0x14, 0x00, 0x94, 0x00, 0x05, 0x14, 0x00, 0x94, 0x00, 0x06, 0x14, 0x00, 0x94, 0x00, 0x07,
  0x14, 0xfc, 0x74, 0x60, 0x08, 0x14, 0xfc, 0x74, 0x60, 0x09, 0x14, 0xfc, 0x74, 0x60, 0x0a, 0x14,
  0xfc, 0x74, 0x60, 0x0b, 0x14, 0xfc, 0x74, 0x60, 0x0c, 0x14, 0xfc, 0x74, 0x60, 0x0d, 0x14, 0xfc,
  0x74, 0x60, 0x0e, 0x14, 0xfc, 0x74, 0x60, 0x00, 0x15, 0xfc, 0x74, 0x60, 0x01, 0x15, 0xfc, 0x74,
  0x60, 0x02, 0x15, 0xfc, 0x74, 0x60, 0x03, 0x15, 0x00, 0x94, 0x00, 0x04, 0x15, 0x00, 0x94, 0x00,
  0x05, 0x15, 0x00, 0x94, 0x00, 0x06, 0x15, 0x00, 0x94, 0x00, 0x07, 0x15, 0x00, 0x94, 0x00, 0x08,
  0x15, 0xfc, 0x74, 0x60, 0x09, 0x15, 0xfc, 0x74, 0x60, 0x0a, 0x15, 0xfc, 0x74, 0x60, 0x0b, 0x15,
  0xfc, 0x74, 0x60, 0x0c, 0x15, 0xfc, 0x74, 0x60, 0x0d, 0x15, 0xfc, 0x74, 0x60, 0x0e, 0x15, 0xfc,
  0x74, 0x60, 0x04, 0x16, 0x00, 0x94, 0x00, 0x05, 0x16, 0x00, 0x94, 0x00, 0x06, 0x16, 0x00, 0x94,
  0x00, 0x07, 0x16, 0x00, 0x94, 0x00, 0x08, 0x16, 0x00, 0x94, 0x00, 0x09, 0x16, 0x00, 0x94, 0x00,
  0x0a, 0x16, 0xfc, 0x74, 0x60, 0x0b, 0x16, 0xfc, 0x74, 0x60, 0x0c, 0x16, 0xfc, 0x74, 0x60, 0x0d,
  0x16, 0xfc, 0x74, 0x60, 0x04, 0x17, 0x00, 0x94, 0x00, 0x05, 0x17, 0x00, 0x94, 0x00, 0x06, 0x17,
  0xfc, 0x74, 0x60, 0x07, 0x17, 0x00, 0x94, 0x00, 0x08, 0x17, 0x00, 0x94, 0x00, 0x09, 0x17, 0x00,
  0x94, 0x00, 0x0a, 0x17, 0x00, 0x94, 0x00, 0x0b, 0x17, 0x00, 0x94, 0x00, 0x0c, 0x17, 0x00, 0x94,
  0x00, 0x05, 0x18, 0xfc, 0x74, 0x60, 0x06, 0x18, 0xfc, 0x74, 0x60, 0x07, 0x18, 0x00, 0x94, 0x00,
  0x08, 0x18, 0x00, 0x94, 0x00, 0x09, 0x18, 0x00, 0x94, 0x00, 0x0a, 0x18, 0x00, 0x94, 0x00, 0x0b,
  0x18, 0x00, 0x94, 0x00, 0x0c, 0x18, 0x00, 0x94, 0x00, 0x04, 0x19, 0xfc, 0x74, 0x60, 0x05, 0x19,
  0xfc, 0x74, 0x60, 0x06, 0x19, 0xfc, 0x74, 0x60, 0x07, 0x19, 0xfc, 0x74, 0x60, 0x08, 0x19, 0xfc,
  0x74, 0x60, 0x09, 0x19, 0x00, 0x94, 0x00, 0x0a, 0x19, 0x00, 0x94, 0x00, 0x03, 0x1a, 0xfc, 0x74,
  0x60, 0x04, 0x1a, 0xfc, 0x74, 0x60, 0x05, 0x1a, 0xfc, 0x74, 0x60, 0x06, 0x1a, 0xfc, 0x74, 0x60,
  0x07, 0x1a, 0xfc, 0x74, 0x60, 0x03, 0x1b, 0xfc, 0x74, 0x60, 0x04, 0x1b, 0xfc, 0x74, 0x60, 0x05,
  0x1b, 0xfc, 0x74, 0x60, 0x06, 0x1b, 0xfc, 0x74, 0x60, 0x07, 0x1b, 0xfc, 0x74, 0x60, 0x03, 0x1c,
  0xfc, 0x74, 0x60, 0x04, 0x1c, 0xfc, 0x74, 0x60, 0x05, 0x1c, 0xfc, 0x74, 0x60, 0x06, 0x1c, 0xfc,
  0x74, 0x60, 0x04, 0x1d, 0xfc, 0x74, 0x60, 0x05, 0x1d, 0xfc, 0x74, 0x60, 0x06, 0x1d, 0xfc, 0x74,
  0x60
};
static const AISprite kHiggins_stumble PROGMEM = {
  .w = 24, .h = 32, .pixelCount = 365,
  .pixels = kHiggins_stumblePixels, .fmt = 5,
};

