// KOF97 stance 帧 sprite (展开 base + delta 后的独立全帧)
// Generated by build-firmware-sprites.js
#pragma once

#include "kof97_sprite_types.h"

// kyo 帧 0: 20×23, 139 pixels
static const uint8_t kStance_kyo_0Pixels[] PROGMEM = {
  0x08, 0x00, 0x13, 0x05, 0x00, 0x09, 0x00, 0x44, 0x11, 0x00, 0x0a, 0x00, 0x44, 0x11, 0x00, 0x08,
  0x01, 0x00, 0x00, 0x00, 0x09, 0x01, 0x35, 0x39, 0x2b, 0x0a, 0x01, 0x13, 0x05, 0x00, 0x08, 0x02,
  0x00, 0x00, 0x00, 0x09, 0x02, 0xb7, 0xb7, 0xb7, 0x0a, 0x02, 0x31, 0x0c, 0x00, 0x0b, 0x02, 0x5c,
  0x5a, 0x31, 0x0c, 0x02, 0x33, 0x33, 0x22, 0x0d, 0x02, 0x27, 0x27, 0x16, 0x0e, 0x02, 0x22, 0x22,
  0x11, 0x07, 0x03, 0x22, 0x22, 0x11, 0x08, 0x03, 0x0a, 0x0a, 0x05, 0x09, 0x03, 0x57, 0x1b, 0x00,
  0x0a, 0x03, 0x75, 0x29, 0x00, 0x0b, 0x03, 0xdd, 0x77, 0x44, 0x0c, 0x03, 0x27, 0x27, 0x16, 0x0d,
  0x03, 0x18, 0x1d, 0x0c, 0x0e, 0x03, 0x18, 0x1d, 0x0c, 0x07, 0x04, 0x3f, 0x3f, 0x2e, 0x08, 0x04,
  0x33, 0x33, 0x22, 0x09, 0x04, 0x0e, 0x0e, 0x0a, 0x0a, 0x04, 0xc5, 0x64, 0x31, 0x0b, 0x04, 0x60,
  0x57, 0x3c, 0x0c, 0x04, 0x38, 0x38, 0x27, 0x0d, 0x04, 0x7e, 0x8f, 0x5c, 0x0e, 0x04, 0xff, 0xb8,
  0x79, 0x06, 0x05, 0xff, 0xff, 0xff, 0x07, 0x05, 0x00, 0x11, 0x00, 0x08, 0x05, 0x2e, 0x2e, 0x1d,
  0x09, 0x05, 0x33, 0x33, 0x22, 0x0a, 0x05, 0xbb, 0xcc, 0x99, 0x0b, 0x05, 0x35, 0x39, 0x2b, 0x0c,
  0x05, 0x00, 0x00, 0x00, 0x0d, 0x05, 0x9f, 0x5a, 0x31, 0x0e, 0x05, 0xff, 0xaa, 0x66, 0x0f, 0x05,
  0xdd, 0x77, 0x44, 0x05, 0x06, 0xe7, 0x55, 0x79, 0x06, 0x06, 0xff, 0xcf, 0x97, 0x07, 0x06, 0x1d,
  0x2e, 0x13, 0x08, 0x06, 0x22, 0x22, 0x11, 0x09, 0x06, 0x33, 0x33, 0x22, 0x0a, 0x06, 0x86, 0x93,
  0x6e, 0x0b, 0x06, 0xec, 0xf1, 0xe2, 0x0c, 0x06, 0x00, 0x00, 0x00, 0x0d, 0x06, 0x44, 0x11, 0x00,
  0x0e, 0x06, 0x88, 0x33, 0x00, 0x0f, 0x06, 0xff, 0xaa, 0x66, 0x05, 0x07, 0xf5, 0x9c, 0x5c, 0x06,
  0x07, 0xdd, 0x77, 0x44, 0x08, 0x07, 0x22, 0x22, 0x11, 0x09, 0x07, 0x3f, 0x3f, 0x2e, 0x0a, 0x07,
  0x49, 0x55, 0x31, 0x0b, 0x07, 0xa3, 0xb4, 0x81, 0x0c, 0x07, 0xca, 0x8d, 0x58, 0x05, 0x08, 0xdd,
  0x77, 0x44, 0x06, 0x08, 0x60, 0x48, 0x29, 0x08, 0x08, 0x00, 0x00, 0x00, 0x09, 0x08, 0x44, 0x44,
  0x33, 0x0a, 0x08, 0xb7, 0x7a, 0x49, 0x0b, 0x08, 0xff, 0xdd, 0xaa, 0x0c, 0x08, 0x00, 0x00, 0x00,
  0x07, 0x09, 0x62, 0x25, 0x00, 0x08, 0x09, 0xde, 0x89, 0x49, 0x09, 0x09, 0x3f, 0x27, 0x0c, 0x0a,
  0x09, 0x18, 0x1d, 0x0c, 0x0b, 0x09, 0x33, 0x33, 0x22, 0x0c, 0x09, 0x27, 0x27, 0x16, 0x09, 0x0a,
  0x0e, 0x1b, 0x0a, 0x0a, 0x0a, 0x18, 0x1d, 0x0c, 0x0b, 0x0a, 0x33, 0x33, 0x22, 0x0c, 0x0a, 0x25,
  0x29, 0x18, 0x0d, 0x0a, 0x22, 0x22, 0x11, 0x08, 0x0b, 0x22, 0x22, 0x11, 0x09, 0x0b, 0x44, 0x44,
  0x33, 0x0a, 0x0b, 0x27, 0x27, 0x16, 0x0b, 0x0b, 0x00, 0x05, 0x00, 0x0c, 0x0b, 0x33, 0x33, 0x22,
  0x0d, 0x0b, 0x44, 0x44, 0x33, 0x08, 0x0c, 0x2e, 0x2e, 0x1d, 0x09, 0x0c, 0x3f, 0x3f, 0x2e, 0x0a,
  0x0c, 0x22, 0x22, 0x11, 0x0c, 0x0c, 0x22, 0x22, 0x11, 0x0d, 0x0c, 0x3f, 0x3f, 0x2e, 0x0e, 0x0c,
  0x33, 0x33, 0x22, 0x08, 0x0d, 0x3f, 0x3f, 0x2e, 0x09, 0x0d, 0x38, 0x38, 0x27, 0x0a, 0x0d, 0x00,
  0x11, 0x00, 0x0c, 0x0d, 0x00, 0x11, 0x00, 0x0d, 0x0d, 0x22, 0x22, 0x11, 0x0e, 0x0d, 0x2c, 0x2c,
  0x1b, 0x0f, 0x0d, 0x22, 0x22, 0x11, 0x07, 0x0e, 0x22, 0x22, 0x11, 0x08, 0x0e, 0x44, 0x44, 0x33,
  0x09, 0x0e, 0x0a, 0x16, 0x05, 0x0d, 0x0e, 0x00, 0x0c, 0x00, 0x0e, 0x0e, 0x22, 0x22, 0x11, 0x0f,
  0x0e, 0x2c, 0x2c, 0x1b, 0x07, 0x0f, 0x2e, 0x2e, 0x1d, 0x08, 0x0f, 0x33, 0x33, 0x22, 0x0e, 0x0f,
  0x00, 0x11, 0x00, 0x0f, 0x0f, 0x22, 0x22, 0x11, 0x06, 0x10, 0x0a, 0x16, 0x05, 0x07, 0x10, 0x33,
  0x33, 0x22, 0x08, 0x10, 0x0a, 0x16, 0x05, 0x0d, 0x10, 0x00, 0x11, 0x00, 0x0e, 0x10, 0x22, 0x22,
  0x11, 0x0f, 0x10, 0x0a, 0x16, 0x05, 0x06, 0x11, 0x22, 0x22, 0x11, 0x07, 0x11, 0x00, 0x11, 0x00,
  0x0d, 0x11, 0x00, 0x11, 0x00, 0x0e, 0x11, 0x27, 0x27, 0x16, 0x0f, 0x11, 0x00, 0x05, 0x00, 0x05,
  0x12, 0x22, 0x22, 0x11, 0x06, 0x12, 0x00, 0x11, 0x00, 0x0d, 0x12, 0x22, 0x22, 0x11, 0x0e, 0x12,
  0x00, 0x05, 0x00, 0x05, 0x13, 0x18, 0x1d, 0x0c, 0x06, 0x13, 0x00, 0x05, 0x00, 0x0d, 0x13, 0x0a,
  0x16, 0x05, 0x0e, 0x13, 0x00, 0x11, 0x00, 0x04, 0x14, 0x18, 0x1d, 0x0c, 0x05, 0x14, 0x0a, 0x16,
  0x05, 0x0c, 0x14, 0x00, 0x11, 0x00, 0x0d, 0x14, 0x22, 0x22, 0x11, 0x0e, 0x14, 0x00, 0x05, 0x00,
  0x04, 0x15, 0x22, 0x22, 0x11, 0x05, 0x15, 0x00, 0x05, 0x00, 0x0c, 0x15, 0x00, 0x11, 0x00, 0x0d,
  0x15, 0x00, 0x11, 0x00, 0x0e, 0x15, 0x00, 0x11, 0x00, 0x03, 0x16, 0xff, 0xff, 0xff, 0x04, 0x16,
  0x66, 0x77, 0x44, 0x0c, 0x16, 0xbb, 0xcc, 0x99, 0x0d, 0x16, 0x66, 0x77, 0x44, 0x0e, 0x16, 0xbb,
  0xcc, 0x99, 0x0f, 0x16, 0xff, 0xff, 0xff
};
static const KofSprite kStance_kyo_0 PROGMEM = {
  .w = 20, .h = 23, .pixelCount = 139,
  .pixels = kStance_kyo_0Pixels, .fmt = 5,
};

// kyo 帧 1: 20×23, 115 pixels
static const uint8_t kStance_kyo_1Pixels[] PROGMEM = {
  0x07, 0x01, 0x88, 0x33, 0x00, 0x08, 0x01, 0xff, 0xff, 0xff, 0x09, 0x01, 0x49, 0x55, 0x31, 0x07,
  0x02, 0x00, 0x00, 0x00, 0x08, 0x02, 0xb7, 0xb7, 0xb7, 0x09, 0x02, 0x44, 0x11, 0x00, 0x0a, 0x02,
  0x00, 0x05, 0x00, 0x06, 0x03, 0x22, 0x22, 0x11, 0x07, 0x03, 0x22, 0x22, 0x11, 0x08, 0x03, 0x13,
  0x1f, 0x0e, 0x09, 0x03, 0x88, 0x33, 0x00, 0x0a, 0x03, 0x31, 0x36, 0x25, 0x0b, 0x03, 0x22, 0x22,
  0x11, 0x0c, 0x03, 0x27, 0x27, 0x16, 0x0d, 0x03, 0x18, 0x1d, 0x0c, 0x06, 0x04, 0x22, 0x22, 0x11,
  0x07, 0x04, 0x33, 0x33, 0x22, 0x08, 0x04, 0x33, 0x33, 0x22, 0x09, 0x04, 0xe7, 0x94, 0x61, 0x0a,
  0x04, 0xc1, 0xa8, 0x7f, 0x0b, 0x04, 0x00, 0x00, 0x00, 0x0c, 0x04, 0xff, 0xff, 0xff, 0x0d, 0x04,
  0xbb, 0xcc, 0x99, 0x06, 0x05, 0x3f, 0x3f, 0x2e, 0x07, 0x05, 0x0a, 0x16, 0x05, 0x08, 0x05, 0x44,
  0x44, 0x33, 0x09, 0x05, 0xff, 0xff, 0xff, 0x0a, 0x05, 0x00, 0x00, 0x00, 0x0b, 0x05, 0x00, 0x00,
  0x00, 0x0c, 0x05, 0x00, 0x11, 0x00, 0x0d, 0x05, 0xdd, 0x77, 0x44, 0x05, 0x06, 0xe7, 0x55, 0x79,
  0x06, 0x06, 0xff, 0xaa, 0x66, 0x07, 0x06, 0x00, 0x0c, 0x00, 0x08, 0x06, 0x00, 0x11, 0x00, 0x09,
  0x06, 0xb7, 0xb7, 0xb7, 0x0a, 0x06, 0x00, 0x00, 0x00, 0x0b, 0x06, 0x22, 0x22, 0x11, 0x0c, 0x06,
  0x75, 0x29, 0x00, 0x0d, 0x06, 0x88, 0x33, 0x00, 0x05, 0x07, 0xff, 0xcf, 0x97, 0x06, 0x07, 0xff,
  0xaa, 0x66, 0x07, 0x07, 0x00, 0x0c, 0x00, 0x08, 0x07, 0x27, 0x27, 0x16, 0x09, 0x07, 0x66, 0x77,
  0x44, 0x0a, 0x07, 0x00, 0x00, 0x00, 0x0b, 0x07, 0x22, 0x22, 0x11, 0x05, 0x08, 0xdd, 0x77, 0x44,
  0x06, 0x08, 0xc1, 0x84, 0x4e, 0x07, 0x08, 0x00, 0x00, 0x00, 0x08, 0x08, 0xb7, 0xa4, 0x7a, 0x09,
  0x08, 0xff, 0xcf, 0x97, 0x0a, 0x08, 0x3e, 0x21, 0x13, 0x0b, 0x08, 0x33, 0x33, 0x22, 0x08, 0x09,
  0x22, 0x22, 0x11, 0x09, 0x09, 0x00, 0x11, 0x00, 0x0a, 0x09, 0x18, 0x1d, 0x0c, 0x0b, 0x09, 0x18,
  0x18, 0x0c, 0x08, 0x0a, 0x18, 0x1d, 0x0c, 0x09, 0x0a, 0x18, 0x1d, 0x0c, 0x0a, 0x0a, 0x18, 0x1d,
  0x0c, 0x0b, 0x0a, 0x22, 0x22, 0x11, 0x0c, 0x0a, 0x22, 0x22, 0x11, 0x08, 0x0b, 0x2e, 0x2e, 0x1d,
  0x09, 0x0b, 0x27, 0x27, 0x16, 0x0a, 0x0b, 0x0a, 0x0a, 0x05, 0x0b, 0x0b, 0x33, 0x33, 0x22, 0x0c,
  0x0b, 0x2e, 0x2e, 0x1d, 0x07, 0x0c, 0x22, 0x22, 0x11, 0x08, 0x0c, 0x33, 0x33, 0x22, 0x09, 0x0c,
  0x22, 0x22, 0x11, 0x0a, 0x0c, 0x00, 0x0c, 0x00, 0x0b, 0x0c, 0x22, 0x22, 0x11, 0x0c, 0x0c, 0x2c,
  0x2c, 0x1b, 0x07, 0x0d, 0x22, 0x22, 0x11, 0x08, 0x0d, 0x33, 0x33, 0x22, 0x09, 0x0d, 0x0a, 0x16,
  0x05, 0x0b, 0x0d, 0x18, 0x1d, 0x0c, 0x0c, 0x0d, 0x3f, 0x3f, 0x2e, 0x0d, 0x0d, 0x22, 0x22, 0x11,
  0x07, 0x0e, 0x22, 0x22, 0x11, 0x08, 0x0e, 0x27, 0x27, 0x16, 0x09, 0x0e, 0x00, 0x05, 0x00, 0x0c,
  0x0e, 0x2e, 0x2e, 0x1d, 0x0d, 0x0e, 0x2e, 0x2e, 0x1d, 0x07, 0x0f, 0x18, 0x1d, 0x0c, 0x08, 0x0f,
  0x2e, 0x2e, 0x1d, 0x0c, 0x0f, 0x27, 0x27, 0x16, 0x0d, 0x0f, 0x33, 0x33, 0x22, 0x07, 0x10, 0x18,
  0x1d, 0x0c, 0x08, 0x10, 0x33, 0x33, 0x22, 0x0c, 0x10, 0x22, 0x22, 0x11, 0x0d, 0x10, 0x22, 0x22,
  0x11, 0x06, 0x11, 0x18, 0x1d, 0x0c, 0x07, 0x11, 0x0a, 0x0a, 0x05, 0x08, 0x11, 0x00, 0x05, 0x00,
  0x0c, 0x11, 0x22, 0x22, 0x11, 0x0d, 0x11, 0x0a, 0x16, 0x05, 0x06, 0x12, 0x18, 0x1d, 0x0c, 0x07,
  0x12, 0x0a, 0x16, 0x05, 0x0c, 0x12, 0x27, 0x27, 0x16, 0x06, 0x13, 0x00, 0x11, 0x00, 0x07, 0x13,
  0x00, 0x11, 0x00, 0x0b, 0x13, 0x18, 0x1d, 0x0c, 0x0c, 0x13, 0x0a, 0x16, 0x05, 0x06, 0x14, 0x2e,
  0x2e, 0x1d, 0x0b, 0x14, 0x18, 0x18, 0x0c, 0x0c, 0x14, 0x00, 0x05, 0x00, 0x06, 0x15, 0x33, 0x44,
  0x11, 0x0b, 0x15, 0x33, 0x44, 0x11, 0x0c, 0x15, 0x59, 0x6a, 0x37, 0x05, 0x16, 0x86, 0x93, 0x6e,
  0x06, 0x16, 0xce, 0xda, 0xb6, 0x0c, 0x16, 0xb7, 0xb7, 0xb7, 0x0d, 0x16, 0xce, 0xda, 0xb6
};
static const KofSprite kStance_kyo_1 PROGMEM = {
  .w = 20, .h = 23, .pixelCount = 115,
  .pixels = kStance_kyo_1Pixels, .fmt = 5,
};

// kyo 帧 2: 20×23, 110 pixels
static const uint8_t kStance_kyo_2Pixels[] PROGMEM = {
  0x07, 0x01, 0x62, 0x25, 0x00, 0x08, 0x01, 0xff, 0xff, 0xff, 0x09, 0x01, 0x00, 0x00, 0x00, 0x07,
  0x02, 0x00, 0x00, 0x00, 0x08, 0x02, 0x00, 0x00, 0x00, 0x09, 0x02, 0x44, 0x11, 0x00, 0x0a, 0x02,
  0x00, 0x00, 0x00, 0x07, 0x03, 0x22, 0x22, 0x11, 0x08, 0x03, 0x33, 0x33, 0x22, 0x09, 0x03, 0x75,
  0x29, 0x00, 0x0a, 0x03, 0x3f, 0x27, 0x0c, 0x0b, 0x03, 0x27, 0x27, 0x16, 0x0c, 0x03, 0x44, 0x44,
  0x33, 0x0d, 0x03, 0x18, 0x1d, 0x0c, 0x06, 0x04, 0x2e, 0x2e, 0x1d, 0x07, 0x04, 0x33, 0x33, 0x22,
  0x08, 0x04, 0x33, 0x33, 0x22, 0x09, 0x04, 0xec, 0xd8, 0xa5, 0x0a, 0x04, 0x48, 0x30, 0x1d, 0x0b,
  0x04, 0x00, 0x05, 0x00, 0x0c, 0x04, 0xec, 0xf1, 0xe2, 0x0d, 0x04, 0xbb, 0xcc, 0x99, 0x06, 0x05,
  0x25, 0x29, 0x18, 0x07, 0x05, 0x00, 0x0c, 0x00, 0x08, 0x05, 0x33, 0x33, 0x22, 0x09, 0x05, 0xb7,
  0xb7, 0xb7, 0x0a, 0x05, 0x00, 0x00, 0x00, 0x0b, 0x05, 0x33, 0x33, 0x22, 0x0c, 0x05, 0x00, 0x0c,
  0x00, 0x0d, 0x05, 0x60, 0x57, 0x3c, 0x05, 0x06, 0xe7, 0x55, 0x79, 0x06, 0x06, 0xff, 0xb8, 0x79,
  0x07, 0x06, 0x00, 0x0c, 0x00, 0x08, 0x06, 0x00, 0x11, 0x00, 0x09, 0x06, 0xb7, 0xb7, 0xb7, 0x0a,
  0x06, 0x00, 0x00, 0x00, 0x0b, 0x06, 0x27, 0x27, 0x16, 0x0c, 0x06, 0x0a, 0x0a, 0x05, 0x0d, 0x06,
  0xc5, 0x64, 0x31, 0x05, 0x07, 0xff, 0xcf, 0x97, 0x06, 0x07, 0xb7, 0x9f, 0x7a, 0x07, 0x07, 0x48,
  0x3e, 0x30, 0x08, 0x07, 0x00, 0x00, 0x00, 0x09, 0x07, 0x49, 0x55, 0x31, 0x0a, 0x07, 0x9f, 0x55,
  0x31, 0x0b, 0x07, 0x33, 0x33, 0x22, 0x05, 0x08, 0x88, 0x33, 0x00, 0x06, 0x08, 0x26, 0x0e, 0x00,
  0x07, 0x08, 0x00, 0x00, 0x00, 0x08, 0x08, 0x48, 0x3c, 0x1d, 0x09, 0x08, 0x48, 0x3c, 0x1d, 0x0a,
  0x08, 0x62, 0x25, 0x00, 0x0b, 0x08, 0x0e, 0x0e, 0x0a, 0x08, 0x09, 0x00, 0x11, 0x00, 0x09, 0x09,
  0x25, 0x25, 0x18, 0x0a, 0x09, 0x00, 0x00, 0x00, 0x0b, 0x09, 0x25, 0x29, 0x18, 0x08, 0x0a, 0x22,
  0x22, 0x11, 0x09, 0x0a, 0x25, 0x29, 0x18, 0x0a, 0x0a, 0x25, 0x29, 0x18, 0x0b, 0x0a, 0x25, 0x25,
  0x18, 0x0c, 0x0a, 0x22, 0x22, 0x11, 0x08, 0x0b, 0x18, 0x1d, 0x0c, 0x09, 0x0b, 0x3a, 0x3a, 0x29,
  0x0a, 0x0b, 0x0a, 0x16, 0x05, 0x0b, 0x0b, 0x33, 0x33, 0x22, 0x0c, 0x0b, 0x22, 0x22, 0x11, 0x08,
  0x0c, 0x22, 0x22, 0x11, 0x09, 0x0c, 0x2e, 0x2e, 0x1d, 0x0a, 0x0c, 0x00, 0x05, 0x00, 0x0b, 0x0c,
  0x22, 0x22, 0x11, 0x0c, 0x0c, 0x22, 0x22, 0x11, 0x08, 0x0d, 0x22, 0x22, 0x11, 0x09, 0x0d, 0x2e,
  0x2e, 0x1d, 0x0a, 0x0d, 0x00, 0x05, 0x00, 0x0b, 0x0d, 0x22, 0x22, 0x11, 0x0c, 0x0d, 0x2c, 0x2c,
  0x1b, 0x08, 0x0e, 0x18, 0x1d, 0x0c, 0x09, 0x0e, 0x2e, 0x2e, 0x1d, 0x0a, 0x0e, 0x00, 0x05, 0x00,
  0x0b, 0x0e, 0x18, 0x18, 0x0c, 0x0c, 0x0e, 0x33, 0x33, 0x22, 0x0d, 0x0e, 0x0a, 0x16, 0x05, 0x08,
  0x0f, 0x00, 0x0c, 0x00, 0x09, 0x0f, 0x38, 0x38, 0x27, 0x0b, 0x0f, 0x00, 0x11, 0x00, 0x0c, 0x0f,
  0x22, 0x22, 0x11, 0x0d, 0x0f, 0x0a, 0x16, 0x05, 0x08, 0x10, 0x18, 0x1d, 0x0c, 0x09, 0x10, 0x0e,
  0x0e, 0x0a, 0x0b, 0x10, 0x22, 0x22, 0x11, 0x0c, 0x10, 0x00, 0x00, 0x00, 0x08, 0x11, 0x22, 0x22,
  0x11, 0x09, 0x11, 0x0a, 0x16, 0x05, 0x0b, 0x11, 0x18, 0x1d, 0x0c, 0x08, 0x12, 0x22, 0x22, 0x11,
  0x09, 0x12, 0x00, 0x05, 0x00, 0x0a, 0x12, 0x00, 0x11, 0x00, 0x0b, 0x12, 0x00, 0x11, 0x00, 0x08,
  0x13, 0x22, 0x22, 0x11, 0x09, 0x13, 0x00, 0x05, 0x00, 0x0a, 0x13, 0x00, 0x0c, 0x00, 0x0b, 0x13,
  0x00, 0x11, 0x00, 0x08, 0x14, 0x18, 0x1d, 0x0c, 0x09, 0x14, 0x00, 0x05, 0x00, 0x0a, 0x14, 0x33,
  0x44, 0x11, 0x08, 0x15, 0x22, 0x22, 0x11, 0x09, 0x15, 0x0e, 0x1f, 0x05, 0x0b, 0x15, 0xbb, 0xcc,
  0x99, 0x09, 0x16, 0xff, 0xff, 0xff
};
static const KofSprite kStance_kyo_2 PROGMEM = {
  .w = 20, .h = 23, .pixelCount = 110,
  .pixels = kStance_kyo_2Pixels, .fmt = 5,
};

// kyo 帧 3: 20×23, 102 pixels
static const uint8_t kStance_kyo_3Pixels[] PROGMEM = {
  0x08, 0x00, 0x00, 0x00, 0x00, 0x09, 0x00, 0x13, 0x05, 0x00, 0x07, 0x01, 0x44, 0x11, 0x00, 0x08,
  0x01, 0xff, 0xff, 0xff, 0x09, 0x01, 0x49, 0x55, 0x31, 0x08, 0x02, 0xff, 0xaa, 0x66, 0x09, 0x02,
  0x75, 0x29, 0x00, 0x0a, 0x02, 0x00, 0x05, 0x00, 0x0b, 0x02, 0x18, 0x1d, 0x0c, 0x0c, 0x02, 0x0a,
  0x16, 0x05, 0x06, 0x03, 0x22, 0x22, 0x11, 0x07, 0x03, 0x22, 0x22, 0x11, 0x08, 0x03, 0x13, 0x1f,
  0x0e, 0x09, 0x03, 0xa9, 0x54, 0x1d, 0x0a, 0x03, 0x00, 0x11, 0x00, 0x0b, 0x03, 0x2e, 0x2e, 0x1d,
  0x0c, 0x03, 0x44, 0x44, 0x33, 0x06, 0x04, 0x22, 0x22, 0x11, 0x07, 0x04, 0x2e, 0x2e, 0x1d, 0x08,
  0x04, 0x44, 0x44, 0x33, 0x09, 0x04, 0xce, 0xda, 0xb6, 0x0a, 0x04, 0x31, 0x31, 0x25, 0x0b, 0x04,
  0x00, 0x00, 0x00, 0x0c, 0x04, 0xff, 0xb8, 0x79, 0x0d, 0x04, 0xe7, 0x85, 0x4e, 0x06, 0x05, 0x3f,
  0x3f, 0x2e, 0x07, 0x05, 0x0a, 0x0a, 0x05, 0x08, 0x05, 0x22, 0x22, 0x11, 0x09, 0x05, 0xff, 0xff,
  0xff, 0x0a, 0x05, 0x00, 0x00, 0x00, 0x0b, 0x05, 0x22, 0x22, 0x11, 0x0c, 0x05, 0x00, 0x00, 0x00,
  0x0d, 0x05, 0xff, 0xdd, 0xaa, 0x06, 0x06, 0xdd, 0x77, 0x44, 0x07, 0x06, 0x13, 0x05, 0x00, 0x08,
  0x06, 0x0e, 0x0e, 0x0a, 0x09, 0x06, 0xbb, 0xcc, 0x99, 0x0a, 0x06, 0x41, 0x52, 0x1f, 0x0b, 0x06,
  0x0a, 0x16, 0x05, 0x0c, 0x06, 0x0a, 0x16, 0x05, 0x0d, 0x06, 0x44, 0x11, 0x00, 0x06, 0x07, 0x60,
  0x57, 0x3c, 0x07, 0x07, 0x00, 0x00, 0x00, 0x08, 0x07, 0x00, 0x05, 0x00, 0x09, 0x07, 0x91, 0x85,
  0x4e, 0x0a, 0x07, 0x41, 0x52, 0x1f, 0x0b, 0x07, 0x22, 0x22, 0x11, 0x0c, 0x07, 0x0a, 0x16, 0x05,
  0x08, 0x08, 0x00, 0x00, 0x00, 0x09, 0x08, 0x00, 0x11, 0x00, 0x0a, 0x08, 0x0a, 0x0a, 0x05, 0x0b,
  0x08, 0x00, 0x00, 0x00, 0x08, 0x09, 0x18, 0x1d, 0x0c, 0x09, 0x09, 0x18, 0x1d, 0x0c, 0x0a, 0x09,
  0x00, 0x11, 0x00, 0x0b, 0x09, 0x22, 0x22, 0x11, 0x08, 0x0a, 0x27, 0x27, 0x16, 0x09, 0x0a, 0x00,
  0x05, 0x00, 0x0a, 0x0a, 0x33, 0x33, 0x22, 0x0b, 0x0a, 0x27, 0x27, 0x16, 0x08, 0x0b, 0x44, 0x44,
  0x33, 0x09, 0x0b, 0x00, 0x0c, 0x00, 0x0a, 0x0b, 0x3f, 0x3f, 0x2e, 0x0b, 0x0b, 0x27, 0x27, 0x16,
  0x07, 0x0c, 0x22, 0x22, 0x11, 0x08, 0x0c, 0x27, 0x27, 0x16, 0x09, 0x0c, 0x00, 0x00, 0x00, 0x0a,
  0x0c, 0x2e, 0x2e, 0x1d, 0x0b, 0x0c, 0x22, 0x22, 0x11, 0x07, 0x0d, 0x44, 0x44, 0x33, 0x08, 0x0d,
  0x18, 0x1d, 0x0c, 0x0a, 0x0d, 0x2e, 0x2e, 0x1d, 0x0b, 0x0d, 0x22, 0x22, 0x11, 0x06, 0x0e, 0x22,
  0x22, 0x11, 0x07, 0x0e, 0x27, 0x27, 0x16, 0x08, 0x0e, 0x00, 0x05, 0x00, 0x0a, 0x0e, 0x2e, 0x2e,
  0x1d, 0x0b, 0x0e, 0x22, 0x22, 0x11, 0x06, 0x0f, 0x22, 0x22, 0x11, 0x07, 0x0f, 0x22, 0x22, 0x11,
  0x08, 0x0f, 0x00, 0x0c, 0x00, 0x0a, 0x0f, 0x2e, 0x2e, 0x1d, 0x0b, 0x0f, 0x0a, 0x0a, 0x05, 0x07,
  0x10, 0x00, 0x11, 0x00, 0x08, 0x10, 0x33, 0x33, 0x22, 0x0a, 0x10, 0x00, 0x0c, 0x00, 0x0b, 0x10,
  0x22, 0x22, 0x11, 0x0c, 0x10, 0x0a, 0x16, 0x05, 0x08, 0x11, 0x00, 0x00, 0x00, 0x09, 0x11, 0x00,
  0x11, 0x00, 0x0b, 0x11, 0x22, 0x22, 0x11, 0x0c, 0x11, 0x00, 0x11, 0x00, 0x09, 0x12, 0x00, 0x11,
  0x00, 0x0a, 0x12, 0x00, 0x00, 0x00, 0x0b, 0x12, 0x22, 0x22, 0x11, 0x09, 0x13, 0x66, 0x77, 0x44,
  0x0a, 0x13, 0x00, 0x00, 0x00, 0x0b, 0x13, 0x27, 0x27, 0x16, 0x09, 0x14, 0x7e, 0x8f, 0x5c, 0x0b,
  0x14, 0x00, 0x11, 0x00, 0x0b, 0x15, 0xd4, 0xd9, 0xca, 0x0b, 0x16, 0xbb, 0xcc, 0x99
};
static const KofSprite kStance_kyo_3 PROGMEM = {
  .w = 20, .h = 23, .pixelCount = 102,
  .pixels = kStance_kyo_3Pixels, .fmt = 5,
};

// kyo 帧 4: 20×23, 115 pixels
static const uint8_t kStance_kyo_4Pixels[] PROGMEM = {
  0x08, 0x00, 0x13, 0x05, 0x00, 0x09, 0x00, 0x75, 0x29, 0x00, 0x08, 0x01, 0xec, 0xf1, 0xe2, 0x09,
  0x01, 0xbb, 0xcc, 0x99, 0x0a, 0x01, 0x00, 0x00, 0x00, 0x08, 0x02, 0x31, 0x0c, 0x00, 0x09, 0x02,
  0xe7, 0x85, 0x4e, 0x0a, 0x02, 0xdd, 0x77, 0x44, 0x0b, 0x02, 0x22, 0x22, 0x11, 0x0c, 0x02, 0x22,
  0x22, 0x11, 0x0d, 0x02, 0x22, 0x22, 0x11, 0x07, 0x03, 0x2e, 0x2e, 0x1d, 0x08, 0x03, 0x3f, 0x3f,
  0x2e, 0x09, 0x03, 0x62, 0x25, 0x00, 0x0a, 0x03, 0x88, 0x33, 0x00, 0x0b, 0x03, 0xff, 0xb8, 0x79,
  0x0c, 0x03, 0x25, 0x25, 0x18, 0x0d, 0x03, 0x27, 0x27, 0x16, 0x07, 0x04, 0x33, 0x33, 0x22, 0x08,
  0x04, 0x22, 0x22, 0x11, 0x09, 0x04, 0x00, 0x00, 0x00, 0x0a, 0x04, 0xff, 0xff, 0xff, 0x0b, 0x04,
  0x33, 0x33, 0x22, 0x0c, 0x04, 0x00, 0x00, 0x00, 0x0d, 0x04, 0xb7, 0xa4, 0x7a, 0x0e, 0x04, 0xdd,
  0x77, 0x44, 0x06, 0x05, 0xff, 0xff, 0xff, 0x07, 0x05, 0x22, 0x22, 0x11, 0x08, 0x05, 0x33, 0x33,
  0x22, 0x09, 0x05, 0x0e, 0x0e, 0x0a, 0x0a, 0x05, 0x35, 0x39, 0x2b, 0x0b, 0x05, 0x33, 0x33, 0x22,
  0x0c, 0x05, 0x22, 0x22, 0x11, 0x0d, 0x05, 0x00, 0x00, 0x00, 0x0e, 0x05, 0xc5, 0x64, 0x31, 0x06,
  0x06, 0xff, 0xaa, 0x66, 0x07, 0x06, 0xa0, 0x46, 0x13, 0x08, 0x06, 0x00, 0x11, 0x00, 0x09, 0x06,
  0x00, 0x00, 0x00, 0x0a, 0x06, 0xce, 0xda, 0xb6, 0x0b, 0x06, 0x00, 0x00, 0x00, 0x0c, 0x06, 0x00,
  0x11, 0x00, 0x0d, 0x06, 0x22, 0x22, 0x11, 0x05, 0x07, 0xe7, 0x55, 0x79, 0x06, 0x07, 0x48, 0x30,
  0x1d, 0x07, 0x07, 0x00, 0x00, 0x00, 0x08, 0x07, 0xb7, 0x7f, 0x49, 0x09, 0x07, 0x3e, 0x21, 0x13,
  0x0a, 0x07, 0x22, 0x22, 0x11, 0x0b, 0x07, 0x00, 0x00, 0x00, 0x0c, 0x07, 0x26, 0x1b, 0x00, 0x05,
  0x08, 0xa9, 0x25, 0x48, 0x06, 0x08, 0x44, 0x11, 0x00, 0x08, 0x08, 0x00, 0x00, 0x00, 0x09, 0x08,
  0x18, 0x18, 0x0c, 0x0a, 0x08, 0x22, 0x22, 0x11, 0x0b, 0x08, 0x27, 0x27, 0x16, 0x0c, 0x08, 0x00,
  0x00, 0x00, 0x08, 0x09, 0x00, 0x11, 0x00, 0x09, 0x09, 0x22, 0x22, 0x11, 0x0a, 0x09, 0x18, 0x1d,
  0x0c, 0x0b, 0x09, 0x27, 0x27, 0x16, 0x0c, 0x09, 0x00, 0x11, 0x00, 0x08, 0x0a, 0x2e, 0x2e, 0x1d,
  0x09, 0x0a, 0x33, 0x33, 0x22, 0x0a, 0x0a, 0x0a, 0x16, 0x05, 0x0b, 0x0a, 0x2e, 0x2e, 0x1d, 0x0c,
  0x0a, 0x22, 0x22, 0x11, 0x08, 0x0b, 0x27, 0x27, 0x16, 0x09, 0x0b, 0x33, 0x33, 0x22, 0x0a, 0x0b,
  0x18, 0x18, 0x0c, 0x0b, 0x0b, 0x33, 0x33, 0x22, 0x0c, 0x0b, 0x27, 0x27, 0x16, 0x08, 0x0c, 0x44,
  0x44, 0x33, 0x09, 0x0c, 0x22, 0x22, 0x11, 0x0a, 0x0c, 0x00, 0x0c, 0x00, 0x0b, 0x0c, 0x2e, 0x2e,
  0x1d, 0x0c, 0x0c, 0x27, 0x27, 0x16, 0x07, 0x0d, 0x22, 0x22, 0x11, 0x08, 0x0d, 0x33, 0x33, 0x22,
  0x09, 0x0d, 0x0a, 0x16, 0x05, 0x0b, 0x0d, 0x22, 0x22, 0x11, 0x0c, 0x0d, 0x27, 0x27, 0x16, 0x07,
  0x0e, 0x2e, 0x2e, 0x1d, 0x08, 0x0e, 0x22, 0x22, 0x11, 0x0b, 0x0e, 0x00, 0x11, 0x00, 0x0c, 0x0e,
  0x33, 0x33, 0x22, 0x07, 0x0f, 0x38, 0x38, 0x27, 0x08, 0x0f, 0x00, 0x00, 0x00, 0x0b, 0x0f, 0x00,
  0x11, 0x00, 0x0c, 0x0f, 0x33, 0x33, 0x22, 0x07, 0x10, 0x18, 0x1d, 0x0c, 0x08, 0x10, 0x22, 0x22,
  0x11, 0x0c, 0x10, 0x22, 0x22, 0x11, 0x0d, 0x10, 0x0e, 0x1b, 0x0a, 0x07, 0x11, 0x0e, 0x1b, 0x0a,
  0x0c, 0x11, 0x27, 0x27, 0x16, 0x0d, 0x11, 0x0a, 0x16, 0x05, 0x07, 0x12, 0x22, 0x22, 0x11, 0x0c,
  0x12, 0x3f, 0x3f, 0x2e, 0x0d, 0x12, 0x00, 0x0c, 0x00, 0x06, 0x13, 0x00, 0x00, 0x00, 0x07, 0x13,
  0x27, 0x27, 0x16, 0x0c, 0x13, 0x2e, 0x2e, 0x1d, 0x0d, 0x13, 0x2e, 0x2e, 0x1d, 0x06, 0x14, 0x2e,
  0x2e, 0x1d, 0x07, 0x14, 0x22, 0x22, 0x11, 0x0c, 0x14, 0x18, 0x18, 0x0c, 0x0d, 0x14, 0x22, 0x22,
  0x11, 0x06, 0x15, 0xff, 0xff, 0xff, 0x07, 0x15, 0x00, 0x00, 0x00, 0x0c, 0x15, 0xec, 0xf1, 0xe2,
  0x0d, 0x15, 0x33, 0x44, 0x11, 0x05, 0x16, 0xff, 0xff, 0xff, 0x0d, 0x16, 0xbb, 0xcc, 0x99
};
static const KofSprite kStance_kyo_4 PROGMEM = {
  .w = 20, .h = 23, .pixelCount = 115,
  .pixels = kStance_kyo_4Pixels, .fmt = 5,
};

// kyo 帧 5: 20×23, 111 pixels
static const uint8_t kStance_kyo_5Pixels[] PROGMEM = {
  0x09, 0x00, 0x00, 0x00, 0x00, 0x08, 0x01, 0xb7, 0xb7, 0xb7, 0x09, 0x01, 0x31, 0x0c, 0x00, 0x0a,
  0x01, 0x49, 0x55, 0x31, 0x08, 0x02, 0x3e, 0x21, 0x13, 0x09, 0x02, 0xe7, 0x94, 0x61, 0x0a, 0x02,
  0x31, 0x0c, 0x00, 0x07, 0x03, 0x22, 0x22, 0x11, 0x08, 0x03, 0x33, 0x33, 0x22, 0x09, 0x03, 0x31,
  0x11, 0x00, 0x0a, 0x03, 0x88, 0x33, 0x00, 0x0b, 0x03, 0x00, 0x00, 0x00, 0x0c, 0x03, 0x3f, 0x3f,
  0x2e, 0x0d, 0x03, 0x0a, 0x16, 0x05, 0x07, 0x04, 0x2c, 0x2c, 0x1b, 0x08, 0x04, 0x2e, 0x2e, 0x1d,
  0x09, 0x04, 0x86, 0x93, 0x6e, 0x0a, 0x04, 0xbb, 0xcc, 0x99, 0x0b, 0x04, 0xb2, 0x5a, 0x31, 0x0c,
  0x04, 0x00, 0x11, 0x00, 0x0d, 0x04, 0xf5, 0xd9, 0xca, 0x06, 0x05, 0x0a, 0x16, 0x05, 0x07, 0x05,
  0x38, 0x38, 0x27, 0x08, 0x05, 0x33, 0x33, 0x22, 0x09, 0x05, 0x0e, 0x0e, 0x0a, 0x0a, 0x05, 0xff,
  0xff, 0xff, 0x0b, 0x05, 0x00, 0x11, 0x00, 0x0c, 0x05, 0x27, 0x27, 0x16, 0x0d, 0x05, 0x00, 0x00,
  0x00, 0x0e, 0x05, 0xff, 0xaa, 0x66, 0x06, 0x06, 0xff, 0xcf, 0x97, 0x07, 0x06, 0x66, 0x77, 0x44,
  0x08, 0x06, 0x00, 0x11, 0x00, 0x09, 0x06, 0x00, 0x00, 0x00, 0x0a, 0x06, 0xff, 0xff, 0xff, 0x0b,
  0x06, 0x48, 0x3e, 0x30, 0x0c, 0x06, 0x0a, 0x16, 0x05, 0x0e, 0x06, 0x88, 0x33, 0x00, 0x06, 0x07,
  0xff, 0xaa, 0x66, 0x07, 0x07, 0x48, 0x30, 0x1d, 0x08, 0x07, 0x00, 0x0c, 0x00, 0x09, 0x07, 0xb7,
  0x9f, 0x7a, 0x0a, 0x07, 0x91, 0x85, 0x4e, 0x0b, 0x07, 0x00, 0x00, 0x00, 0x0c, 0x07, 0x22, 0x22,
  0x11, 0x0d, 0x07, 0x27, 0x27, 0x16, 0x06, 0x08, 0x88, 0x33, 0x00, 0x08, 0x08, 0x33, 0x33, 0x22,
  0x09, 0x08, 0x00, 0x00, 0x00, 0x0a, 0x08, 0x33, 0x33, 0x22, 0x0b, 0x08, 0x62, 0x25, 0x00, 0x0c,
  0x08, 0x25, 0x25, 0x18, 0x09, 0x09, 0x00, 0x00, 0x00, 0x0a, 0x09, 0x27, 0x27, 0x16, 0x0b, 0x09,
  0x00, 0x11, 0x00, 0x0c, 0x09, 0x00, 0x00, 0x00, 0x08, 0x0a, 0x22, 0x22, 0x11, 0x09, 0x0a, 0x2e,
  0x2e, 0x1d, 0x0a, 0x0a, 0x00, 0x11, 0x00, 0x0b, 0x0a, 0x22, 0x22, 0x11, 0x0c, 0x0a, 0x33, 0x33,
  0x22, 0x08, 0x0b, 0x2e, 0x2e, 0x1d, 0x09, 0x0b, 0x38, 0x38, 0x27, 0x0a, 0x0b, 0x0a, 0x0a, 0x05,
  0x0b, 0x0b, 0x2e, 0x2e, 0x1d, 0x0c, 0x0b, 0x3a, 0x3a, 0x29, 0x08, 0x0c, 0x3a, 0x3a, 0x29, 0x09,
  0x0c, 0x27, 0x27, 0x16, 0x0a, 0x0c, 0x00, 0x11, 0x00, 0x0b, 0x0c, 0x22, 0x22, 0x11, 0x0c, 0x0c,
  0x2c, 0x2c, 0x1b, 0x0d, 0x0c, 0x22, 0x22, 0x11, 0x07, 0x0d, 0x22, 0x22, 0x11, 0x08, 0x0d, 0x27,
  0x27, 0x16, 0x09, 0x0d, 0x0a, 0x16, 0x05, 0x0b, 0x0d, 0x18, 0x1d, 0x0c, 0x0c, 0x0d, 0x33, 0x33,
  0x22, 0x0d, 0x0d, 0x22, 0x22, 0x11, 0x07, 0x0e, 0x33, 0x33, 0x22, 0x08, 0x0e, 0x22, 0x22, 0x11,
  0x09, 0x0e, 0x00, 0x05, 0x00, 0x0b, 0x0e, 0x18, 0x18, 0x0c, 0x0c, 0x0e, 0x2e, 0x2e, 0x1d, 0x0d,
  0x0e, 0x22, 0x22, 0x11, 0x06, 0x0f, 0x18, 0x1d, 0x0c, 0x07, 0x0f, 0x27, 0x27, 0x16, 0x0c, 0x0f,
  0x22, 0x22, 0x11, 0x0d, 0x0f, 0x27, 0x27, 0x16, 0x06, 0x10, 0x00, 0x11, 0x00, 0x07, 0x10, 0x22,
  0x22, 0x11, 0x0c, 0x10, 0x00, 0x11, 0x00, 0x0d, 0x10, 0x27, 0x27, 0x16, 0x06, 0x11, 0x2e, 0x2e,
  0x1d, 0x07, 0x11, 0x0a, 0x16, 0x05, 0x0b, 0x11, 0x00, 0x11, 0x00, 0x0c, 0x11, 0x27, 0x27, 0x16,
  0x0d, 0x11, 0x00, 0x11, 0x00, 0x06, 0x12, 0x22, 0x22, 0x11, 0x07, 0x12, 0x0a, 0x16, 0x05, 0x0c,
  0x12, 0x00, 0x11, 0x00, 0x06, 0x13, 0x18, 0x1d, 0x0c, 0x0c, 0x13, 0x27, 0x27, 0x16, 0x05, 0x14,
  0xbb, 0xcc, 0x99, 0x06, 0x14, 0x0a, 0x16, 0x05, 0x0c, 0x14, 0x00, 0x11, 0x00, 0x05, 0x15, 0x33,
  0x44, 0x11, 0x06, 0x15, 0x00, 0x00, 0x00, 0x0c, 0x15, 0x00, 0x0c, 0x00, 0x0c, 0x16, 0x00, 0x00,
  0x00, 0x0d, 0x16, 0xec, 0xf1, 0xe2, 0x0e, 0x16, 0xce, 0xda, 0xb6
};
static const KofSprite kStance_kyo_5 PROGMEM = {
  .w = 20, .h = 23, .pixelCount = 111,
  .pixels = kStance_kyo_5Pixels, .fmt = 5,
};

static const KofSprite* const kStance_kyo_Frames[] PROGMEM = {
  &kStance_kyo_0,
  &kStance_kyo_1,
  &kStance_kyo_2,
  &kStance_kyo_3,
  &kStance_kyo_4,
  &kStance_kyo_5
};
static const KofStanceSet kStance_kyo PROGMEM = {
  .frameCount = 6,
  .frames = kStance_kyo_Frames,
};

// iori 帧 0: 20×23, 133 pixels
static const uint8_t kStance_iori_0Pixels[] PROGMEM = {
  0x07, 0x00, 0x60, 0x00, 0x26, 0x08, 0x00, 0x2c, 0x00, 0x00, 0x09, 0x00, 0x4c, 0x03, 0x00, 0x07,
  0x01, 0x79, 0x12, 0x06, 0x08, 0x01, 0xff, 0xe6, 0xa2, 0x09, 0x01, 0x44, 0x00, 0x00, 0x07, 0x02,
  0x67, 0x0c, 0x00, 0x08, 0x02, 0xfc, 0xd6, 0x92, 0x09, 0x02, 0xcb, 0x6a, 0x32, 0x0a, 0x02, 0xbb,
  0x77, 0x5b, 0x0b, 0x02, 0x1a, 0x1a, 0x2b, 0x0c, 0x02, 0x11, 0x11, 0x22, 0x07, 0x03, 0x1a, 0x1a,
  0x2b, 0x08, 0x03, 0x3a, 0x3a, 0x3f, 0x09, 0x03, 0x69, 0x37, 0x1a, 0x0a, 0x03, 0xee, 0x99, 0x55,
  0x0b, 0x03, 0x6d, 0x6d, 0x7c, 0x0c, 0x03, 0x20, 0x20, 0x31, 0x0d, 0x03, 0x1a, 0x1a, 0x2b, 0x07,
  0x04, 0x1f, 0x1f, 0x30, 0x08, 0x04, 0xc3, 0xa0, 0x74, 0x09, 0x04, 0xf0, 0xa1, 0x5d, 0x0a, 0x04,
  0xe7, 0xdf, 0xd0, 0x0b, 0x04, 0x16, 0x16, 0x27, 0x0c, 0x04, 0x11, 0x11, 0x22, 0x0d, 0x04, 0x27,
  0x27, 0x38, 0x07, 0x05, 0x1a, 0x1a, 0x2b, 0x08, 0x05, 0x1f, 0x1f, 0x30, 0x09, 0x05, 0x63, 0x63,
  0x74, 0x0a, 0x05, 0x33, 0x33, 0x44, 0x0b, 0x05, 0x0b, 0x0b, 0x16, 0x0c, 0x05, 0x0e, 0x0e, 0x1d,
  0x0d, 0x05, 0x1a, 0x1a, 0x2b, 0x07, 0x06, 0x25, 0x25, 0x36, 0x08, 0x06, 0x08, 0x08, 0x10, 0x09,
  0x06, 0x5d, 0x3f, 0x2f, 0x0a, 0x06, 0x09, 0x09, 0x11, 0x0b, 0x06, 0xdc, 0xdc, 0xe5, 0x0c, 0x06,
  0x28, 0x28, 0x39, 0x0d, 0x06, 0x22, 0x22, 0x33, 0x07, 0x07, 0x1c, 0x1c, 0x2d, 0x08, 0x07, 0x2e,
  0x2e, 0x3f, 0x09, 0x07, 0xd4, 0x77, 0x3b, 0x0a, 0x07, 0xde, 0x88, 0x4a, 0x0b, 0x07, 0x00, 0x00,
  0x00, 0x0c, 0x07, 0x0b, 0x0b, 0x16, 0x05, 0x08, 0xd2, 0xd2, 0xdd, 0x06, 0x08, 0xbb, 0xbb, 0xcc,
  0x07, 0x08, 0x1c, 0x1c, 0x2d, 0x08, 0x08, 0x8e, 0x8e, 0x9f, 0x09, 0x08, 0xad, 0xad, 0xbb, 0x0a,
  0x08, 0xbb, 0xbb, 0xcc, 0x0b, 0x08, 0x4f, 0x4f, 0x5a, 0x05, 0x09, 0xf7, 0x94, 0x80, 0x06, 0x09,
  0xf7, 0xb3, 0x6f, 0x07, 0x09, 0x11, 0x11, 0x22, 0x08, 0x09, 0xbb, 0xbb, 0xcc, 0x09, 0x09, 0xd0,
  0xd0, 0xdc, 0x0a, 0x09, 0xc5, 0xc5, 0xd4, 0x0b, 0x09, 0x8f, 0x8f, 0xa0, 0x05, 0x0a, 0xba, 0x6a,
  0x3b, 0x08, 0x0a, 0xaf, 0xaf, 0xbd, 0x09, 0x0a, 0x8c, 0x8c, 0x9d, 0x0a, 0x0a, 0x98, 0x98, 0xa9,
  0x0b, 0x0a, 0xbb, 0xbb, 0xcc, 0x0c, 0x0a, 0x77, 0x77, 0x88, 0x08, 0x0b, 0x99, 0x99, 0xaa, 0x09,
  0x0b, 0x75, 0x75, 0x86, 0x0a, 0x0b, 0xd2, 0xd2, 0xdd, 0x0b, 0x0b, 0xd3, 0xd3, 0xde, 0x0c, 0x0b,
  0xa4, 0xa4, 0xb5, 0x07, 0x0c, 0xa6, 0x87, 0x8d, 0x08, 0x0c, 0xb0, 0xb0, 0xc1, 0x09, 0x0c, 0x77,
  0x77, 0x88, 0x0a, 0x0c, 0xb0, 0xb0, 0xc1, 0x0b, 0x0c, 0xff, 0xff, 0xff, 0x0c, 0x0c, 0xb1, 0xb1,
  0xc2, 0x06, 0x0d, 0x77, 0x11, 0x00, 0x07, 0x0d, 0xcb, 0x2d, 0x1c, 0x08, 0x0d, 0xbb, 0xbb, 0xcc,
  0x09, 0x0d, 0x5f, 0x5f, 0x70, 0x0a, 0x0d, 0x77, 0x77, 0x88, 0x0b, 0x0d, 0xff, 0xff, 0xff, 0x0c,
  0x0d, 0xba, 0x27, 0x16, 0x06, 0x0e, 0xbc, 0x28, 0x17, 0x07, 0x0e, 0xaa, 0x22, 0x11, 0x08, 0x0e,
  0xbb, 0xbb, 0xcc, 0x09, 0x0e, 0x48, 0x48, 0x59, 0x0a, 0x0e, 0x62, 0x62, 0x73, 0x0b, 0x0e, 0xcc,
  0x9b, 0x9b, 0x0c, 0x0e, 0xdd, 0x33, 0x22, 0x0d, 0x0e, 0x77, 0x11, 0x00, 0x05, 0x0f, 0x89, 0x17,
  0x06, 0x06, 0x0f, 0xaa, 0x22, 0x11, 0x07, 0x0f, 0x5e, 0x09, 0x00, 0x08, 0x0f, 0x61, 0x61, 0x72,
  0x09, 0x0f, 0x33, 0x33, 0x44, 0x0a, 0x0f, 0x33, 0x33, 0x44, 0x0b, 0x0f, 0x5d, 0x0c, 0x00, 0x0c,
  0x0f, 0xcd, 0x2e, 0x1d, 0x0d, 0x0f, 0x7f, 0x14, 0x03, 0x05, 0x10, 0x9e, 0x42, 0x22, 0x06, 0x10,
  0x35, 0x03, 0x00, 0x07, 0x10, 0x00, 0x00, 0x00, 0x0c, 0x10, 0x52, 0x08, 0x00, 0x0d, 0x10, 0x53,
  0x05, 0x02, 0x05, 0x11, 0x66, 0x0b, 0x00, 0x06, 0x11, 0x7f, 0x13, 0x02, 0x07, 0x11, 0x15, 0x00,
  0x00, 0x0c, 0x11, 0x23, 0x00, 0x00, 0x0d, 0x11, 0x3d, 0x09, 0x00, 0x05, 0x12, 0xab, 0x22, 0x11,
  0x06, 0x12, 0x87, 0x16, 0x05, 0x07, 0x12, 0x15, 0x00, 0x00, 0x0c, 0x12, 0x22, 0x00, 0x00, 0x0d,
  0x12, 0xa2, 0x1f, 0x0e, 0x05, 0x13, 0x88, 0x17, 0x06, 0x06, 0x13, 0x65, 0x0b, 0x00, 0x0d, 0x13,
  0x5d, 0x08, 0x00, 0x0e, 0x13, 0x77, 0x11, 0x00, 0x05, 0x14, 0x87, 0x16, 0x05, 0x06, 0x14, 0x54,
  0x05, 0x00, 0x0d, 0x14, 0x67, 0x0c, 0x00, 0x0e, 0x14, 0x5d, 0x08, 0x00, 0x04, 0x15, 0xa1, 0x0c,
  0x4f, 0x05, 0x15, 0x5d, 0x08, 0x00, 0x06, 0x15, 0x15, 0x00, 0x00, 0x0d, 0x15, 0x2f, 0x00, 0x00,
  0x0e, 0x15, 0x75, 0x10, 0x08, 0x04, 0x16, 0x09, 0x09, 0x11, 0x05, 0x16, 0x11, 0x11, 0x22, 0x0e,
  0x16, 0x11, 0x11, 0x22, 0x0f, 0x16, 0x0b, 0x0b, 0x17
};
static const KofSprite kStance_iori_0 PROGMEM = {
  .w = 20, .h = 23, .pixelCount = 133,
  .pixels = kStance_iori_0Pixels, .fmt = 5,
};

// iori 帧 1: 20×23, 127 pixels
static const uint8_t kStance_iori_1Pixels[] PROGMEM = {
  0x08, 0x00, 0x56, 0x06, 0x00, 0x09, 0x00, 0x2d, 0x00, 0x00, 0x07, 0x01, 0x75, 0x10, 0x05, 0x08,
  0x01, 0x55, 0x06, 0x00, 0x09, 0x01, 0x39, 0x00, 0x00, 0x07, 0x02, 0x62, 0x00, 0x29, 0x08, 0x02,
  0xf2, 0xc3, 0x82, 0x09, 0x02, 0xf3, 0xb0, 0x6c, 0x07, 0x03, 0x5b, 0x5b, 0x6c, 0x08, 0x03, 0xd4,
  0x97, 0x66, 0x09, 0x03, 0x83, 0x69, 0x46, 0x0a, 0x03, 0xd0, 0xd0, 0xdc, 0x0b, 0x03, 0x54, 0x54,
  0x62, 0x0c, 0x03, 0x33, 0x33, 0x44, 0x07, 0x04, 0xd0, 0xd0, 0xdc, 0x08, 0x04, 0xff, 0xed, 0xa9,
  0x09, 0x04, 0xff, 0xed, 0xa9, 0x0a, 0x04, 0x5b, 0x5b, 0x63, 0x0b, 0x04, 0xff, 0xff, 0xff, 0x0c,
  0x04, 0x20, 0x20, 0x31, 0x0d, 0x04, 0x11, 0x11, 0x22, 0x06, 0x05, 0x1d, 0x1d, 0x2e, 0x07, 0x05,
  0x19, 0x19, 0x2a, 0x08, 0x05, 0x44, 0x44, 0x4c, 0x09, 0x05, 0x19, 0x19, 0x2a, 0x0a, 0x05, 0x19,
  0x19, 0x2a, 0x0b, 0x05, 0x08, 0x08, 0x10, 0x0c, 0x05, 0x11, 0x11, 0x22, 0x0d, 0x05, 0x0e, 0x0e,
  0x17, 0x06, 0x06, 0x17, 0x17, 0x28, 0x07, 0x06, 0x11, 0x11, 0x1d, 0x08, 0x06, 0x05, 0x05, 0x0a,
  0x09, 0x06, 0x27, 0x27, 0x38, 0x0a, 0x06, 0x13, 0x13, 0x1e, 0x0b, 0x06, 0x08, 0x08, 0x10, 0x0c,
  0x06, 0x00, 0x00, 0x00, 0x0d, 0x06, 0x19, 0x19, 0x2a, 0x0e, 0x06, 0x00, 0x00, 0x00, 0x06, 0x07,
  0x17, 0x17, 0x28, 0x07, 0x07, 0x00, 0x00, 0x00, 0x08, 0x07, 0x93, 0x93, 0x9f, 0x09, 0x07, 0x9a,
  0x9a, 0xab, 0x0a, 0x07, 0x9a, 0x9a, 0xab, 0x0b, 0x07, 0x3d, 0x3d, 0x46, 0x0d, 0x07, 0x19, 0x19,
  0x2a, 0x0e, 0x07, 0x00, 0x00, 0x00, 0x06, 0x08, 0x17, 0x17, 0x28, 0x07, 0x08, 0x05, 0x05, 0x0a,
  0x08, 0x08, 0xf5, 0xf5, 0xf7, 0x09, 0x08, 0xc8, 0xc8, 0xd3, 0x0a, 0x08, 0xbb, 0xbb, 0xcc, 0x0b,
  0x08, 0x77, 0x77, 0x88, 0x0c, 0x08, 0x1d, 0x1d, 0x2e, 0x0d, 0x08, 0x16, 0x16, 0x27, 0x06, 0x09,
  0xa2, 0xa2, 0xb3, 0x07, 0x09, 0xb6, 0x8c, 0x92, 0x08, 0x09, 0x82, 0x82, 0x93, 0x09, 0x09, 0xbd,
  0xbd, 0xc8, 0x0a, 0x09, 0xc7, 0xc7, 0xcf, 0x0b, 0x09, 0xd7, 0x93, 0x64, 0x0c, 0x09, 0xbb, 0xbb,
  0xcc, 0x0d, 0x09, 0x55, 0x36, 0x1e, 0x06, 0x0a, 0xbb, 0xbb, 0xcc, 0x07, 0x0a, 0xde, 0xa9, 0xaa,
  0x08, 0x0a, 0xf4, 0xf4, 0xf7, 0x09, 0x0a, 0xff, 0xff, 0xff, 0x0a, 0x0a, 0xf5, 0xf5, 0xf7, 0x0b,
  0x0a, 0xdd, 0x33, 0x22, 0x0c, 0x0a, 0x8c, 0x8c, 0x9d, 0x07, 0x0b, 0x98, 0x1c, 0x0b, 0x08, 0x0b,
  0xff, 0xff, 0xff, 0x09, 0x0b, 0xff, 0xff, 0xff, 0x0a, 0x0b, 0x78, 0x11, 0x06, 0x0b, 0x0b, 0x7f,
  0x14, 0x03, 0x07, 0x0c, 0xaa, 0x22, 0x11, 0x08, 0x0c, 0xbb, 0xbb, 0xcc, 0x09, 0x0c, 0xae, 0x99,
  0x9f, 0x0a, 0x0c, 0xaa, 0x22, 0x11, 0x0b, 0x0c, 0x87, 0x16, 0x05, 0x07, 0x0d, 0xaa, 0x22, 0x11,
  0x08, 0x0d, 0x7e, 0x4f, 0x4f, 0x09, 0x0d, 0xb0, 0xb0, 0xb0, 0x0a, 0x0d, 0x9a, 0x1d, 0x0c, 0x0b,
  0x0d, 0x87, 0x16, 0x05, 0x06, 0x0e, 0xa1, 0x0c, 0x4f, 0x07, 0x0e, 0x7f, 0x13, 0x02, 0x08, 0x0e,
  0x44, 0x00, 0x00, 0x09, 0x0e, 0x33, 0x33, 0x44, 0x0a, 0x0e, 0x9a, 0x1d, 0x0c, 0x0b, 0x0e, 0x87,
  0x16, 0x05, 0x06, 0x0f, 0xa1, 0x0c, 0x4f, 0x07, 0x0f, 0x77, 0x11, 0x00, 0x08, 0x0f, 0x15, 0x00,
  0x00, 0x0a, 0x0f, 0x67, 0x0c, 0x00, 0x0b, 0x0f, 0x87, 0x16, 0x05, 0x06, 0x10, 0x67, 0x0c, 0x00,
  0x07, 0x10, 0x3a, 0x00, 0x00, 0x0b, 0x10, 0x35, 0x06, 0x00, 0x0c, 0x10, 0x65, 0x33, 0x1d, 0x05,
  0x11, 0xa1, 0x0c, 0x4f, 0x06, 0x11, 0xab, 0x22, 0x14, 0x07, 0x11, 0x4c, 0x02, 0x00, 0x0b, 0x11,
  0x6e, 0x0e, 0x06, 0x0c, 0x11, 0x4c, 0x02, 0x00, 0x06, 0x12, 0xbc, 0x28, 0x17, 0x07, 0x12, 0x44,
  0x00, 0x00, 0x0c, 0x12, 0x90, 0x19, 0x08, 0x0d, 0x12, 0x15, 0x00, 0x00, 0x06, 0x13, 0x52, 0x0c,
  0x00, 0x07, 0x13, 0x44, 0x00, 0x00, 0x08, 0x13, 0x52, 0x0c, 0x00, 0x0c, 0x13, 0x77, 0x11, 0x00,
  0x0d, 0x13, 0x2d, 0x00, 0x00, 0x06, 0x14, 0xa2, 0x1f, 0x0e, 0x07, 0x14, 0x54, 0x05, 0x00, 0x0b,
  0x14, 0x25, 0x05, 0x00, 0x0c, 0x14, 0xa2, 0x1f, 0x0e, 0x0d, 0x14, 0x66, 0x0b, 0x00, 0x06, 0x15,
  0x99, 0x1c, 0x0b, 0x07, 0x15, 0x44, 0x00, 0x00, 0x0a, 0x15, 0x7a, 0x11, 0x2e, 0x0c, 0x15, 0x89,
  0x17, 0x06, 0x0d, 0x15, 0x5e, 0x09, 0x00, 0x05, 0x16, 0x11, 0x11, 0x22, 0x06, 0x16, 0x3d, 0x09,
  0x00, 0x07, 0x16, 0x3d, 0x09, 0x00, 0x0d, 0x16, 0x22, 0x22, 0x33
};
static const KofSprite kStance_iori_1 PROGMEM = {
  .w = 20, .h = 23, .pixelCount = 127,
  .pixels = kStance_iori_1Pixels, .fmt = 5,
};

// iori 帧 2: 20×23, 118 pixels
static const uint8_t kStance_iori_2Pixels[] PROGMEM = {
  0x07, 0x00, 0x72, 0x06, 0x26, 0x08, 0x00, 0x89, 0x17, 0x06, 0x09, 0x00, 0x15, 0x00, 0x00, 0x07,
  0x01, 0x7f, 0x13, 0x02, 0x08, 0x01, 0x6c, 0x0d, 0x02, 0x09, 0x01, 0x5b, 0x33, 0x1d, 0x08, 0x02,
  0x9b, 0x3a, 0x52, 0x09, 0x02, 0x67, 0x2a, 0x11, 0x0a, 0x02, 0x60, 0x60, 0x71, 0x07, 0x03, 0xc5,
  0xc5, 0xcd, 0x08, 0x03, 0xa4, 0x78, 0x4b, 0x09, 0x03, 0xc3, 0x84, 0x67, 0x0a, 0x03, 0xbb, 0xbb,
  0xcc, 0x0b, 0x03, 0x33, 0x33, 0x44, 0x0c, 0x03, 0x25, 0x25, 0x36, 0x06, 0x04, 0x1d, 0x1d, 0x2e,
  0x07, 0x04, 0xdc, 0xdc, 0xce, 0x08, 0x04, 0xfa, 0xbc, 0x78, 0x09, 0x04, 0x2b, 0x2b, 0x3a, 0x0a,
  0x04, 0x22, 0x22, 0x2d, 0x0b, 0x04, 0x22, 0x22, 0x33, 0x0c, 0x04, 0x1f, 0x1f, 0x30, 0x06, 0x05,
  0x08, 0x08, 0x11, 0x07, 0x05, 0x08, 0x08, 0x10, 0x08, 0x05, 0x21, 0x21, 0x2a, 0x09, 0x05, 0x08,
  0x08, 0x10, 0x0a, 0x05, 0x11, 0x11, 0x22, 0x0b, 0x05, 0x12, 0x12, 0x1e, 0x0c, 0x05, 0x1f, 0x1f,
  0x30, 0x06, 0x06, 0x13, 0x13, 0x24, 0x07, 0x06, 0x28, 0x28, 0x39, 0x08, 0x06, 0x25, 0x25, 0x36,
  0x09, 0x06, 0x14, 0x14, 0x25, 0x0a, 0x06, 0x03, 0x03, 0x05, 0x0c, 0x06, 0x19, 0x19, 0x2a, 0x0d,
  0x06, 0x00, 0x00, 0x00, 0x06, 0x07, 0x03, 0x03, 0x05, 0x07, 0x07, 0xff, 0xff, 0xff, 0x08, 0x07,
  0xff, 0xff, 0xff, 0x09, 0x07, 0x81, 0x81, 0x92, 0x0a, 0x07, 0x3d, 0x3d, 0x46, 0x0c, 0x07, 0x1f,
  0x1f, 0x2d, 0x0d, 0x07, 0x00, 0x00, 0x00, 0x06, 0x08, 0x30, 0x30, 0x41, 0x07, 0x08, 0xa4, 0xa4,
  0xb5, 0x08, 0x08, 0x77, 0x77, 0x88, 0x09, 0x08, 0xa2, 0xa2, 0xb0, 0x0b, 0x08, 0x28, 0x28, 0x39,
  0x0c, 0x08, 0x1a, 0x1a, 0x2b, 0x06, 0x09, 0x19, 0x19, 0x2a, 0x07, 0x09, 0xf4, 0xf4, 0xf7, 0x08,
  0x09, 0xde, 0xde, 0xe6, 0x09, 0x09, 0xe7, 0xe7, 0xed, 0x0a, 0x09, 0x77, 0x77, 0x88, 0x0b, 0x09,
  0x1f, 0x1f, 0x30, 0x0c, 0x09, 0x02, 0x02, 0x05, 0x06, 0x0a, 0xd0, 0x44, 0x38, 0x07, 0x0a, 0xf4,
  0xf4, 0xf7, 0x08, 0x0a, 0xf5, 0xf5, 0xf7, 0x09, 0x0a, 0xb2, 0x9a, 0x9d, 0x0a, 0x0a, 0xb2, 0x24,
  0x13, 0x0b, 0x0a, 0xa3, 0xa3, 0xb4, 0x06, 0x0b, 0x91, 0x1a, 0x09, 0x07, 0x0b, 0xbb, 0xbb, 0xcc,
  0x08, 0x0b, 0xff, 0xff, 0xff, 0x09, 0x0b, 0x78, 0x11, 0x06, 0x0a, 0x0b, 0x99, 0x1c, 0x0b, 0x06,
  0x0c, 0x9a, 0x1d, 0x0c, 0x07, 0x0c, 0xd0, 0xd0, 0xdc, 0x08, 0x0c, 0x44, 0x00, 0x00, 0x09, 0x0c,
  0x9a, 0x1d, 0x0c, 0x0a, 0x0c, 0xaa, 0x22, 0x11, 0x06, 0x0d, 0x9a, 0x1d, 0x0c, 0x07, 0x0d, 0xba,
  0xaa, 0xb3, 0x08, 0x0d, 0x44, 0x00, 0x00, 0x09, 0x0d, 0x77, 0x11, 0x00, 0x0a, 0x0d, 0xba, 0x27,
  0x16, 0x06, 0x0e, 0x88, 0x17, 0x06, 0x07, 0x0e, 0x54, 0x05, 0x00, 0x08, 0x0e, 0x2c, 0x00, 0x00,
  0x09, 0x0e, 0x55, 0x06, 0x00, 0x0a, 0x0e, 0xcd, 0x2e, 0x1d, 0x0b, 0x0e, 0x15, 0x00, 0x00, 0x06,
  0x0f, 0x8d, 0x0e, 0x29, 0x07, 0x0f, 0x77, 0x11, 0x00, 0x08, 0x0f, 0x15, 0x00, 0x00, 0x0a, 0x0f,
  0xaa, 0x22, 0x11, 0x0b, 0x0f, 0x2d, 0x00, 0x00, 0x06, 0x10, 0x41, 0x02, 0x00, 0x07, 0x10, 0x23,
  0x00, 0x00, 0x0a, 0x10, 0x00, 0x00, 0x00, 0x0b, 0x10, 0x44, 0x00, 0x00, 0x07, 0x11, 0x5d, 0x08,
  0x00, 0x08, 0x11, 0x15, 0x00, 0x00, 0x0b, 0x11, 0x9f, 0x1e, 0x0d, 0x0c, 0x11, 0x15, 0x00, 0x00,
  0x06, 0x12, 0xa2, 0x1f, 0x0e, 0x07, 0x12, 0x44, 0x00, 0x00, 0x0b, 0x12, 0x6f, 0x0e, 0x00, 0x0c,
  0x12, 0x44, 0x00, 0x00, 0x06, 0x13, 0x52, 0x0c, 0x00, 0x07, 0x13, 0x44, 0x00, 0x00, 0x08, 0x13,
  0x52, 0x0c, 0x00, 0x0b, 0x13, 0x77, 0x11, 0x00, 0x0c, 0x13, 0x44, 0x00, 0x00, 0x06, 0x14, 0xa2,
  0x1f, 0x0e, 0x07, 0x14, 0x54, 0x05, 0x00, 0x0b, 0x14, 0xa2, 0x1f, 0x0e, 0x0c, 0x14, 0x91, 0x1a,
  0x09, 0x06, 0x15, 0x99, 0x1c, 0x0b, 0x07, 0x15, 0x44, 0x00, 0x00, 0x0a, 0x15, 0x7a, 0x11, 0x2e,
  0x0b, 0x15, 0x82, 0x14, 0x06, 0x0c, 0x15, 0x5e, 0x09, 0x00, 0x05, 0x16, 0x11, 0x11, 0x22, 0x06,
  0x16, 0x3d, 0x09, 0x00, 0x07, 0x16, 0x3d, 0x09, 0x00, 0x0c, 0x16, 0x22, 0x22, 0x33
};
static const KofSprite kStance_iori_2 PROGMEM = {
  .w = 20, .h = 23, .pixelCount = 118,
  .pixels = kStance_iori_2Pixels, .fmt = 5,
};

// iori 帧 3: 20×23, 120 pixels
static const uint8_t kStance_iori_3Pixels[] PROGMEM = {
  0x08, 0x00, 0x6e, 0x0e, 0x03, 0x09, 0x00, 0x4c, 0x03, 0x00, 0x07, 0x01, 0x87, 0x16, 0x05, 0x08,
  0x01, 0x55, 0x06, 0x00, 0x09, 0x01, 0x2c, 0x00, 0x00, 0x08, 0x02, 0xbe, 0x7c, 0x93, 0x09, 0x02,
  0x80, 0x2b, 0x11, 0x0a, 0x02, 0xa4, 0xa4, 0xb5, 0x07, 0x03, 0xbf, 0xbf, 0xca, 0x08, 0x03, 0xd5,
  0x78, 0x3c, 0x09, 0x03, 0xb1, 0x60, 0x2f, 0x0a, 0x03, 0xd0, 0xd0, 0xdc, 0x0b, 0x03, 0x33, 0x33,
  0x44, 0x0c, 0x03, 0x1f, 0x1f, 0x30, 0x06, 0x04, 0x1d, 0x1d, 0x2e, 0x07, 0x04, 0xa8, 0xa8, 0xb3,
  0x08, 0x04, 0xf3, 0xa9, 0x65, 0x09, 0x04, 0x1a, 0x1a, 0x23, 0x0a, 0x04, 0x33, 0x33, 0x44, 0x0b,
  0x04, 0x37, 0x37, 0x45, 0x0c, 0x04, 0x22, 0x22, 0x33, 0x06, 0x05, 0x06, 0x06, 0x0b, 0x07, 0x05,
  0x0b, 0x0b, 0x16, 0x08, 0x05, 0x5b, 0x4b, 0x4a, 0x09, 0x05, 0x08, 0x08, 0x10, 0x0a, 0x05, 0x11,
  0x11, 0x22, 0x0b, 0x05, 0x06, 0x06, 0x0b, 0x0c, 0x05, 0x1f, 0x1f, 0x30, 0x06, 0x06, 0x13, 0x13,
  0x24, 0x07, 0x06, 0x28, 0x28, 0x39, 0x08, 0x06, 0x2b, 0x2b, 0x3c, 0x09, 0x06, 0x1a, 0x1a, 0x2b,
  0x0a, 0x06, 0x03, 0x03, 0x05, 0x0c, 0x06, 0x22, 0x22, 0x33, 0x0d, 0x06, 0x00, 0x00, 0x00, 0x06,
  0x07, 0x0e, 0x0e, 0x19, 0x07, 0x07, 0xff, 0xff, 0xff, 0x08, 0x07, 0xff, 0xff, 0xff, 0x09, 0x07,
  0x82, 0x82, 0x93, 0x0a, 0x07, 0x13, 0x13, 0x16, 0x0c, 0x07, 0x21, 0x21, 0x32, 0x0d, 0x07, 0x00,
  0x00, 0x00, 0x06, 0x08, 0x2e, 0x2e, 0x3f, 0x07, 0x08, 0x9a, 0x9a, 0xab, 0x08, 0x08, 0x77, 0x77,
  0x88, 0x09, 0x08, 0xc6, 0xc6, 0xd4, 0x0b, 0x08, 0x22, 0x22, 0x33, 0x0c, 0x08, 0x16, 0x16, 0x27,
  0x06, 0x09, 0x22, 0x22, 0x33, 0x07, 0x09, 0xf4, 0xf4, 0xf7, 0x08, 0x09, 0xde, 0xde, 0xe6, 0x09,
  0x09, 0xde, 0xde, 0xe6, 0x0a, 0x09, 0x81, 0x81, 0x92, 0x0b, 0x09, 0x22, 0x22, 0x33, 0x0c, 0x09,
  0x11, 0x11, 0x22, 0x06, 0x0a, 0xd0, 0x44, 0x38, 0x07, 0x0a, 0xff, 0xff, 0xff, 0x08, 0x0a, 0xea,
  0xea, 0xef, 0x09, 0x0a, 0xdd, 0xdd, 0xe5, 0x0a, 0x0a, 0xcb, 0x2d, 0x1c, 0x0b, 0x0a, 0xbb, 0xbb,
  0xcc, 0x0c, 0x0a, 0x11, 0x11, 0x22, 0x06, 0x0b, 0x88, 0x17, 0x06, 0x07, 0x0b, 0xbb, 0xbb, 0xcc,
  0x08, 0x0b, 0xff, 0xff, 0xff, 0x09, 0x0b, 0x8b, 0x2e, 0x24, 0x0a, 0x0b, 0x7f, 0x14, 0x03, 0x06,
  0x0c, 0x9a, 0x1d, 0x0c, 0x07, 0x0c, 0xd0, 0xd0, 0xdc, 0x08, 0x0c, 0x44, 0x00, 0x00, 0x09, 0x0c,
  0x9a, 0x1d, 0x0c, 0x0a, 0x0c, 0xaa, 0x22, 0x11, 0x06, 0x0d, 0x9a, 0x1d, 0x0c, 0x07, 0x0d, 0x7c,
  0x44, 0x44, 0x08, 0x0d, 0x44, 0x00, 0x00, 0x09, 0x0d, 0x77, 0x11, 0x00, 0x0a, 0x0d, 0xba, 0x27,
  0x16, 0x06, 0x0e, 0x9a, 0x1d, 0x0c, 0x07, 0x0e, 0x54, 0x05, 0x00, 0x08, 0x0e, 0x44, 0x00, 0x00,
  0x09, 0x0e, 0x67, 0x0c, 0x00, 0x0a, 0x0e, 0xcd, 0x2e, 0x1d, 0x0b, 0x0e, 0x15, 0x00, 0x00, 0x06,
  0x0f, 0xa1, 0x0c, 0x4f, 0x07, 0x0f, 0x7f, 0x14, 0x03, 0x08, 0x0f, 0x15, 0x00, 0x00, 0x0a, 0x0f,
  0xa2, 0x1f, 0x0e, 0x0b, 0x0f, 0x4c, 0x03, 0x00, 0x07, 0x10, 0x28, 0x06, 0x00, 0x0a, 0x10, 0x32,
  0x06, 0x00, 0x0b, 0x10, 0x23, 0x00, 0x00, 0x0c, 0x10, 0x3a, 0x08, 0x00, 0x07, 0x11, 0x44, 0x00,
  0x00, 0x08, 0x11, 0x15, 0x00, 0x00, 0x0b, 0x11, 0x6c, 0x0d, 0x02, 0x0c, 0x11, 0x2d, 0x00, 0x00,
  0x06, 0x12, 0x80, 0x17, 0x09, 0x07, 0x12, 0x4c, 0x02, 0x00, 0x08, 0x12, 0x15, 0x00, 0x00, 0x0b,
  0x12, 0x80, 0x14, 0x06, 0x0c, 0x12, 0x44, 0x00, 0x00, 0x06, 0x13, 0x52, 0x0c, 0x00, 0x07, 0x13,
  0x44, 0x00, 0x00, 0x08, 0x13, 0x52, 0x0c, 0x00, 0x0b, 0x13, 0x77, 0x11, 0x00, 0x0c, 0x13, 0x44,
  0x00, 0x00, 0x06, 0x14, 0x9a, 0x1d, 0x0c, 0x07, 0x14, 0x54, 0x05, 0x00, 0x0b, 0x14, 0x9a, 0x1d,
  0x0c, 0x0c, 0x14, 0x77, 0x11, 0x00, 0x06, 0x15, 0xb2, 0x24, 0x13, 0x07, 0x15, 0x44, 0x00, 0x00,
  0x09, 0x15, 0xb7, 0x11, 0x5c, 0x0a, 0x15, 0x19, 0x05, 0x02, 0x0b, 0x15, 0x8c, 0x0e, 0x2f, 0x0c,
  0x15, 0x99, 0x1c, 0x0b, 0x05, 0x16, 0x0b, 0x0b, 0x17, 0x06, 0x16, 0x02, 0x02, 0x05, 0x07, 0x16,
  0x00, 0x00, 0x00, 0x0c, 0x16, 0x09, 0x09, 0x11
};
static const KofSprite kStance_iori_3 PROGMEM = {
  .w = 20, .h = 23, .pixelCount = 120,
  .pixels = kStance_iori_3Pixels, .fmt = 5,
};

// iori 帧 4: 20×23, 156 pixels
static const uint8_t kStance_iori_4Pixels[] PROGMEM = {
  0x05, 0x00, 0x60, 0x00, 0x26, 0x06, 0x00, 0x5e, 0x09, 0x00, 0x04, 0x01, 0x56, 0x06, 0x00, 0x05,
  0x01, 0x82, 0x14, 0x06, 0x06, 0x01, 0x44, 0x08, 0x02, 0x07, 0x01, 0x41, 0x21, 0x16, 0x08, 0x01,
  0x40, 0x40, 0x51, 0x09, 0x01, 0x1c, 0x1c, 0x2d, 0x0a, 0x01, 0x22, 0x22, 0x33, 0x0b, 0x01, 0x1c,
  0x1c, 0x2d, 0x04, 0x02, 0x80, 0x14, 0x06, 0x05, 0x02, 0x6c, 0x0d, 0x02, 0x06, 0x02, 0x7e, 0x71,
  0x67, 0x07, 0x02, 0x69, 0x1a, 0x0a, 0x08, 0x02, 0xea, 0xea, 0xef, 0x09, 0x02, 0x49, 0x49, 0x5a,
  0x0a, 0x02, 0x2d, 0x2d, 0x3e, 0x0b, 0x02, 0x33, 0x33, 0x44, 0x0c, 0x02, 0x2d, 0x2d, 0x3e, 0x0d,
  0x02, 0x2b, 0x2b, 0x3c, 0x0e, 0x02, 0x22, 0x22, 0x33, 0x05, 0x03, 0xc0, 0xb6, 0xb8, 0x06, 0x03,
  0x96, 0x63, 0x5b, 0x07, 0x03, 0x3d, 0x0d, 0x05, 0x08, 0x03, 0xcb, 0x8c, 0x6b, 0x09, 0x03, 0xdc,
  0xdc, 0xe5, 0x0a, 0x03, 0x22, 0x22, 0x33, 0x0b, 0x03, 0x22, 0x22, 0x33, 0x0c, 0x03, 0x13, 0x13,
  0x24, 0x0d, 0x03, 0x11, 0x11, 0x22, 0x0e, 0x03, 0x17, 0x17, 0x28, 0x0f, 0x03, 0x20, 0x20, 0x31,
  0x06, 0x04, 0x81, 0x81, 0x92, 0x07, 0x04, 0xf0, 0xa1, 0x5d, 0x08, 0x04, 0xb3, 0x98, 0x8f, 0x09,
  0x04, 0x11, 0x11, 0x22, 0x0a, 0x04, 0x11, 0x11, 0x22, 0x0b, 0x04, 0x06, 0x06, 0x0c, 0x0c, 0x04,
  0x11, 0x11, 0x22, 0x0e, 0x04, 0x17, 0x17, 0x25, 0x0f, 0x04, 0x05, 0x05, 0x08, 0x07, 0x05, 0x29,
  0x00, 0x29, 0x08, 0x05, 0x00, 0x00, 0x00, 0x09, 0x05, 0x09, 0x09, 0x11, 0x0a, 0x05, 0x0e, 0x0e,
  0x1d, 0x0b, 0x05, 0x08, 0x08, 0x10, 0x0c, 0x05, 0x65, 0x65, 0x74, 0x0d, 0x05, 0x53, 0x53, 0x64,
  0x0e, 0x05, 0x24, 0x24, 0x35, 0x0f, 0x05, 0x00, 0x00, 0x00, 0x08, 0x06, 0x16, 0x16, 0x27, 0x09,
  0x06, 0x8f, 0x8f, 0xa0, 0x0a, 0x06, 0x83, 0x83, 0x94, 0x0b, 0x06, 0xb1, 0xb1, 0xc2, 0x0c, 0x06,
  0x77, 0x77, 0x88, 0x0d, 0x06, 0x1d, 0x1d, 0x2e, 0x0e, 0x06, 0x1c, 0x1c, 0x2d, 0x0f, 0x06, 0x00,
  0x00, 0x00, 0x08, 0x07, 0xe8, 0xac, 0xa8, 0x09, 0x07, 0x8e, 0x8e, 0x9f, 0x0a, 0x07, 0x9a, 0x9a,
  0xab, 0x0b, 0x07, 0xc8, 0xc8, 0xd3, 0x0c, 0x07, 0x8f, 0x8f, 0xa0, 0x0d, 0x07, 0xeb, 0x87, 0x74,
  0x0e, 0x07, 0xe7, 0xe7, 0xed, 0x08, 0x08, 0xa2, 0x1f, 0x0e, 0x09, 0x08, 0xe8, 0xe8, 0xee, 0x0a,
  0x08, 0xa5, 0xa5, 0xb0, 0x0b, 0x08, 0xdc, 0xdc, 0xe5, 0x0c, 0x08, 0x8b, 0x8b, 0x9a, 0x0d, 0x08,
  0x98, 0x1c, 0x0b, 0x0e, 0x08, 0x15, 0x00, 0x00, 0x08, 0x09, 0x88, 0x17, 0x06, 0x09, 0x09, 0xbb,
  0xbb, 0xcc, 0x0a, 0x09, 0xa1, 0xa1, 0xad, 0x0b, 0x09, 0xcf, 0xcf, 0xd5, 0x0c, 0x09, 0xb2, 0x9a,
  0x9d, 0x0d, 0x09, 0xba, 0x27, 0x16, 0x0e, 0x09, 0x44, 0x00, 0x00, 0x08, 0x0a, 0x9a, 0x1d, 0x0c,
  0x09, 0x0a, 0xe8, 0xe8, 0xee, 0x0a, 0x0a, 0x44, 0x44, 0x46, 0x0b, 0x0a, 0xc5, 0xc5, 0xd4, 0x0c,
  0x0a, 0x8f, 0x54, 0x4f, 0x0d, 0x0a, 0xcc, 0x2d, 0x1c, 0x0e, 0x0a, 0x54, 0x05, 0x00, 0x08, 0x0b,
  0xaa, 0x22, 0x11, 0x09, 0x0b, 0xe5, 0xbb, 0xb6, 0x0a, 0x0b, 0x56, 0x1c, 0x1e, 0x0b, 0x0b, 0xd3,
  0xd3, 0xde, 0x0c, 0x0b, 0x56, 0x06, 0x00, 0x0d, 0x0b, 0xcd, 0x2e, 0x1d, 0x0e, 0x0b, 0x54, 0x05,
  0x00, 0x08, 0x0c, 0xcd, 0x2e, 0x1d, 0x09, 0x0c, 0xaa, 0x22, 0x11, 0x0a, 0x0c, 0x44, 0x00, 0x00,
  0x0b, 0x0c, 0xff, 0xff, 0xff, 0x0c, 0x0c, 0x67, 0x0c, 0x00, 0x0d, 0x0c, 0xcc, 0x2d, 0x1c, 0x0e,
  0x0c, 0x56, 0x06, 0x00, 0x08, 0x0d, 0xcd, 0x2e, 0x1d, 0x09, 0x0d, 0x77, 0x11, 0x00, 0x0a, 0x0d,
  0x44, 0x00, 0x00, 0x0b, 0x0d, 0x51, 0x51, 0x60, 0x0c, 0x0d, 0x41, 0x08, 0x0b, 0x0d, 0x0d, 0xcd,
  0x2e, 0x1d, 0x0e, 0x0d, 0x89, 0x17, 0x06, 0x08, 0x0e, 0x90, 0x19, 0x08, 0x09, 0x0e, 0x75, 0x10,
  0x05, 0x0a, 0x0e, 0x15, 0x00, 0x00, 0x0d, 0x0e, 0xaa, 0x22, 0x11, 0x0e, 0x0e, 0x98, 0x1c, 0x0b,
  0x08, 0x0f, 0x3d, 0x09, 0x00, 0x09, 0x0f, 0x23, 0x00, 0x00, 0x0d, 0x0f, 0x35, 0x06, 0x00, 0x0e,
  0x0f, 0x23, 0x00, 0x00, 0x07, 0x10, 0x12, 0x02, 0x00, 0x08, 0x10, 0x97, 0x1c, 0x0b, 0x09, 0x10,
  0x4c, 0x02, 0x00, 0x0d, 0x10, 0x6e, 0x0e, 0x06, 0x0e, 0x10, 0x9f, 0x1e, 0x0d, 0x0f, 0x10, 0x15,
  0x00, 0x00, 0x08, 0x11, 0x91, 0x1a, 0x09, 0x09, 0x11, 0x4c, 0x02, 0x00, 0x0d, 0x11, 0x3a, 0x00,
  0x00, 0x0e, 0x11, 0xc3, 0x2a, 0x19, 0x0f, 0x11, 0x44, 0x00, 0x00, 0x07, 0x12, 0x52, 0x0c, 0x00,
  0x08, 0x12, 0x7f, 0x13, 0x02, 0x09, 0x12, 0x44, 0x00, 0x00, 0x0e, 0x12, 0x9a, 0x1d, 0x0c, 0x0f,
  0x12, 0x44, 0x00, 0x00, 0x07, 0x13, 0xa2, 0x1f, 0x0e, 0x08, 0x13, 0x54, 0x05, 0x00, 0x09, 0x13,
  0x15, 0x00, 0x00, 0x0d, 0x13, 0x2f, 0x00, 0x00, 0x0e, 0x13, 0x87, 0x16, 0x05, 0x0f, 0x13, 0x44,
  0x00, 0x00, 0x06, 0x14, 0xb2, 0x11, 0x54, 0x07, 0x14, 0x64, 0x0b, 0x02, 0x08, 0x14, 0x54, 0x05,
  0x00, 0x0e, 0x14, 0x44, 0x00, 0x00, 0x0f, 0x14, 0x5e, 0x09, 0x00, 0x06, 0x15, 0x11, 0x11, 0x1a,
  0x07, 0x15, 0x6a, 0x10, 0x08, 0x08, 0x15, 0x44, 0x00, 0x00, 0x0b, 0x15, 0x52, 0x10, 0x08, 0x0e,
  0x15, 0x6b, 0x19, 0x10, 0x0f, 0x15, 0x3a, 0x08, 0x00, 0x04, 0x16, 0x0c, 0x0c, 0x17, 0x05, 0x16,
  0x22, 0x22, 0x33, 0x06, 0x16, 0x00, 0x00, 0x00, 0x07, 0x16, 0x43, 0x0e, 0x0b, 0x08, 0x16, 0x3d,
  0x09, 0x00, 0x0e, 0x16, 0x22, 0x22, 0x33, 0x0f, 0x16, 0x03, 0x03, 0x05
};
static const KofSprite kStance_iori_4 PROGMEM = {
  .w = 20, .h = 23, .pixelCount = 156,
  .pixels = kStance_iori_4Pixels, .fmt = 5,
};

// iori 帧 5: 20×23, 158 pixels
static const uint8_t kStance_iori_5Pixels[] PROGMEM = {
  0x04, 0x00, 0x77, 0x11, 0x00, 0x05, 0x00, 0x6f, 0x0e, 0x00, 0x06, 0x00, 0x00, 0x00, 0x00, 0x07,
  0x00, 0x14, 0x14, 0x25, 0x08, 0x00, 0x1a, 0x1a, 0x2b, 0x04, 0x01, 0x5c, 0x08, 0x03, 0x05, 0x01,
  0xd5, 0x82, 0x48, 0x06, 0x01, 0x4a, 0x1d, 0x0b, 0x07, 0x01, 0x9d, 0x9d, 0xab, 0x08, 0x01, 0x33,
  0x33, 0x44, 0x09, 0x01, 0x2d, 0x2d, 0x3e, 0x0a, 0x01, 0x33, 0x33, 0x44, 0x0b, 0x01, 0x27, 0x27,
  0x38, 0x0c, 0x01, 0x20, 0x20, 0x31, 0x0d, 0x01, 0x28, 0x28, 0x39, 0x0e, 0x01, 0x25, 0x25, 0x36,
  0x04, 0x02, 0x15, 0x00, 0x00, 0x05, 0x02, 0xf2, 0xc3, 0x82, 0x06, 0x02, 0xa9, 0x48, 0x1d, 0x07,
  0x02, 0xaa, 0x7b, 0x4c, 0x08, 0x02, 0xff, 0xff, 0xff, 0x09, 0x02, 0x22, 0x22, 0x33, 0x0a, 0x02,
  0x22, 0x22, 0x33, 0x0b, 0x02, 0x22, 0x22, 0x33, 0x0c, 0x02, 0x19, 0x19, 0x2a, 0x0d, 0x02, 0x17,
  0x17, 0x28, 0x0e, 0x02, 0x23, 0x23, 0x34, 0x04, 0x03, 0x11, 0x11, 0x19, 0x05, 0x03, 0xbb, 0x99,
  0x93, 0x06, 0x03, 0x6a, 0x2c, 0x11, 0x07, 0x03, 0xdb, 0x8a, 0x4e, 0x08, 0x03, 0xb0, 0xb0, 0xc1,
  0x09, 0x03, 0xd2, 0xd2, 0xdd, 0x0a, 0x03, 0x08, 0x08, 0x11, 0x0b, 0x03, 0x00, 0x00, 0x00, 0x0c,
  0x03, 0x00, 0x00, 0x00, 0x0d, 0x03, 0x00, 0x00, 0x00, 0x0e, 0x03, 0x13, 0x13, 0x1b, 0x05, 0x04,
  0x33, 0x33, 0x44, 0x06, 0x04, 0xc9, 0x7b, 0x4b, 0x07, 0x04, 0xcc, 0x6c, 0x33, 0x08, 0x04, 0x20,
  0x20, 0x31, 0x09, 0x04, 0x02, 0x02, 0x05, 0x0a, 0x04, 0x0e, 0x0e, 0x1d, 0x0b, 0x04, 0x0b, 0x0b,
  0x16, 0x0d, 0x04, 0x19, 0x19, 0x2a, 0x0e, 0x04, 0x11, 0x11, 0x22, 0x06, 0x05, 0x29, 0x00, 0x29,
  0x07, 0x05, 0x09, 0x09, 0x11, 0x08, 0x05, 0x3f, 0x1d, 0x0b, 0x09, 0x05, 0x00, 0x00, 0x00, 0x0a,
  0x05, 0x3d, 0x3d, 0x46, 0x0b, 0x05, 0x77, 0x77, 0x88, 0x0c, 0x05, 0x30, 0x30, 0x41, 0x0d, 0x05,
  0x22, 0x22, 0x33, 0x0e, 0x05, 0x02, 0x02, 0x05, 0x07, 0x06, 0x60, 0x60, 0x65, 0x08, 0x06, 0x82,
  0x82, 0x93, 0x09, 0x06, 0xb0, 0xb0, 0xc1, 0x0a, 0x06, 0xde, 0xde, 0xe6, 0x0b, 0x06, 0x98, 0x98,
  0xa9, 0x0c, 0x06, 0xd3, 0xd3, 0xde, 0x0d, 0x06, 0xc5, 0xc5, 0xd4, 0x0e, 0x06, 0x03, 0x03, 0x05,
  0x07, 0x07, 0xbb, 0x28, 0x17, 0x08, 0x07, 0xdd, 0xdd, 0xe6, 0x09, 0x07, 0x82, 0x82, 0x93, 0x0a,
  0x07, 0xe7, 0xe7, 0xed, 0x0b, 0x07, 0x99, 0x99, 0xaa, 0x0c, 0x07, 0xaa, 0x22, 0x11, 0x0d, 0x07,
  0x7b, 0x44, 0x47, 0x07, 0x08, 0xa2, 0x1f, 0x0e, 0x08, 0x08, 0xd2, 0xd2, 0xdd, 0x09, 0x08, 0x97,
  0x97, 0xa5, 0x0a, 0x08, 0xf5, 0xf5, 0xf7, 0x0b, 0x08, 0x8d, 0x46, 0x45, 0x0c, 0x08, 0xb2, 0x25,
  0x14, 0x0d, 0x08, 0x4c, 0x02, 0x00, 0x07, 0x09, 0x9a, 0x1d, 0x0c, 0x08, 0x09, 0xc6, 0xc6, 0xd4,
  0x09, 0x09, 0x62, 0x62, 0x6d, 0x0a, 0x09, 0xdd, 0xdd, 0xe6, 0x0b, 0x09, 0x90, 0x55, 0x4f, 0x0c,
  0x09, 0xba, 0x27, 0x16, 0x0d, 0x09, 0x54, 0x05, 0x00, 0x07, 0x0a, 0xa2, 0x1f, 0x0e, 0x08, 0x0a,
  0xe9, 0xd9, 0xd6, 0x09, 0x0a, 0x69, 0x3a, 0x3f, 0x0a, 0x0a, 0xbb, 0xbb, 0xcc, 0x0b, 0x0a, 0x6f,
  0x0e, 0x00, 0x0c, 0x0a, 0xdd, 0x33, 0x22, 0x0d, 0x0a, 0x54, 0x05, 0x00, 0x07, 0x0b, 0xcd, 0x2e,
  0x1d, 0x08, 0x0b, 0xb4, 0x66, 0x5b, 0x09, 0x0b, 0x44, 0x00, 0x00, 0x0a, 0x0b, 0xf5, 0xf5, 0xf7,
  0x0b, 0x0b, 0x67, 0x0c, 0x00, 0x0c, 0x0b, 0xba, 0x27, 0x16, 0x0d, 0x0b, 0x56, 0x06, 0x00, 0x07,
  0x0c, 0xab, 0x22, 0x11, 0x08, 0x0c, 0x87, 0x16, 0x05, 0x09, 0x0c, 0x44, 0x00, 0x00, 0x0a, 0x0c,
  0x72, 0x72, 0x7e, 0x0b, 0x0c, 0x55, 0x06, 0x00, 0x0c, 0x0c, 0xcd, 0x2e, 0x1d, 0x0d, 0x0c, 0x89,
  0x17, 0x06, 0x07, 0x0d, 0xa2, 0x1f, 0x0e, 0x08, 0x0d, 0x7f, 0x14, 0x03, 0x09, 0x0d, 0x2c, 0x00,
  0x00, 0x0c, 0x0d, 0xaa, 0x22, 0x11, 0x0d, 0x0d, 0x76, 0x10, 0x05, 0x06, 0x0e, 0x61, 0x08, 0x26,
  0x07, 0x0e, 0x43, 0x0b, 0x06, 0x08, 0x0e, 0x28, 0x06, 0x00, 0x0c, 0x0e, 0x28, 0x02, 0x00, 0x0d,
  0x0e, 0x21, 0x00, 0x00, 0x07, 0x0f, 0x60, 0x14, 0x0b, 0x08, 0x0f, 0x2b, 0x03, 0x00, 0x0c, 0x0f,
  0x58, 0x11, 0x09, 0x0d, 0x0f, 0x45, 0x0b, 0x03, 0x06, 0x10, 0x2a, 0x06, 0x00, 0x07, 0x10, 0x81,
  0x14, 0x06, 0x08, 0x10, 0x4c, 0x03, 0x00, 0x0c, 0x10, 0x5d, 0x08, 0x00, 0x0d, 0x10, 0xac, 0x22,
  0x11, 0x06, 0x11, 0xb3, 0x12, 0x55, 0x07, 0x11, 0x87, 0x16, 0x05, 0x08, 0x11, 0x44, 0x00, 0x00,
  0x0c, 0x11, 0x56, 0x06, 0x00, 0x0d, 0x11, 0x90, 0x19, 0x08, 0x0e, 0x11, 0x55, 0x06, 0x00, 0x06,
  0x12, 0x9a, 0x1d, 0x0c, 0x07, 0x12, 0x77, 0x11, 0x00, 0x08, 0x12, 0x44, 0x00, 0x00, 0x0c, 0x12,
  0x44, 0x00, 0x00, 0x0d, 0x12, 0x87, 0x16, 0x05, 0x0e, 0x12, 0x15, 0x00, 0x00, 0x06, 0x13, 0xb2,
  0x25, 0x14, 0x07, 0x13, 0x54, 0x05, 0x00, 0x08, 0x13, 0x0a, 0x00, 0x00, 0x0c, 0x13, 0x5e, 0x09,
  0x00, 0x0d, 0x13, 0x87, 0x16, 0x05, 0x0e, 0x13, 0x2c, 0x00, 0x00, 0x05, 0x14, 0xa5, 0x17, 0x2f,
  0x06, 0x14, 0x4c, 0x03, 0x00, 0x07, 0x14, 0x4c, 0x02, 0x00, 0x09, 0x14, 0x29, 0x00, 0x29, 0x0b,
  0x14, 0x8b, 0x0e, 0x26, 0x0c, 0x14, 0x44, 0x00, 0x00, 0x0d, 0x14, 0x44, 0x00, 0x00, 0x0e, 0x14,
  0x35, 0x02, 0x00, 0x04, 0x15, 0x2c, 0x06, 0x31, 0x05, 0x15, 0x0e, 0x0e, 0x19, 0x06, 0x15, 0x21,
  0x00, 0x00, 0x0d, 0x15, 0x0b, 0x0b, 0x14, 0x04, 0x16, 0x6b, 0x37, 0x24, 0x0d, 0x16, 0x24, 0x24,
  0x35, 0x0e, 0x16, 0x00, 0x00, 0x00
};
static const KofSprite kStance_iori_5 PROGMEM = {
  .w = 20, .h = 23, .pixelCount = 158,
  .pixels = kStance_iori_5Pixels, .fmt = 5,
};

static const KofSprite* const kStance_iori_Frames[] PROGMEM = {
  &kStance_iori_0,
  &kStance_iori_1,
  &kStance_iori_2,
  &kStance_iori_3,
  &kStance_iori_4,
  &kStance_iori_5
};
static const KofStanceSet kStance_iori PROGMEM = {
  .frameCount = 6,
  .frames = kStance_iori_Frames,
};

// terry 帧 0: 20×23, 135 pixels
static const uint8_t kStance_terry_0Pixels[] PROGMEM = {
  0x08, 0x00, 0xcc, 0x33, 0x00, 0x09, 0x00, 0xcc, 0x33, 0x00, 0x0a, 0x00, 0x88, 0x00, 0x00, 0x08,
  0x01, 0xcc, 0x33, 0x00, 0x09, 0x01, 0x66, 0x11, 0x11, 0x0a, 0x01, 0xdd, 0x77, 0x33, 0x07, 0x02,
  0xaa, 0xbb, 0xdd, 0x09, 0x02, 0xff, 0xaa, 0x66, 0x0a, 0x02, 0x66, 0x11, 0x11, 0x0b, 0x02, 0x11,
  0x00, 0x11, 0x0c, 0x02, 0x88, 0x00, 0x00, 0x07, 0x03, 0xdd, 0x77, 0x33, 0x08, 0x03, 0x88, 0x00,
  0x00, 0x09, 0x03, 0x66, 0x11, 0x11, 0x0a, 0x03, 0x66, 0x11, 0x11, 0x0b, 0x03, 0xcc, 0x33, 0x00,
  0x0c, 0x03, 0x88, 0x00, 0x00, 0x0d, 0x03, 0xee, 0xff, 0xff, 0x0e, 0x03, 0xdd, 0x77, 0x33, 0x07,
  0x04, 0xdd, 0x77, 0x33, 0x08, 0x04, 0x88, 0x00, 0x00, 0x09, 0x04, 0xee, 0xff, 0xff, 0x0a, 0x04,
  0xee, 0xff, 0xff, 0x0b, 0x04, 0xcc, 0x33, 0x00, 0x0c, 0x04, 0xcc, 0x33, 0x00, 0x0d, 0x04, 0x66,
  0x11, 0x11, 0x0e, 0x04, 0x99, 0x33, 0x11, 0x06, 0x05, 0xdd, 0x77, 0x33, 0x07, 0x05, 0xff, 0xaa,
  0x66, 0x08, 0x05, 0x88, 0x00, 0x00, 0x09, 0x05, 0x88, 0x00, 0x00, 0x0a, 0x05, 0xee, 0xff, 0xff,
  0x0b, 0x05, 0x11, 0x00, 0x11, 0x0c, 0x05, 0x88, 0x00, 0x00, 0x0d, 0x05, 0x66, 0x11, 0x11, 0x0e,
  0x05, 0xff, 0xaa, 0x66, 0x0f, 0x05, 0x99, 0x33, 0x11, 0x05, 0x06, 0xff, 0xaa, 0x66, 0x06, 0x06,
  0xdd, 0x77, 0x33, 0x07, 0x06, 0x99, 0x33, 0x11, 0x08, 0x06, 0x88, 0x00, 0x00, 0x09, 0x06, 0x88,
  0x00, 0x00, 0x0a, 0x06, 0x77, 0x88, 0xaa, 0x0b, 0x06, 0xcc, 0x33, 0x00, 0x0c, 0x06, 0x88, 0x00,
  0x00, 0x0d, 0x06, 0x88, 0x00, 0x00, 0x0e, 0x06, 0xff, 0xdd, 0xaa, 0x0f, 0x06, 0xdd, 0x77, 0x33,
  0x04, 0x07, 0x66, 0x11, 0x11, 0x05, 0x07, 0x22, 0x44, 0x66, 0x06, 0x07, 0x99, 0x33, 0x11, 0x07,
  0x07, 0x66, 0x11, 0x11, 0x09, 0x07, 0xcc, 0x33, 0x00, 0x0a, 0x07, 0xee, 0xff, 0xff, 0x0b, 0x07,
  0xcc, 0x33, 0x00, 0x0c, 0x07, 0x99, 0x33, 0x11, 0x0d, 0x07, 0xdd, 0x77, 0x33, 0x0e, 0x07, 0x00,
  0x22, 0x44, 0x0f, 0x07, 0x99, 0x33, 0x11, 0x03, 0x08, 0xff, 0xaa, 0x66, 0x04, 0x08, 0x99, 0x33,
  0x11, 0x09, 0x08, 0x88, 0x00, 0x00, 0x0a, 0x08, 0x44, 0x66, 0x88, 0x0b, 0x08, 0x22, 0x44, 0x66,
  0x0c, 0x08, 0x11, 0x00, 0x11, 0x0d, 0x08, 0x11, 0x00, 0x11, 0x09, 0x09, 0x22, 0x44, 0x66, 0x0a,
  0x09, 0x22, 0x44, 0x66, 0x0b, 0x09, 0x22, 0x44, 0x66, 0x0c, 0x09, 0x22, 0x44, 0x66, 0x0d, 0x09,
  0x11, 0x00, 0x11, 0x09, 0x0a, 0x77, 0x88, 0xaa, 0x0a, 0x0a, 0x22, 0x44, 0x66, 0x0b, 0x0a, 0x00,
  0x22, 0x44, 0x0c, 0x0a, 0x77, 0x88, 0xaa, 0x0d, 0x0a, 0x22, 0x44, 0x66, 0x08, 0x0b, 0x44, 0x66,
  0x88, 0x09, 0x0b, 0x77, 0x88, 0xaa, 0x0a, 0x0b, 0x22, 0x44, 0x66, 0x0b, 0x0b, 0x44, 0x66, 0x88,
  0x0c, 0x0b, 0x44, 0x66, 0x88, 0x0d, 0x0b, 0x22, 0x44, 0x66, 0x08, 0x0c, 0x77, 0x88, 0xaa, 0x09,
  0x0c, 0x44, 0x66, 0x88, 0x0a, 0x0c, 0x11, 0x00, 0x11, 0x0b, 0x0c, 0x44, 0x66, 0x88, 0x0c, 0x0c,
  0x44, 0x66, 0x88, 0x0d, 0x0c, 0x00, 0x22, 0x44, 0x08, 0x0d, 0x77, 0x88, 0xaa, 0x09, 0x0d, 0x22,
  0x44, 0x66, 0x0a, 0x0d, 0x00, 0x22, 0x44, 0x0b, 0x0d, 0x44, 0x66, 0x88, 0x0c, 0x0d, 0x44, 0x66,
  0x88, 0x0d, 0x0d, 0x00, 0x22, 0x44, 0x08, 0x0e, 0x44, 0x66, 0x88, 0x09, 0x0e, 0x00, 0x22, 0x44,
  0x0b, 0x0e, 0x44, 0x66, 0x88, 0x0c, 0x0e, 0x44, 0x66, 0x88, 0x0d, 0x0e, 0x00, 0x22, 0x44, 0x07,
  0x0f, 0x00, 0x22, 0x44, 0x08, 0x0f, 0x00, 0x22, 0x44, 0x09, 0x0f, 0x11, 0x00, 0x11, 0x0b, 0x0f,
  0x77, 0x88, 0xaa, 0x0c, 0x0f, 0x22, 0x44, 0x66, 0x0d, 0x0f, 0x11, 0x00, 0x11, 0x07, 0x10, 0x00,
  0x22, 0x44, 0x08, 0x10, 0x22, 0x44, 0x66, 0x09, 0x10, 0x11, 0x00, 0x11, 0x0b, 0x10, 0x00, 0x22,
  0x44, 0x0c, 0x10, 0x44, 0x66, 0x88, 0x0d, 0x10, 0x11, 0x00, 0x11, 0x08, 0x11, 0x22, 0x44, 0x66,
  0x09, 0x11, 0x00, 0x22, 0x44, 0x0c, 0x11, 0x00, 0x22, 0x44, 0x0d, 0x11, 0x22, 0x44, 0x66, 0x0e,
  0x11, 0x00, 0x22, 0x44, 0x08, 0x12, 0x22, 0x44, 0x66, 0x09, 0x12, 0x11, 0x00, 0x11, 0x0d, 0x12,
  0x00, 0x22, 0x44, 0x0e, 0x12, 0x22, 0x44, 0x66, 0x08, 0x13, 0x44, 0x66, 0x88, 0x09, 0x13, 0x11,
  0x00, 0x11, 0x0d, 0x13, 0x11, 0x00, 0x11, 0x0e, 0x13, 0x00, 0x22, 0x44, 0x08, 0x14, 0x77, 0x88,
  0xaa, 0x09, 0x14, 0x11, 0x00, 0x11, 0x0e, 0x14, 0x88, 0x00, 0x00, 0x0f, 0x14, 0xff, 0xaa, 0x33,
  0x08, 0x15, 0xcc, 0x33, 0x00, 0x09, 0x15, 0x11, 0x00, 0x11, 0x0f, 0x15, 0xaa, 0xbb, 0xdd, 0x07,
  0x16, 0xee, 0xff, 0xff, 0x08, 0x16, 0x88, 0x00, 0x00, 0x09, 0x16, 0x88, 0x00, 0x00, 0x0f, 0x16,
  0x77, 0x88, 0xaa
};
static const KofSprite kStance_terry_0 PROGMEM = {
  .w = 20, .h = 23, .pixelCount = 135,
  .pixels = kStance_terry_0Pixels, .fmt = 5,
};

// terry 帧 1: 20×23, 104 pixels
static const uint8_t kStance_terry_1Pixels[] PROGMEM = {
  0x09, 0x00, 0xcc, 0x33, 0x00, 0x0a, 0x00, 0x88, 0x00, 0x00, 0x08, 0x01, 0xcc, 0x33, 0x00, 0x09,
  0x01, 0x66, 0x11, 0x11, 0x0a, 0x01, 0xdd, 0x77, 0x33, 0x0b, 0x01, 0xdd, 0x77, 0x33, 0x07, 0x02,
  0xaa, 0xbb, 0xdd, 0x09, 0x02, 0xff, 0xaa, 0x66, 0x0a, 0x02, 0x66, 0x11, 0x11, 0x0b, 0x02, 0x88,
  0x00, 0x00, 0x0c, 0x02, 0x88, 0x00, 0x00, 0x0d, 0x02, 0xee, 0xff, 0xff, 0x07, 0x03, 0xff, 0xdd,
  0xaa, 0x08, 0x03, 0xcc, 0x33, 0x00, 0x09, 0x03, 0x99, 0x33, 0x11, 0x0a, 0x03, 0xdd, 0x77, 0x33,
  0x0b, 0x03, 0x88, 0x00, 0x00, 0x0c, 0x03, 0xee, 0xff, 0xff, 0x0d, 0x03, 0xff, 0xdd, 0xaa, 0x0e,
  0x03, 0xdd, 0x77, 0x33, 0x07, 0x04, 0x99, 0x33, 0x11, 0x08, 0x04, 0x88, 0x00, 0x00, 0x09, 0x04,
  0xee, 0xff, 0xff, 0x0a, 0x04, 0xee, 0xff, 0xff, 0x0b, 0x04, 0xcc, 0x33, 0x00, 0x0c, 0x04, 0x77,
  0x88, 0xaa, 0x0d, 0x04, 0x99, 0x33, 0x11, 0x0e, 0x04, 0x99, 0x33, 0x11, 0x06, 0x05, 0xff, 0xaa,
  0x66, 0x07, 0x05, 0xdd, 0x77, 0x33, 0x08, 0x05, 0x88, 0x00, 0x00, 0x09, 0x05, 0xee, 0xff, 0xff,
  0x0a, 0x05, 0xee, 0xff, 0xff, 0x0b, 0x05, 0xff, 0xdd, 0xaa, 0x0c, 0x05, 0x88, 0x00, 0x00, 0x0d,
  0x05, 0xdd, 0x77, 0x33, 0x0e, 0x05, 0xdd, 0x77, 0x33, 0x05, 0x06, 0x00, 0x22, 0x44, 0x06, 0x06,
  0xdd, 0x77, 0x33, 0x07, 0x06, 0x66, 0x11, 0x11, 0x09, 0x06, 0xaa, 0xbb, 0xdd, 0x0a, 0x06, 0xaa,
  0xbb, 0xdd, 0x0b, 0x06, 0x66, 0x11, 0x11, 0x0c, 0x06, 0x11, 0x00, 0x11, 0x0d, 0x06, 0xdd, 0x77,
  0x33, 0x0e, 0x06, 0xdd, 0x77, 0x33, 0x05, 0x07, 0xff, 0xdd, 0xaa, 0x06, 0x07, 0x11, 0x00, 0x11,
  0x09, 0x07, 0x88, 0x00, 0x00, 0x0a, 0x07, 0x77, 0x88, 0xaa, 0x0b, 0x07, 0x88, 0x00, 0x00, 0x0c,
  0x07, 0xcc, 0x33, 0x00, 0x0e, 0x07, 0x66, 0x11, 0x11, 0x05, 0x08, 0x11, 0x00, 0x11, 0x09, 0x08,
  0x88, 0x00, 0x00, 0x0a, 0x08, 0xff, 0xaa, 0x33, 0x0b, 0x08, 0x22, 0x44, 0x66, 0x0c, 0x08, 0x11,
  0x00, 0x11, 0x09, 0x09, 0x22, 0x44, 0x66, 0x0a, 0x09, 0x00, 0x22, 0x44, 0x0b, 0x09, 0x00, 0x22,
  0x44, 0x0c, 0x09, 0x00, 0x22, 0x44, 0x09, 0x0a, 0x22, 0x44, 0x66, 0x0a, 0x0a, 0x22, 0x44, 0x66,
  0x0b, 0x0a, 0x77, 0x88, 0xaa, 0x0c, 0x0a, 0x44, 0x66, 0x88, 0x09, 0x0b, 0x22, 0x44, 0x66, 0x0a,
  0x0b, 0x77, 0x88, 0xaa, 0x0b, 0x0b, 0x44, 0x66, 0x88, 0x0c, 0x0b, 0x00, 0x22, 0x44, 0x09, 0x0c,
  0x77, 0x88, 0xaa, 0x0a, 0x0c, 0x44, 0x66, 0x88, 0x0b, 0x0c, 0x22, 0x44, 0x66, 0x09, 0x0d, 0x44,
  0x66, 0x88, 0x0a, 0x0d, 0x22, 0x44, 0x66, 0x0b, 0x0d, 0x11, 0x00, 0x11, 0x09, 0x0e, 0x11, 0x00,
  0x11, 0x0a, 0x0e, 0x22, 0x44, 0x66, 0x0b, 0x0e, 0x22, 0x44, 0x66, 0x09, 0x0f, 0x77, 0x88, 0xaa,
  0x0a, 0x0f, 0x00, 0x22, 0x44, 0x0b, 0x0f, 0x22, 0x44, 0x66, 0x09, 0x10, 0x22, 0x44, 0x66, 0x0a,
  0x10, 0x22, 0x44, 0x66, 0x0b, 0x10, 0x11, 0x00, 0x11, 0x0c, 0x10, 0x22, 0x44, 0x66, 0x09, 0x11,
  0x22, 0x44, 0x66, 0x0a, 0x11, 0x22, 0x44, 0x66, 0x0b, 0x11, 0x11, 0x00, 0x11, 0x0c, 0x11, 0x88,
  0x00, 0x00, 0x09, 0x12, 0x22, 0x44, 0x66, 0x0a, 0x12, 0x22, 0x44, 0x66, 0x0b, 0x12, 0x88, 0x00,
  0x00, 0x0c, 0x12, 0x11, 0x00, 0x11, 0x09, 0x13, 0x11, 0x00, 0x11, 0x0a, 0x13, 0x22, 0x44, 0x66,
  0x0b, 0x13, 0xee, 0xff, 0xff, 0x09, 0x14, 0x00, 0x22, 0x44, 0x0a, 0x14, 0x44, 0x66, 0x88, 0x09,
  0x15, 0x88, 0x00, 0x00, 0x0a, 0x15, 0xcc, 0x33, 0x00, 0x0b, 0x15, 0x11, 0x00, 0x11, 0x09, 0x16,
  0xaa, 0xbb, 0xdd, 0x0a, 0x16, 0x88, 0x00, 0x00
};
static const KofSprite kStance_terry_1 PROGMEM = {
  .w = 20, .h = 23, .pixelCount = 104,
  .pixels = kStance_terry_1Pixels, .fmt = 5,
};

// terry 帧 2: 20×23, 109 pixels
static const uint8_t kStance_terry_2Pixels[] PROGMEM = {
  0x09, 0x00, 0x88, 0x00, 0x00, 0x08, 0x01, 0x88, 0x00, 0x00, 0x09, 0x01, 0xff, 0xaa, 0x66, 0x0a,
  0x01, 0xff, 0xaa, 0x33, 0x08, 0x02, 0xff, 0xdd, 0xaa, 0x09, 0x02, 0x99, 0x33, 0x11, 0x0a, 0x02,
  0xdd, 0x77, 0x33, 0x0b, 0x02, 0xcc, 0x33, 0x00, 0x0c, 0x02, 0xee, 0xff, 0xff, 0x07, 0x03, 0x88,
  0x00, 0x00, 0x08, 0x03, 0xcc, 0x33, 0x00, 0x09, 0x03, 0xdd, 0x77, 0x33, 0x0a, 0x03, 0xaa, 0xbb,
  0xdd, 0x0b, 0x03, 0xcc, 0x33, 0x00, 0x0c, 0x03, 0xff, 0xdd, 0xaa, 0x0d, 0x03, 0x99, 0x33, 0x11,
  0x06, 0x04, 0xdd, 0x77, 0x33, 0x07, 0x04, 0xcc, 0x33, 0x00, 0x08, 0x04, 0x88, 0x00, 0x00, 0x09,
  0x04, 0xee, 0xff, 0xff, 0x0a, 0x04, 0xff, 0xdd, 0xaa, 0x0b, 0x04, 0xcc, 0x33, 0x00, 0x0c, 0x04,
  0xdd, 0x77, 0x33, 0x0d, 0x04, 0x99, 0x33, 0x11, 0x05, 0x05, 0x00, 0x22, 0x44, 0x06, 0x05, 0xdd,
  0x77, 0x33, 0x07, 0x05, 0x88, 0x00, 0x00, 0x08, 0x05, 0x77, 0x88, 0xaa, 0x09, 0x05, 0xaa, 0xbb,
  0xdd, 0x0a, 0x05, 0xaa, 0xbb, 0xdd, 0x0b, 0x05, 0x11, 0x00, 0x11, 0x0c, 0x05, 0xdd, 0x77, 0x33,
  0x0d, 0x05, 0xff, 0xdd, 0xaa, 0x05, 0x06, 0x99, 0x33, 0x11, 0x06, 0x06, 0x99, 0x33, 0x11, 0x07,
  0x06, 0x88, 0x00, 0x00, 0x08, 0x06, 0x77, 0x88, 0xaa, 0x09, 0x06, 0xaa, 0xbb, 0xdd, 0x0a, 0x06,
  0xaa, 0xbb, 0xdd, 0x0b, 0x06, 0x88, 0x00, 0x00, 0x0c, 0x06, 0x99, 0x33, 0x11, 0x0d, 0x06, 0xff,
  0xaa, 0x66, 0x08, 0x07, 0x88, 0x00, 0x00, 0x09, 0x07, 0x77, 0x88, 0xaa, 0x0a, 0x07, 0xaa, 0xbb,
  0xdd, 0x0b, 0x07, 0x88, 0x00, 0x00, 0x0c, 0x07, 0x88, 0x00, 0x00, 0x08, 0x08, 0x88, 0x00, 0x00,
  0x09, 0x08, 0x77, 0x88, 0xaa, 0x0a, 0x08, 0x22, 0x44, 0x66, 0x0b, 0x08, 0x22, 0x44, 0x66, 0x08,
  0x09, 0x22, 0x44, 0x66, 0x09, 0x09, 0x00, 0x22, 0x44, 0x0a, 0x09, 0x44, 0x66, 0x88, 0x0b, 0x09,
  0x22, 0x44, 0x66, 0x07, 0x0a, 0x44, 0x66, 0x88, 0x08, 0x0a, 0x77, 0x88, 0xaa, 0x09, 0x0a, 0x11,
  0x00, 0x11, 0x0a, 0x0a, 0x44, 0x66, 0x88, 0x0b, 0x0a, 0x44, 0x66, 0x88, 0x0c, 0x0a, 0x00, 0x22,
  0x44, 0x07, 0x0b, 0x77, 0x88, 0xaa, 0x08, 0x0b, 0x44, 0x66, 0x88, 0x09, 0x0b, 0x11, 0x00, 0x11,
  0x0a, 0x0b, 0x44, 0x66, 0x88, 0x0b, 0x0b, 0x44, 0x66, 0x88, 0x0c, 0x0b, 0x00, 0x22, 0x44, 0x06,
  0x0c, 0x22, 0x44, 0x66, 0x07, 0x0c, 0x44, 0x66, 0x88, 0x08, 0x0c, 0x11, 0x00, 0x11, 0x0a, 0x0c,
  0x44, 0x66, 0x88, 0x0b, 0x0c, 0x44, 0x66, 0x88, 0x06, 0x0d, 0x44, 0x66, 0x88, 0x07, 0x0d, 0x22,
  0x44, 0x66, 0x08, 0x0d, 0x11, 0x00, 0x11, 0x0a, 0x0d, 0x44, 0x66, 0x88, 0x0b, 0x0d, 0x22, 0x44,
  0x66, 0x05, 0x0e, 0x00, 0x22, 0x44, 0x06, 0x0e, 0x44, 0x66, 0x88, 0x07, 0x0e, 0x00, 0x22, 0x44,
  0x0a, 0x0e, 0x44, 0x66, 0x88, 0x0b, 0x0e, 0x44, 0x66, 0x88, 0x06, 0x0f, 0x22, 0x44, 0x66, 0x07,
  0x0f, 0x44, 0x66, 0x88, 0x0a, 0x0f, 0x44, 0x66, 0x88, 0x0b, 0x0f, 0x00, 0x22, 0x44, 0x0c, 0x0f,
  0x22, 0x44, 0x66, 0x07, 0x10, 0x22, 0x44, 0x66, 0x08, 0x10, 0x22, 0x44, 0x66, 0x0a, 0x10, 0x22,
  0x44, 0x66, 0x0b, 0x10, 0x22, 0x44, 0x66, 0x0c, 0x10, 0x22, 0x44, 0x66, 0x07, 0x11, 0x00, 0x22,
  0x44, 0x08, 0x11, 0x22, 0x44, 0x66, 0x0a, 0x11, 0x00, 0x22, 0x44, 0x0b, 0x11, 0x22, 0x44, 0x66,
  0x0c, 0x11, 0x22, 0x44, 0x66, 0x08, 0x12, 0x88, 0x00, 0x00, 0x09, 0x12, 0x11, 0x00, 0x11, 0x0b,
  0x12, 0x44, 0x66, 0x88, 0x0c, 0x12, 0x00, 0x22, 0x44, 0x08, 0x13, 0xcc, 0x33, 0x00, 0x0b, 0x13,
  0x44, 0x66, 0x88, 0x0c, 0x13, 0x00, 0x22, 0x44, 0x07, 0x14, 0xee, 0xff, 0xff, 0x0b, 0x14, 0x11,
  0x00, 0x11, 0x0c, 0x14, 0x11, 0x00, 0x11, 0x0b, 0x15, 0xcc, 0x33, 0x00, 0x0b, 0x16, 0xee, 0xff,
  0xff
};
static const KofSprite kStance_terry_2 PROGMEM = {
  .w = 20, .h = 23, .pixelCount = 109,
  .pixels = kStance_terry_2Pixels, .fmt = 5,
};

// terry 帧 3: 20×23, 124 pixels
static const uint8_t kStance_terry_3Pixels[] PROGMEM = {
  0x09, 0x00, 0xcc, 0x33, 0x00, 0x0a, 0x00, 0x11, 0x00, 0x11, 0x08, 0x01, 0xcc, 0x33, 0x00, 0x09,
  0x01, 0x77, 0x88, 0xaa, 0x0a, 0x01, 0xff, 0xaa, 0x33, 0x0b, 0x01, 0x00, 0x22, 0x44, 0x0c, 0x01,
  0xff, 0xdd, 0xaa, 0x07, 0x02, 0xee, 0xff, 0xff, 0x09, 0x02, 0xff, 0xaa, 0x66, 0x0a, 0x02, 0xdd,
  0x77, 0x33, 0x0b, 0x02, 0x88, 0x00, 0x00, 0x0c, 0x02, 0x11, 0x00, 0x11, 0x0e, 0x02, 0xee, 0xff,
  0xff, 0x07, 0x03, 0xee, 0xff, 0xff, 0x08, 0x03, 0xff, 0xaa, 0x33, 0x09, 0x03, 0x88, 0x00, 0x00,
  0x0a, 0x03, 0x99, 0x33, 0x11, 0x0b, 0x03, 0xff, 0xaa, 0x66, 0x0c, 0x03, 0xff, 0xaa, 0x66, 0x0d,
  0x03, 0xff, 0xdd, 0xaa, 0x0e, 0x03, 0xdd, 0x77, 0x33, 0x07, 0x04, 0x99, 0x33, 0x11, 0x08, 0x04,
  0xcc, 0x33, 0x00, 0x09, 0x04, 0xee, 0xff, 0xff, 0x0a, 0x04, 0xee, 0xff, 0xff, 0x0b, 0x04, 0x66,
  0x11, 0x11, 0x0c, 0x04, 0x00, 0x22, 0x44, 0x0d, 0x04, 0xff, 0xdd, 0xaa, 0x0e, 0x04, 0x99, 0x33,
  0x11, 0x05, 0x05, 0x22, 0x44, 0x66, 0x06, 0x05, 0xff, 0xdd, 0xaa, 0x07, 0x05, 0xdd, 0x77, 0x33,
  0x08, 0x05, 0xcc, 0x33, 0x00, 0x09, 0x05, 0xee, 0xff, 0xff, 0x0a, 0x05, 0xee, 0xff, 0xff, 0x0b,
  0x05, 0x88, 0x00, 0x00, 0x0c, 0x05, 0x11, 0x00, 0x11, 0x0d, 0x05, 0xff, 0xdd, 0xaa, 0x0e, 0x05,
  0xdd, 0x77, 0x33, 0x05, 0x06, 0x11, 0x00, 0x11, 0x06, 0x06, 0x66, 0x11, 0x11, 0x07, 0x06, 0x66,
  0x11, 0x11, 0x08, 0x06, 0x88, 0x00, 0x00, 0x09, 0x06, 0x77, 0x88, 0xaa, 0x0a, 0x06, 0xaa, 0xbb,
  0xdd, 0x0b, 0x06, 0x77, 0x88, 0xaa, 0x0c, 0x06, 0xcc, 0x33, 0x00, 0x0d, 0x06, 0x99, 0x33, 0x11,
  0x0e, 0x06, 0x99, 0x33, 0x11, 0x06, 0x07, 0x99, 0x33, 0x11, 0x08, 0x07, 0x11, 0x00, 0x11, 0x09,
  0x07, 0x11, 0x00, 0x11, 0x0a, 0x07, 0xee, 0xff, 0xff, 0x0b, 0x07, 0xaa, 0xbb, 0xdd, 0x0c, 0x07,
  0xcc, 0x33, 0x00, 0x0d, 0x07, 0x88, 0x00, 0x00, 0x08, 0x08, 0x88, 0x00, 0x00, 0x09, 0x08, 0x11,
  0x00, 0x11, 0x0a, 0x08, 0xdd, 0x77, 0x33, 0x0b, 0x08, 0x22, 0x44, 0x66, 0x0c, 0x08, 0x11, 0x00,
  0x11, 0x09, 0x09, 0x44, 0x66, 0x88, 0x0a, 0x09, 0x00, 0x22, 0x44, 0x0b, 0x09, 0x00, 0x22, 0x44,
  0x0c, 0x09, 0x22, 0x44, 0x66, 0x08, 0x0a, 0x44, 0x66, 0x88, 0x09, 0x0a, 0x22, 0x44, 0x66, 0x0a,
  0x0a, 0x22, 0x44, 0x66, 0x0b, 0x0a, 0x44, 0x66, 0x88, 0x0c, 0x0a, 0x44, 0x66, 0x88, 0x07, 0x0b,
  0x44, 0x66, 0x88, 0x08, 0x0b, 0x77, 0x88, 0xaa, 0x09, 0x0b, 0x22, 0x44, 0x66, 0x0a, 0x0b, 0x11,
  0x00, 0x11, 0x0b, 0x0b, 0x44, 0x66, 0x88, 0x0c, 0x0b, 0x77, 0x88, 0xaa, 0x07, 0x0c, 0x77, 0x88,
  0xaa, 0x08, 0x0c, 0x44, 0x66, 0x88, 0x09, 0x0c, 0x11, 0x00, 0x11, 0x0b, 0x0c, 0x44, 0x66, 0x88,
  0x0c, 0x0c, 0x77, 0x88, 0xaa, 0x06, 0x0d, 0x22, 0x44, 0x66, 0x07, 0x0d, 0x44, 0x66, 0x88, 0x08,
  0x0d, 0x11, 0x00, 0x11, 0x09, 0x0d, 0x11, 0x00, 0x11, 0x0b, 0x0d, 0x22, 0x44, 0x66, 0x0c, 0x0d,
  0x77, 0x88, 0xaa, 0x0d, 0x0d, 0x00, 0x22, 0x44, 0x06, 0x0e, 0x22, 0x44, 0x66, 0x07, 0x0e, 0x11,
  0x00, 0x11, 0x0b, 0x0e, 0x22, 0x44, 0x66, 0x0c, 0x0e, 0x77, 0x88, 0xaa, 0x0d, 0x0e, 0x00, 0x22,
  0x44, 0x06, 0x0f, 0x00, 0x22, 0x44, 0x07, 0x0f, 0x22, 0x44, 0x66, 0x08, 0x0f, 0x22, 0x44, 0x66,
  0x0b, 0x0f, 0x22, 0x44, 0x66, 0x0c, 0x0f, 0x77, 0x88, 0xaa, 0x0d, 0x0f, 0x22, 0x44, 0x66, 0x06,
  0x10, 0x00, 0x22, 0x44, 0x07, 0x10, 0x22, 0x44, 0x66, 0x08, 0x10, 0x00, 0x22, 0x44, 0x0c, 0x10,
  0x22, 0x44, 0x66, 0x0d, 0x10, 0x22, 0x44, 0x66, 0x07, 0x11, 0x44, 0x66, 0x88, 0x08, 0x11, 0x11,
  0x00, 0x11, 0x0c, 0x11, 0x22, 0x44, 0x66, 0x0d, 0x11, 0x22, 0x44, 0x66, 0x07, 0x12, 0x44, 0x66,
  0x88, 0x08, 0x12, 0x11, 0x00, 0x11, 0x0c, 0x12, 0x00, 0x22, 0x44, 0x0d, 0x12, 0x22, 0x44, 0x66,
  0x07, 0x13, 0x00, 0x22, 0x44, 0x08, 0x13, 0x22, 0x44, 0x66, 0x0c, 0x13, 0x11, 0x00, 0x11, 0x0d,
  0x13, 0x22, 0x44, 0x66, 0x07, 0x14, 0x88, 0x00, 0x00, 0x08, 0x14, 0xcc, 0x33, 0x00, 0x0d, 0x14,
  0x44, 0x66, 0x88, 0x0e, 0x14, 0x11, 0x00, 0x11, 0x06, 0x15, 0xee, 0xff, 0xff, 0x07, 0x15, 0x77,
  0x88, 0xaa, 0x0d, 0x15, 0x77, 0x88, 0xaa, 0x0d, 0x16, 0xaa, 0xbb, 0xdd
};
static const KofSprite kStance_terry_3 PROGMEM = {
  .w = 20, .h = 23, .pixelCount = 124,
  .pixels = kStance_terry_3Pixels, .fmt = 5,
};

// terry 帧 4: 20×23, 128 pixels
static const uint8_t kStance_terry_4Pixels[] PROGMEM = {
  0x08, 0x00, 0xcc, 0x33, 0x00, 0x09, 0x00, 0x88, 0x00, 0x00, 0x07, 0x01, 0xcc, 0x33, 0x00, 0x08,
  0x01, 0x66, 0x11, 0x11, 0x09, 0x01, 0xdd, 0x77, 0x33, 0x0a, 0x01, 0xdd, 0x77, 0x33, 0x0b, 0x01,
  0xff, 0xaa, 0x33, 0x06, 0x02, 0xaa, 0xbb, 0xdd, 0x08, 0x02, 0xff, 0xaa, 0x66, 0x09, 0x02, 0x66,
  0x11, 0x11, 0x0a, 0x02, 0xcc, 0x33, 0x00, 0x0b, 0x02, 0x88, 0x00, 0x00, 0x07, 0x03, 0x88, 0x00,
  0x00, 0x08, 0x03, 0x66, 0x11, 0x11, 0x09, 0x03, 0x66, 0x11, 0x11, 0x0a, 0x03, 0xff, 0xaa, 0x66,
  0x0b, 0x03, 0xcc, 0x33, 0x00, 0x0c, 0x03, 0xff, 0xaa, 0x66, 0x0d, 0x03, 0xff, 0xaa, 0x66, 0x06,
  0x04, 0x99, 0x33, 0x11, 0x07, 0x04, 0xcc, 0x33, 0x00, 0x08, 0x04, 0xee, 0xff, 0xff, 0x09, 0x04,
  0xee, 0xff, 0xff, 0x0a, 0x04, 0x99, 0x33, 0x11, 0x0b, 0x04, 0x99, 0x33, 0x11, 0x0c, 0x04, 0xff,
  0xaa, 0x66, 0x0d, 0x04, 0xdd, 0x77, 0x33, 0x05, 0x05, 0xff, 0xaa, 0x66, 0x06, 0x05, 0xff, 0xaa,
  0x66, 0x07, 0x05, 0x88, 0x00, 0x00, 0x08, 0x05, 0xee, 0xff, 0xff, 0x09, 0x05, 0xee, 0xff, 0xff,
  0x0a, 0x05, 0xaa, 0xbb, 0xdd, 0x0b, 0x05, 0x00, 0x22, 0x44, 0x0c, 0x05, 0xff, 0xdd, 0xaa, 0x0d,
  0x05, 0xdd, 0x77, 0x33, 0x04, 0x06, 0x22, 0x44, 0x66, 0x05, 0x06, 0xff, 0xdd, 0xaa, 0x06, 0x06,
  0x99, 0x33, 0x11, 0x07, 0x06, 0x88, 0x00, 0x00, 0x08, 0x06, 0x77, 0x88, 0xaa, 0x09, 0x06, 0xaa,
  0xbb, 0xdd, 0x0a, 0x06, 0x77, 0x88, 0xaa, 0x0b, 0x06, 0x88, 0x00, 0x00, 0x0c, 0x06, 0x99, 0x33,
  0x11, 0x0d, 0x06, 0xff, 0xaa, 0x66, 0x04, 0x07, 0x99, 0x33, 0x11, 0x05, 0x07, 0x11, 0x00, 0x11,
  0x06, 0x07, 0x66, 0x11, 0x11, 0x07, 0x07, 0x88, 0x00, 0x00, 0x08, 0x07, 0x77, 0x88, 0xaa, 0x09,
  0x07, 0xaa, 0xbb, 0xdd, 0x0a, 0x07, 0x77, 0x88, 0xaa, 0x0b, 0x07, 0xcc, 0x33, 0x00, 0x0c, 0x07,
  0x66, 0x11, 0x11, 0x0d, 0x07, 0x99, 0x33, 0x11, 0x09, 0x08, 0xff, 0xaa, 0x33, 0x0a, 0x08, 0x11,
  0x00, 0x11, 0x0b, 0x08, 0xcc, 0x33, 0x00, 0x08, 0x09, 0x22, 0x44, 0x66, 0x09, 0x09, 0x22, 0x44,
  0x66, 0x0a, 0x09, 0x22, 0x44, 0x66, 0x0b, 0x09, 0x11, 0x00, 0x11, 0x0c, 0x09, 0x11, 0x00, 0x11,
  0x07, 0x0a, 0x44, 0x66, 0x88, 0x08, 0x0a, 0x00, 0x22, 0x44, 0x09, 0x0a, 0x77, 0x88, 0xaa, 0x0a,
  0x0a, 0x44, 0x66, 0x88, 0x0b, 0x0a, 0x44, 0x66, 0x88, 0x0c, 0x0a, 0x11, 0x00, 0x11, 0x07, 0x0b,
  0x77, 0x88, 0xaa, 0x08, 0x0b, 0x44, 0x66, 0x88, 0x09, 0x0b, 0x11, 0x00, 0x11, 0x0a, 0x0b, 0x22,
  0x44, 0x66, 0x0b, 0x0b, 0x77, 0x88, 0xaa, 0x0c, 0x0b, 0x22, 0x44, 0x66, 0x06, 0x0c, 0x44, 0x66,
  0x88, 0x07, 0x0c, 0x44, 0x66, 0x88, 0x08, 0x0c, 0x22, 0x44, 0x66, 0x0a, 0x0c, 0x22, 0x44, 0x66,
  0x0b, 0x0c, 0x77, 0x88, 0xaa, 0x0c, 0x0c, 0x22, 0x44, 0x66, 0x05, 0x0d, 0x44, 0x66, 0x88, 0x06,
  0x0d, 0x77, 0x88, 0xaa, 0x07, 0x0d, 0x11, 0x00, 0x11, 0x08, 0x0d, 0x11, 0x00, 0x11, 0x0b, 0x0d,
  0x77, 0x88, 0xaa, 0x0c, 0x0d, 0x22, 0x44, 0x66, 0x05, 0x0e, 0x77, 0x88, 0xaa, 0x06, 0x0e, 0x22,
  0x44, 0x66, 0x07, 0x0e, 0x11, 0x00, 0x11, 0x0b, 0x0e, 0x77, 0x88, 0xaa, 0x0c, 0x0e, 0x22, 0x44,
  0x66, 0x05, 0x0f, 0x00, 0x22, 0x44, 0x06, 0x0f, 0x00, 0x22, 0x44, 0x0b, 0x0f, 0x77, 0x88, 0xaa,
  0x0c, 0x0f, 0x44, 0x66, 0x88, 0x05, 0x10, 0x22, 0x44, 0x66, 0x06, 0x10, 0x22, 0x44, 0x66, 0x0b,
  0x10, 0x22, 0x44, 0x66, 0x0c, 0x10, 0x11, 0x00, 0x11, 0x0d, 0x10, 0x11, 0x00, 0x11, 0x05, 0x11,
  0x44, 0x66, 0x88, 0x06, 0x11, 0x11, 0x00, 0x11, 0x0b, 0x11, 0x00, 0x22, 0x44, 0x0c, 0x11, 0x22,
  0x44, 0x66, 0x0d, 0x11, 0x22, 0x44, 0x66, 0x04, 0x12, 0x22, 0x44, 0x66, 0x05, 0x12, 0x44, 0x66,
  0x88, 0x06, 0x12, 0x11, 0x00, 0x11, 0x0c, 0x12, 0x22, 0x44, 0x66, 0x0d, 0x12, 0x44, 0x66, 0x88,
  0x04, 0x13, 0x44, 0x66, 0x88, 0x05, 0x13, 0x44, 0x66, 0x88, 0x06, 0x13, 0x11, 0x00, 0x11, 0x0c,
  0x13, 0x11, 0x00, 0x11, 0x0d, 0x13, 0x22, 0x44, 0x66, 0x05, 0x14, 0x88, 0x00, 0x00, 0x06, 0x14,
  0x11, 0x00, 0x11, 0x0d, 0x14, 0x22, 0x44, 0x66, 0x0e, 0x14, 0x22, 0x44, 0x66, 0x04, 0x15, 0xee,
  0xff, 0xff, 0x05, 0x15, 0x88, 0x00, 0x00, 0x06, 0x15, 0x88, 0x00, 0x00, 0x0d, 0x15, 0x88, 0x00,
  0x00, 0x0e, 0x15, 0x11, 0x00, 0x11, 0x0d, 0x16, 0xaa, 0xbb, 0xdd, 0x0e, 0x16, 0x88, 0x00, 0x00
};
static const KofSprite kStance_terry_4 PROGMEM = {
  .w = 20, .h = 23, .pixelCount = 128,
  .pixels = kStance_terry_4Pixels, .fmt = 5,
};

// terry 帧 5: 20×23, 132 pixels
static const uint8_t kStance_terry_5Pixels[] PROGMEM = {
  0x0a, 0x00, 0xcc, 0x33, 0x00, 0x0b, 0x00, 0x88, 0x00, 0x00, 0x09, 0x01, 0xcc, 0x33, 0x00, 0x0a,
  0x01, 0x66, 0x11, 0x11, 0x0b, 0x01, 0xdd, 0x77, 0x33, 0x0c, 0x01, 0xdd, 0x77, 0x33, 0x08, 0x02,
  0xaa, 0xbb, 0xdd, 0x0a, 0x02, 0xff, 0xaa, 0x66, 0x0b, 0x02, 0x66, 0x11, 0x11, 0x0c, 0x02, 0x66,
  0x11, 0x11, 0x09, 0x03, 0x88, 0x00, 0x00, 0x0a, 0x03, 0x66, 0x11, 0x11, 0x0b, 0x03, 0x66, 0x11,
  0x11, 0x0c, 0x03, 0xcc, 0x33, 0x00, 0x0d, 0x03, 0xcc, 0x33, 0x00, 0x0e, 0x03, 0xaa, 0xbb, 0xdd,
  0x06, 0x04, 0x00, 0x22, 0x44, 0x07, 0x04, 0xff, 0xaa, 0x33, 0x08, 0x04, 0xff, 0xaa, 0x33, 0x09,
  0x04, 0x11, 0x00, 0x11, 0x0a, 0x04, 0xdd, 0x77, 0x33, 0x0b, 0x04, 0x00, 0x22, 0x44, 0x0c, 0x04,
  0xcc, 0x33, 0x00, 0x0d, 0x04, 0xff, 0xaa, 0x66, 0x0e, 0x04, 0xff, 0xaa, 0x66, 0x05, 0x05, 0x11,
  0x00, 0x11, 0x06, 0x05, 0x11, 0x00, 0x11, 0x07, 0x05, 0x11, 0x00, 0x11, 0x08, 0x05, 0xff, 0xdd,
  0xaa, 0x09, 0x05, 0xee, 0xff, 0xff, 0x0a, 0x05, 0x11, 0x00, 0x11, 0x0b, 0x05, 0x22, 0x44, 0x66,
  0x0c, 0x05, 0xcc, 0x33, 0x00, 0x0d, 0x05, 0xff, 0xdd, 0xaa, 0x0e, 0x05, 0x99, 0x33, 0x11, 0x06,
  0x06, 0x00, 0x22, 0x44, 0x07, 0x06, 0xff, 0xdd, 0xaa, 0x08, 0x06, 0x99, 0x33, 0x11, 0x09, 0x06,
  0xaa, 0xbb, 0xdd, 0x0a, 0x06, 0xaa, 0xbb, 0xdd, 0x0b, 0x06, 0xdd, 0x77, 0x33, 0x0c, 0x06, 0xff,
  0xdd, 0xaa, 0x0d, 0x06, 0xdd, 0x77, 0x33, 0x0e, 0x06, 0x66, 0x11, 0x11, 0x06, 0x07, 0x99, 0x33,
  0x11, 0x07, 0x07, 0x99, 0x33, 0x11, 0x09, 0x07, 0xaa, 0xbb, 0xdd, 0x0a, 0x07, 0x77, 0x88, 0xaa,
  0x0b, 0x07, 0x99, 0x33, 0x11, 0x0c, 0x07, 0xdd, 0x77, 0x33, 0x0d, 0x07, 0xdd, 0x77, 0x33, 0x08,
  0x08, 0x88, 0x00, 0x00, 0x09, 0x08, 0x77, 0x88, 0xaa, 0x0a, 0x08, 0xaa, 0xbb, 0xdd, 0x0b, 0x08,
  0xee, 0xff, 0xff, 0x0c, 0x08, 0xdd, 0x77, 0x33, 0x0d, 0x08, 0x66, 0x11, 0x11, 0x09, 0x09, 0x00,
  0x22, 0x44, 0x0a, 0x09, 0x11, 0x00, 0x11, 0x0b, 0x09, 0x22, 0x44, 0x66, 0x0c, 0x09, 0x00, 0x22,
  0x44, 0x0d, 0x09, 0x00, 0x22, 0x44, 0x09, 0x0a, 0x44, 0x66, 0x88, 0x0a, 0x0a, 0x00, 0x22, 0x44,
  0x0b, 0x0a, 0x44, 0x66, 0x88, 0x0c, 0x0a, 0x22, 0x44, 0x66, 0x0d, 0x0a, 0x00, 0x22, 0x44, 0x08,
  0x0b, 0x77, 0x88, 0xaa, 0x09, 0x0b, 0x44, 0x66, 0x88, 0x0a, 0x0b, 0x00, 0x22, 0x44, 0x0b, 0x0b,
  0x77, 0x88, 0xaa, 0x0c, 0x0b, 0x44, 0x66, 0x88, 0x0d, 0x0b, 0x11, 0x00, 0x11, 0x07, 0x0c, 0x77,
  0x88, 0xaa, 0x08, 0x0c, 0x77, 0x88, 0xaa, 0x09, 0x0c, 0x22, 0x44, 0x66, 0x0a, 0x0c, 0x11, 0x00,
  0x11, 0x0b, 0x0c, 0x44, 0x66, 0x88, 0x0c, 0x0c, 0x44, 0x66, 0x88, 0x0d, 0x0c, 0x00, 0x22, 0x44,
  0x06, 0x0d, 0x44, 0x66, 0x88, 0x07, 0x0d, 0x77, 0x88, 0xaa, 0x08, 0x0d, 0x44, 0x66, 0x88, 0x09,
  0x0d, 0x00, 0x22, 0x44, 0x0b, 0x0d, 0x44, 0x66, 0x88, 0x0c, 0x0d, 0x77, 0x88, 0xaa, 0x0d, 0x0d,
  0x22, 0x44, 0x66, 0x05, 0x0e, 0x44, 0x66, 0x88, 0x06, 0x0e, 0x77, 0x88, 0xaa, 0x07, 0x0e, 0x22,
  0x44, 0x66, 0x08, 0x0e, 0x00, 0x22, 0x44, 0x0b, 0x0e, 0x44, 0x66, 0x88, 0x0c, 0x0e, 0x77, 0x88,
  0xaa, 0x0d, 0x0e, 0x22, 0x44, 0x66, 0x05, 0x0f, 0x22, 0x44, 0x66, 0x06, 0x0f, 0x00, 0x22, 0x44,
  0x07, 0x0f, 0x11, 0x00, 0x11, 0x0b, 0x0f, 0x22, 0x44, 0x66, 0x0c, 0x0f, 0x77, 0x88, 0xaa, 0x0d,
  0x0f, 0x22, 0x44, 0x66, 0x05, 0x10, 0x44, 0x66, 0x88, 0x06, 0x10, 0x22, 0x44, 0x66, 0x07, 0x10,
  0x00, 0x22, 0x44, 0x0b, 0x10, 0x22, 0x44, 0x66, 0x0c, 0x10, 0x77, 0x88, 0xaa, 0x0d, 0x10, 0x00,
  0x22, 0x44, 0x05, 0x11, 0x77, 0x88, 0xaa, 0x06, 0x11, 0x77, 0x88, 0xaa, 0x07, 0x11, 0x11, 0x00,
  0x11, 0x0c, 0x11, 0x22, 0x44, 0x66, 0x0d, 0x11, 0x22, 0x44, 0x66, 0x05, 0x12, 0x44, 0x66, 0x88,
  0x06, 0x12, 0x00, 0x22, 0x44, 0x0d, 0x12, 0x22, 0x44, 0x66, 0x0e, 0x12, 0x44, 0x66, 0x88, 0x05,
  0x13, 0x44, 0x66, 0x88, 0x06, 0x13, 0x00, 0x22, 0x44, 0x0d, 0x13, 0x11, 0x00, 0x11, 0x0e, 0x13,
  0x22, 0x44, 0x66, 0x05, 0x14, 0x00, 0x22, 0x44, 0x06, 0x14, 0x22, 0x44, 0x66, 0x0e, 0x14, 0x22,
  0x44, 0x66, 0x0f, 0x14, 0x44, 0x66, 0x88, 0x05, 0x15, 0x88, 0x00, 0x00, 0x06, 0x15, 0x11, 0x00,
  0x11, 0x0e, 0x15, 0x11, 0x00, 0x11, 0x0f, 0x15, 0xaa, 0xbb, 0xdd, 0x03, 0x16, 0xaa, 0xbb, 0xdd,
  0x04, 0x16, 0x77, 0x88, 0xaa, 0x05, 0x16, 0xaa, 0xbb, 0xdd, 0x06, 0x16, 0x77, 0x88, 0xaa, 0x0f,
  0x16, 0xee, 0xff, 0xff
};
static const KofSprite kStance_terry_5 PROGMEM = {
  .w = 20, .h = 23, .pixelCount = 132,
  .pixels = kStance_terry_5Pixels, .fmt = 5,
};

static const KofSprite* const kStance_terry_Frames[] PROGMEM = {
  &kStance_terry_0,
  &kStance_terry_1,
  &kStance_terry_2,
  &kStance_terry_3,
  &kStance_terry_4,
  &kStance_terry_5
};
static const KofStanceSet kStance_terry PROGMEM = {
  .frameCount = 6,
  .frames = kStance_terry_Frames,
};

// andy 帧 0: 20×23, 141 pixels
static const uint8_t kStance_andy_0Pixels[] PROGMEM = {
  0x09, 0x00, 0xff, 0xee, 0x99, 0x0a, 0x00, 0xdd, 0xbb, 0x55, 0x0b, 0x00, 0xdd, 0xbb, 0x55, 0x09,
  0x01, 0xff, 0xee, 0x99, 0x0a, 0x01, 0xdd, 0x77, 0x33, 0x0b, 0x01, 0x99, 0x77, 0x11, 0x0c, 0x01,
  0xff, 0xee, 0x99, 0x09, 0x02, 0xff, 0xee, 0x99, 0x0a, 0x02, 0xdd, 0x77, 0x33, 0x0b, 0x02, 0x99,
  0x33, 0x00, 0x0c, 0x02, 0xdd, 0xbb, 0x55, 0x0d, 0x02, 0xff, 0xee, 0x99, 0x05, 0x03, 0xdd, 0x77,
  0x33, 0x06, 0x03, 0xff, 0xaa, 0x66, 0x07, 0x03, 0xdd, 0x77, 0x33, 0x0a, 0x03, 0xff, 0xaa, 0x66,
  0x0b, 0x03, 0xff, 0xaa, 0x66, 0x0c, 0x03, 0x22, 0x00, 0x00, 0x0d, 0x03, 0x99, 0x77, 0x11, 0x0e,
  0x03, 0xdd, 0xbb, 0x55, 0x03, 0x04, 0xff, 0xee, 0x99, 0x06, 0x04, 0x66, 0x00, 0x11, 0x07, 0x04,
  0xdd, 0x77, 0x33, 0x08, 0x04, 0x66, 0x00, 0x11, 0x09, 0x04, 0xdd, 0x77, 0x33, 0x0a, 0x04, 0xdd,
  0x77, 0x33, 0x0b, 0x04, 0xdd, 0x77, 0x33, 0x0c, 0x04, 0x99, 0x33, 0x00, 0x0d, 0x04, 0xdd, 0xbb,
  0x55, 0x0e, 0x04, 0xff, 0xee, 0x99, 0x0f, 0x04, 0xff, 0xee, 0x99, 0x03, 0x05, 0x66, 0x00, 0x11,
  0x04, 0x05, 0xaa, 0x00, 0x00, 0x08, 0x05, 0x66, 0x00, 0x11, 0x09, 0x05, 0xff, 0xaa, 0x66, 0x0a,
  0x05, 0xdd, 0x77, 0x33, 0x0b, 0x05, 0xdd, 0x77, 0x33, 0x0c, 0x05, 0x22, 0x00, 0x00, 0x0d, 0x05,
  0xcc, 0xbb, 0x77, 0x0e, 0x05, 0x99, 0x77, 0x11, 0x0f, 0x05, 0xdd, 0xbb, 0x55, 0x04, 0x06, 0x22,
  0x00, 0x00, 0x05, 0x06, 0x66, 0x00, 0x11, 0x06, 0x06, 0x66, 0x00, 0x11, 0x07, 0x06, 0xdd, 0x77,
  0x33, 0x08, 0x06, 0xdd, 0x77, 0x33, 0x09, 0x06, 0xdd, 0x77, 0x33, 0x0a, 0x06, 0x99, 0x33, 0x00,
  0x0b, 0x06, 0xcc, 0xbb, 0x77, 0x0c, 0x06, 0x88, 0x88, 0x66, 0x0d, 0x06, 0x22, 0x00, 0x00, 0x0e,
  0x06, 0xcc, 0xbb, 0x77, 0x0f, 0x06, 0x99, 0x77, 0x11, 0x07, 0x07, 0x99, 0x33, 0x00, 0x08, 0x07,
  0x66, 0x00, 0x11, 0x09, 0x07, 0x66, 0x00, 0x11, 0x0c, 0x07, 0xcc, 0xbb, 0x77, 0x0d, 0x07, 0x22,
  0x00, 0x00, 0x0e, 0x07, 0x88, 0x88, 0x66, 0x0f, 0x07, 0xcc, 0xbb, 0x77, 0x0d, 0x08, 0x22, 0x00,
  0x00, 0x0e, 0x08, 0x66, 0x00, 0x11, 0x0f, 0x08, 0x22, 0x00, 0x00, 0x0c, 0x09, 0xcc, 0xbb, 0x77,
  0x0d, 0x09, 0xff, 0xff, 0xee, 0x0e, 0x09, 0xff, 0xee, 0xbb, 0x0f, 0x09, 0xff, 0xee, 0xbb, 0x0b,
  0x0a, 0xaa, 0x00, 0x00, 0x0c, 0x0a, 0xaa, 0x00, 0x00, 0x0d, 0x0a, 0x88, 0x88, 0x66, 0x0e, 0x0a,
  0xff, 0xee, 0xbb, 0x0f, 0x0a, 0xaa, 0x00, 0x00, 0x0a, 0x0b, 0xcc, 0xbb, 0x77, 0x0b, 0x0b, 0xff,
  0xee, 0xbb, 0x0c, 0x0b, 0x66, 0x00, 0x11, 0x0d, 0x0b, 0xff, 0xff, 0xee, 0x0e, 0x0b, 0xff, 0xee,
  0xbb, 0x0f, 0x0b, 0xaa, 0x00, 0x00, 0x0a, 0x0c, 0xff, 0xff, 0xee, 0x0b, 0x0c, 0xff, 0xee, 0xbb,
  0x0c, 0x0c, 0xaa, 0x00, 0x00, 0x0d, 0x0c, 0xaa, 0x00, 0x00, 0x0e, 0x0c, 0xcc, 0xbb, 0x77, 0x0f,
  0x0c, 0xaa, 0x00, 0x00, 0x07, 0x0d, 0x66, 0x00, 0x11, 0x09, 0x0d, 0xff, 0xee, 0xbb, 0x0a, 0x0d,
  0xff, 0xff, 0xee, 0x0b, 0x0d, 0xcc, 0xbb, 0x77, 0x0c, 0x0d, 0xaa, 0x00, 0x00, 0x0d, 0x0d, 0xff,
  0xee, 0xbb, 0x0e, 0x0d, 0xcc, 0xbb, 0x77, 0x0f, 0x0d, 0x33, 0x44, 0x33, 0x07, 0x0e, 0x22, 0x00,
  0x00, 0x08, 0x0e, 0xaa, 0x00, 0x00, 0x09, 0x0e, 0xcc, 0xbb, 0x77, 0x0a, 0x0e, 0x88, 0x88, 0x66,
  0x0b, 0x0e, 0x33, 0x44, 0x33, 0x0c, 0x0e, 0xcc, 0xbb, 0x77, 0x0d, 0x0e, 0xff, 0xee, 0xbb, 0x0e,
  0x0e, 0x88, 0x88, 0x66, 0x08, 0x0f, 0x22, 0x00, 0x00, 0x09, 0x0f, 0xcc, 0xbb, 0x77, 0x0a, 0x0f,
  0x88, 0x88, 0x66, 0x0c, 0x0f, 0xff, 0xee, 0xbb, 0x0d, 0x0f, 0xcc, 0xbb, 0x77, 0x0e, 0x0f, 0x33,
  0x44, 0x33, 0x08, 0x10, 0x66, 0x00, 0x11, 0x09, 0x10, 0xaa, 0x00, 0x00, 0x0a, 0x10, 0x22, 0x00,
  0x00, 0x0c, 0x10, 0xff, 0xff, 0xee, 0x0d, 0x10, 0xcc, 0xbb, 0x77, 0x0e, 0x10, 0x33, 0x44, 0x33,
  0x08, 0x11, 0x66, 0x00, 0x11, 0x09, 0x11, 0x22, 0x00, 0x00, 0x0b, 0x11, 0x66, 0x00, 0x11, 0x0c,
  0x11, 0xaa, 0x00, 0x00, 0x0d, 0x11, 0x66, 0x00, 0x11, 0x0e, 0x11, 0x22, 0x00, 0x00, 0x08, 0x12,
  0x66, 0x00, 0x11, 0x09, 0x12, 0x22, 0x00, 0x00, 0x0d, 0x12, 0x66, 0x00, 0x11, 0x0e, 0x12, 0x66,
  0x00, 0x11, 0x0f, 0x12, 0x66, 0x00, 0x11, 0x08, 0x13, 0x66, 0x00, 0x11, 0x09, 0x13, 0xff, 0xee,
  0xbb, 0x0e, 0x13, 0x22, 0x00, 0x00, 0x0f, 0x13, 0x22, 0x00, 0x00, 0x08, 0x14, 0x22, 0x00, 0x00,
  0x09, 0x14, 0x22, 0x00, 0x00, 0x0e, 0x14, 0x22, 0x00, 0x00, 0x0f, 0x14, 0x22, 0x00, 0x00, 0x07,
  0x15, 0x66, 0x00, 0x11, 0x08, 0x15, 0x22, 0x00, 0x00, 0x09, 0x15, 0x22, 0x00, 0x00, 0x0f, 0x15,
  0xaa, 0x00, 0x00, 0x05, 0x16, 0x22, 0x00, 0x00, 0x06, 0x16, 0xaa, 0x00, 0x00, 0x07, 0x16, 0x22,
  0x00, 0x00, 0x08, 0x16, 0x99, 0x33, 0x00, 0x09, 0x16, 0x22, 0x00, 0x00, 0x0f, 0x16, 0x66, 0x00,
  0x11
};
static const KofSprite kStance_andy_0 PROGMEM = {
  .w = 20, .h = 23, .pixelCount = 141,
  .pixels = kStance_andy_0Pixels, .fmt = 5,
};

// andy 帧 1: 20×23, 145 pixels
static const uint8_t kStance_andy_1Pixels[] PROGMEM = {
  0x09, 0x00, 0xff, 0xee, 0x99, 0x0a, 0x00, 0xdd, 0xbb, 0x55, 0x0b, 0x00, 0x99, 0x77, 0x11, 0x08,
  0x01, 0xdd, 0xbb, 0x55, 0x09, 0x01, 0xff, 0xee, 0x99, 0x0a, 0x01, 0x99, 0x77, 0x11, 0x0b, 0x01,
  0xdd, 0xbb, 0x55, 0x0c, 0x01, 0xdd, 0xbb, 0x55, 0x05, 0x02, 0xff, 0xee, 0x99, 0x09, 0x02, 0xff,
  0xaa, 0x66, 0x0a, 0x02, 0xdd, 0x77, 0x33, 0x0b, 0x02, 0x99, 0x33, 0x00, 0x0c, 0x02, 0xdd, 0xbb,
  0x55, 0x0d, 0x02, 0xff, 0xee, 0x99, 0x05, 0x03, 0xdd, 0x77, 0x33, 0x06, 0x03, 0xff, 0xee, 0x99,
  0x0a, 0x03, 0xff, 0xee, 0x99, 0x0b, 0x03, 0xff, 0xaa, 0x66, 0x0c, 0x03, 0xff, 0xff, 0xee, 0x0d,
  0x03, 0xdd, 0xbb, 0x55, 0x0e, 0x03, 0xff, 0xee, 0x99, 0x03, 0x04, 0xff, 0xee, 0x99, 0x06, 0x04,
  0x99, 0x33, 0x00, 0x07, 0x04, 0xcc, 0xbb, 0x77, 0x08, 0x04, 0x66, 0x00, 0x11, 0x09, 0x04, 0xdd,
  0x77, 0x33, 0x0a, 0x04, 0xdd, 0x77, 0x33, 0x0b, 0x04, 0xdd, 0x77, 0x33, 0x0c, 0x04, 0xdd, 0x77,
  0x33, 0x0d, 0x04, 0xff, 0xee, 0x99, 0x0e, 0x04, 0xdd, 0xbb, 0x55, 0x0f, 0x04, 0xdd, 0xbb, 0x55,
  0x03, 0x05, 0x66, 0x00, 0x11, 0x04, 0x05, 0xaa, 0x00, 0x00, 0x07, 0x05, 0x22, 0x00, 0x00, 0x08,
  0x05, 0x66, 0x00, 0x11, 0x09, 0x05, 0xff, 0xaa, 0x66, 0x0a, 0x05, 0xdd, 0x77, 0x33, 0x0b, 0x05,
  0xdd, 0x77, 0x33, 0x0c, 0x05, 0x22, 0x00, 0x00, 0x0d, 0x05, 0xdd, 0xbb, 0x55, 0x0e, 0x05, 0xdd,
  0xbb, 0x55, 0x0f, 0x05, 0x99, 0x77, 0x11, 0x04, 0x06, 0x22, 0x00, 0x00, 0x05, 0x06, 0x66, 0x00,
  0x11, 0x06, 0x06, 0x66, 0x00, 0x11, 0x07, 0x06, 0xdd, 0x77, 0x33, 0x08, 0x06, 0xdd, 0x77, 0x33,
  0x09, 0x06, 0xdd, 0x77, 0x33, 0x0a, 0x06, 0x66, 0x00, 0x11, 0x0b, 0x06, 0xcc, 0xbb, 0x77, 0x0c,
  0x06, 0x22, 0x00, 0x00, 0x0d, 0x06, 0x22, 0x00, 0x00, 0x0e, 0x06, 0x99, 0x77, 0x11, 0x0f, 0x06,
  0x99, 0x77, 0x11, 0x07, 0x07, 0x99, 0x33, 0x00, 0x08, 0x07, 0x66, 0x00, 0x11, 0x09, 0x07, 0x66,
  0x00, 0x11, 0x0c, 0x07, 0x88, 0x88, 0x66, 0x0d, 0x07, 0x22, 0x00, 0x00, 0x0e, 0x07, 0x88, 0x88,
  0x66, 0x0f, 0x07, 0x33, 0x44, 0x33, 0x0c, 0x08, 0x22, 0x00, 0x00, 0x0d, 0x08, 0x22, 0x00, 0x00,
  0x0e, 0x08, 0x22, 0x00, 0x00, 0x0f, 0x08, 0x22, 0x00, 0x00, 0x0c, 0x09, 0x66, 0x00, 0x11, 0x0d,
  0x09, 0xcc, 0xbb, 0x77, 0x0e, 0x09, 0x22, 0x00, 0x00, 0x0f, 0x09, 0xff, 0xee, 0xbb, 0x0b, 0x0a,
  0xff, 0xee, 0xbb, 0x0c, 0x0a, 0x66, 0x00, 0x11, 0x0d, 0x0a, 0x66, 0x00, 0x11, 0x0e, 0x0a, 0x22,
  0x00, 0x00, 0x0f, 0x0a, 0xff, 0xee, 0xbb, 0x0a, 0x0b, 0xcc, 0xbb, 0x77, 0x0b, 0x0b, 0xaa, 0x00,
  0x00, 0x0c, 0x0b, 0x88, 0x88, 0x66, 0x0d, 0x0b, 0xaa, 0x00, 0x00, 0x0e, 0x0b, 0x22, 0x00, 0x00,
  0x0f, 0x0b, 0xcc, 0xbb, 0x77, 0x09, 0x0c, 0xcc, 0xbb, 0x77, 0x0a, 0x0c, 0xff, 0xee, 0xbb, 0x0b,
  0x0c, 0xaa, 0x00, 0x00, 0x0c, 0x0c, 0xff, 0xee, 0xbb, 0x0d, 0x0c, 0xff, 0xff, 0xee, 0x0e, 0x0c,
  0x22, 0x00, 0x00, 0x0f, 0x0c, 0xcc, 0xbb, 0x77, 0x07, 0x0d, 0x66, 0x00, 0x11, 0x09, 0x0d, 0xff,
  0xee, 0xbb, 0x0a, 0x0d, 0xff, 0xee, 0xbb, 0x0b, 0x0d, 0x88, 0x88, 0x66, 0x0c, 0x0d, 0xaa, 0x00,
  0x00, 0x0d, 0x0d, 0xcc, 0xbb, 0x77, 0x0e, 0x0d, 0x33, 0x44, 0x33, 0x07, 0x0e, 0x66, 0x00, 0x11,
  0x08, 0x0e, 0xff, 0xff, 0xee, 0x09, 0x0e, 0xff, 0xee, 0xbb, 0x0a, 0x0e, 0x88, 0x88, 0x66, 0x0b,
  0x0e, 0x33, 0x44, 0x33, 0x0c, 0x0e, 0xff, 0xee, 0xbb, 0x0d, 0x0e, 0xcc, 0xbb, 0x77, 0x0e, 0x0e,
  0x88, 0x88, 0x66, 0x08, 0x0f, 0x22, 0x00, 0x00, 0x09, 0x0f, 0xff, 0xee, 0xbb, 0x0a, 0x0f, 0x33,
  0x44, 0x33, 0x0c, 0x0f, 0xff, 0xee, 0xbb, 0x0d, 0x0f, 0xcc, 0xbb, 0x77, 0x0e, 0x0f, 0x33, 0x44,
  0x33, 0x08, 0x10, 0x66, 0x00, 0x11, 0x09, 0x10, 0x22, 0x00, 0x00, 0x0b, 0x10, 0x88, 0x88, 0x66,
  0x0c, 0x10, 0xff, 0xee, 0xbb, 0x0d, 0x10, 0x88, 0x88, 0x66, 0x08, 0x11, 0x66, 0x00, 0x11, 0x09,
  0x11, 0xcc, 0xbb, 0x77, 0x0b, 0x11, 0x66, 0x00, 0x11, 0x0c, 0x11, 0xaa, 0x00, 0x00, 0x0d, 0x11,
  0x33, 0x44, 0x33, 0x0e, 0x11, 0x22, 0x00, 0x00, 0x08, 0x12, 0x66, 0x00, 0x11, 0x09, 0x12, 0x66,
  0x00, 0x11, 0x0c, 0x12, 0x22, 0x00, 0x00, 0x0d, 0x12, 0x66, 0x00, 0x11, 0x0e, 0x12, 0x22, 0x00,
  0x00, 0x08, 0x13, 0xaa, 0x00, 0x00, 0x09, 0x13, 0x88, 0x88, 0x66, 0x0d, 0x13, 0x22, 0x00, 0x00,
  0x0e, 0x13, 0x22, 0x00, 0x00, 0x0f, 0x13, 0x22, 0x00, 0x00, 0x08, 0x14, 0x22, 0x00, 0x00, 0x0e,
  0x14, 0x22, 0x00, 0x00, 0x0f, 0x14, 0x22, 0x00, 0x00, 0x07, 0x15, 0x66, 0x00, 0x11, 0x08, 0x15,
  0x22, 0x00, 0x00, 0x09, 0x15, 0x22, 0x00, 0x00, 0x0e, 0x15, 0x22, 0x00, 0x00, 0x0f, 0x15, 0x66,
  0x00, 0x11, 0x05, 0x16, 0x22, 0x00, 0x00, 0x06, 0x16, 0xaa, 0x00, 0x00, 0x07, 0x16, 0x22, 0x00,
  0x00, 0x08, 0x16, 0x22, 0x00, 0x00, 0x09, 0x16, 0x22, 0x00, 0x00, 0x0e, 0x16, 0x22, 0x00, 0x00,
  0x0f, 0x16, 0x66, 0x00, 0x11
};
static const KofSprite kStance_andy_1 PROGMEM = {
  .w = 20, .h = 23, .pixelCount = 145,
  .pixels = kStance_andy_1Pixels, .fmt = 5,
};

// andy 帧 2: 20×23, 121 pixels
static const uint8_t kStance_andy_2Pixels[] PROGMEM = {
  0x08, 0x00, 0xff, 0xee, 0x99, 0x09, 0x00, 0xdd, 0xbb, 0x55, 0x08, 0x01, 0x66, 0x00, 0x11, 0x09,
  0x01, 0xff, 0xaa, 0x66, 0x0a, 0x01, 0xdd, 0xbb, 0x55, 0x08, 0x02, 0xff, 0xaa, 0x66, 0x09, 0x02,
  0x99, 0x33, 0x00, 0x0a, 0x02, 0xdd, 0x77, 0x33, 0x0b, 0x02, 0xff, 0xee, 0xbb, 0x0c, 0x02, 0xff,
  0xaa, 0x66, 0x06, 0x03, 0xdd, 0x77, 0x33, 0x07, 0x03, 0xff, 0xee, 0x99, 0x08, 0x03, 0xff, 0xaa,
  0x66, 0x09, 0x03, 0x66, 0x00, 0x11, 0x0a, 0x03, 0xdd, 0x77, 0x33, 0x0b, 0x03, 0xcc, 0xbb, 0x77,
  0x0c, 0x03, 0xff, 0xaa, 0x66, 0x0d, 0x03, 0xdd, 0x77, 0x33, 0x06, 0x04, 0xdd, 0x77, 0x33, 0x07,
  0x04, 0xdd, 0x77, 0x33, 0x08, 0x04, 0xff, 0xee, 0xbb, 0x09, 0x04, 0x66, 0x00, 0x11, 0x0a, 0x04,
  0xcc, 0xbb, 0x77, 0x0b, 0x04, 0xff, 0xee, 0xbb, 0x0c, 0x04, 0xff, 0xaa, 0x66, 0x0d, 0x04, 0x99,
  0x33, 0x00, 0x06, 0x05, 0xff, 0xaa, 0x66, 0x07, 0x05, 0x99, 0x33, 0x00, 0x08, 0x05, 0xff, 0xee,
  0xbb, 0x09, 0x05, 0x22, 0x00, 0x00, 0x0a, 0x05, 0x66, 0x00, 0x11, 0x0b, 0x05, 0xaa, 0x00, 0x00,
  0x0c, 0x05, 0xdd, 0x77, 0x33, 0x0d, 0x05, 0x66, 0x00, 0x11, 0x05, 0x06, 0x66, 0x00, 0x11, 0x06,
  0x06, 0x66, 0x00, 0x11, 0x08, 0x06, 0x33, 0x44, 0x33, 0x09, 0x06, 0x88, 0x88, 0x66, 0x0a, 0x06,
  0xcc, 0xbb, 0x77, 0x0b, 0x06, 0x66, 0x00, 0x11, 0x0c, 0x06, 0xff, 0xaa, 0x66, 0x05, 0x07, 0x22,
  0x00, 0x00, 0x06, 0x07, 0xaa, 0x00, 0x00, 0x07, 0x07, 0x66, 0x00, 0x11, 0x08, 0x07, 0x33, 0x44,
  0x33, 0x09, 0x07, 0xcc, 0xbb, 0x77, 0x0a, 0x07, 0x88, 0x88, 0x66, 0x0b, 0x07, 0xcc, 0xbb, 0x77,
  0x0c, 0x07, 0x99, 0x77, 0x11, 0x06, 0x08, 0xdd, 0x77, 0x33, 0x09, 0x08, 0x22, 0x00, 0x00, 0x0a,
  0x08, 0x22, 0x00, 0x00, 0x0b, 0x08, 0xcc, 0xbb, 0x77, 0x0c, 0x08, 0x99, 0x77, 0x11, 0x08, 0x09,
  0xcc, 0xbb, 0x77, 0x09, 0x09, 0x88, 0x88, 0x66, 0x0a, 0x09, 0xcc, 0xbb, 0x77, 0x0b, 0x09, 0x88,
  0x88, 0x66, 0x0c, 0x09, 0xaa, 0x00, 0x00, 0x08, 0x0a, 0xff, 0xee, 0xbb, 0x09, 0x0a, 0xff, 0xff,
  0xee, 0x0a, 0x0a, 0xff, 0xff, 0xee, 0x0b, 0x0a, 0xcc, 0xbb, 0x77, 0x0c, 0x0a, 0x22, 0x00, 0x00,
  0x07, 0x0b, 0xaa, 0x00, 0x00, 0x08, 0x0b, 0xaa, 0x00, 0x00, 0x09, 0x0b, 0xaa, 0x00, 0x00, 0x0a,
  0x0b, 0xff, 0xff, 0xee, 0x0b, 0x0b, 0xff, 0xff, 0xee, 0x0c, 0x0b, 0x22, 0x00, 0x00, 0x06, 0x0c,
  0xcc, 0xbb, 0x77, 0x07, 0x0c, 0xff, 0xff, 0xee, 0x08, 0x0c, 0xff, 0xee, 0xbb, 0x09, 0x0c, 0x66,
  0x00, 0x11, 0x0a, 0x0c, 0x88, 0x88, 0x66, 0x0b, 0x0c, 0xff, 0xee, 0xbb, 0x0c, 0x0c, 0x33, 0x44,
  0x33, 0x06, 0x0d, 0xff, 0xff, 0xee, 0x07, 0x0d, 0xff, 0xee, 0xbb, 0x08, 0x0d, 0x88, 0x88, 0x66,
  0x09, 0x0d, 0x33, 0x44, 0x33, 0x0a, 0x0d, 0xff, 0xee, 0xbb, 0x0b, 0x0d, 0xff, 0xee, 0xbb, 0x0c,
  0x0d, 0x33, 0x44, 0x33, 0x06, 0x0e, 0xff, 0xee, 0xbb, 0x07, 0x0e, 0xcc, 0xbb, 0x77, 0x08, 0x0e,
  0x33, 0x44, 0x33, 0x0a, 0x0e, 0xff, 0xee, 0xbb, 0x0b, 0x0e, 0xff, 0xee, 0xbb, 0x05, 0x0f, 0xaa,
  0x00, 0x00, 0x06, 0x0f, 0xff, 0xff, 0xee, 0x07, 0x0f, 0x88, 0x88, 0x66, 0x0a, 0x0f, 0xff, 0xee,
  0xbb, 0x0b, 0x0f, 0xcc, 0xbb, 0x77, 0x05, 0x10, 0x22, 0x00, 0x00, 0x06, 0x10, 0x22, 0x00, 0x00,
  0x07, 0x10, 0x22, 0x00, 0x00, 0x0a, 0x10, 0x66, 0x00, 0x11, 0x0b, 0x10, 0xaa, 0x00, 0x00, 0x0c,
  0x10, 0x33, 0x44, 0x33, 0x06, 0x11, 0x22, 0x00, 0x00, 0x07, 0x11, 0x22, 0x00, 0x00, 0x0b, 0x11,
  0x22, 0x00, 0x00, 0x0c, 0x11, 0xaa, 0x00, 0x00, 0x06, 0x12, 0x22, 0x00, 0x00, 0x07, 0x12, 0x22,
  0x00, 0x00, 0x0b, 0x12, 0x22, 0x00, 0x00, 0x0c, 0x12, 0xaa, 0x00, 0x00, 0x06, 0x13, 0x22, 0x00,
  0x00, 0x07, 0x13, 0x22, 0x00, 0x00, 0x0c, 0x13, 0x66, 0x00, 0x11, 0x06, 0x14, 0x22, 0x00, 0x00,
  0x07, 0x14, 0x22, 0x00, 0x00, 0x0c, 0x14, 0x22, 0x00, 0x00, 0x06, 0x15, 0x22, 0x00, 0x00, 0x07,
  0x15, 0x66, 0x00, 0x11, 0x0c, 0x15, 0xaa, 0x00, 0x00, 0x05, 0x16, 0xaa, 0x00, 0x00, 0x06, 0x16,
  0x66, 0x00, 0x11, 0x07, 0x16, 0x22, 0x00, 0x00, 0x0c, 0x16, 0x66, 0x00, 0x11
};
static const KofSprite kStance_andy_2 PROGMEM = {
  .w = 20, .h = 23, .pixelCount = 121,
  .pixels = kStance_andy_2Pixels, .fmt = 5,
};

// andy 帧 3: 20×23, 119 pixels
static const uint8_t kStance_andy_3Pixels[] PROGMEM = {
  0x09, 0x00, 0xdd, 0xbb, 0x55, 0x08, 0x01, 0xff, 0xee, 0x99, 0x09, 0x01, 0xdd, 0x77, 0x33, 0x0a,
  0x01, 0x99, 0x77, 0x11, 0x0b, 0x01, 0xdd, 0xbb, 0x55, 0x08, 0x02, 0xff, 0xee, 0x99, 0x09, 0x02,
  0xdd, 0x77, 0x33, 0x0a, 0x02, 0x99, 0x33, 0x00, 0x0b, 0x02, 0x99, 0x33, 0x00, 0x0c, 0x02, 0xff,
  0xee, 0x99, 0x0d, 0x02, 0xdd, 0x77, 0x33, 0x07, 0x03, 0xff, 0xee, 0x99, 0x08, 0x03, 0xff, 0xaa,
  0x66, 0x09, 0x03, 0xaa, 0x00, 0x00, 0x0a, 0x03, 0x66, 0x00, 0x11, 0x0b, 0x03, 0xff, 0xee, 0xbb,
  0x0c, 0x03, 0xdd, 0x77, 0x33, 0x0d, 0x03, 0xdd, 0x77, 0x33, 0x07, 0x04, 0xdd, 0x77, 0x33, 0x08,
  0x04, 0xff, 0xee, 0xbb, 0x09, 0x04, 0x22, 0x00, 0x00, 0x0a, 0x04, 0x66, 0x00, 0x11, 0x0b, 0x04,
  0xff, 0xff, 0xee, 0x0c, 0x04, 0xff, 0xaa, 0x66, 0x0d, 0x04, 0xff, 0xee, 0x99, 0x06, 0x05, 0xdd,
  0x77, 0x33, 0x07, 0x05, 0xdd, 0x77, 0x33, 0x08, 0x05, 0x88, 0x88, 0x66, 0x09, 0x05, 0xff, 0xee,
  0xbb, 0x0a, 0x05, 0xff, 0xee, 0xbb, 0x0b, 0x05, 0x22, 0x00, 0x00, 0x0c, 0x05, 0xff, 0xee, 0x99,
  0x0d, 0x05, 0x99, 0x33, 0x00, 0x06, 0x06, 0xaa, 0x00, 0x00, 0x07, 0x06, 0x66, 0x00, 0x11, 0x09,
  0x06, 0xcc, 0xbb, 0x77, 0x0a, 0x06, 0xcc, 0xbb, 0x77, 0x0b, 0x06, 0x88, 0x88, 0x66, 0x0c, 0x06,
  0xdd, 0x77, 0x33, 0x0d, 0x06, 0x99, 0x77, 0x11, 0x06, 0x07, 0x88, 0x88, 0x66, 0x07, 0x07, 0xff,
  0xaa, 0x66, 0x09, 0x07, 0xcc, 0xbb, 0x77, 0x0a, 0x07, 0xcc, 0xbb, 0x77, 0x0b, 0x07, 0xcc, 0xbb,
  0x77, 0x0c, 0x07, 0x33, 0x44, 0x33, 0x07, 0x08, 0x66, 0x00, 0x11, 0x09, 0x08, 0x22, 0x00, 0x00,
  0x0a, 0x08, 0x22, 0x00, 0x00, 0x0b, 0x08, 0xcc, 0xbb, 0x77, 0x0c, 0x08, 0x22, 0x00, 0x00, 0x08,
  0x09, 0xaa, 0x00, 0x00, 0x09, 0x09, 0xaa, 0x00, 0x00, 0x0a, 0x09, 0xaa, 0x00, 0x00, 0x0b, 0x09,
  0xaa, 0x00, 0x00, 0x0c, 0x09, 0x22, 0x00, 0x00, 0x08, 0x0a, 0xff, 0xff, 0xee, 0x09, 0x0a, 0xff,
  0xee, 0xbb, 0x0a, 0x0a, 0xcc, 0xbb, 0x77, 0x0b, 0x0a, 0xaa, 0x00, 0x00, 0x0c, 0x0a, 0x22, 0x00,
  0x00, 0x07, 0x0b, 0xcc, 0xbb, 0x77, 0x08, 0x0b, 0xaa, 0x00, 0x00, 0x09, 0x0b, 0xff, 0xee, 0xbb,
  0x0a, 0x0b, 0xcc, 0xbb, 0x77, 0x0b, 0x0b, 0xaa, 0x00, 0x00, 0x0c, 0x0b, 0x22, 0x00, 0x00, 0x07,
  0x0c, 0xff, 0xee, 0xbb, 0x08, 0x0c, 0xff, 0xee, 0xbb, 0x09, 0x0c, 0x88, 0x88, 0x66, 0x0a, 0x0c,
  0xaa, 0x00, 0x00, 0x0b, 0x0c, 0x88, 0x88, 0x66, 0x0c, 0x0c, 0x22, 0x00, 0x00, 0x07, 0x0d, 0xff,
  0xff, 0xee, 0x08, 0x0d, 0xcc, 0xbb, 0x77, 0x09, 0x0d, 0x88, 0x88, 0x66, 0x0a, 0x0d, 0xcc, 0xbb,
  0x77, 0x0b, 0x0d, 0xff, 0xff, 0xee, 0x0c, 0x0d, 0xcc, 0xbb, 0x77, 0x06, 0x0e, 0xcc, 0xbb, 0x77,
  0x07, 0x0e, 0xcc, 0xbb, 0x77, 0x08, 0x0e, 0x88, 0x88, 0x66, 0x0a, 0x0e, 0xcc, 0xbb, 0x77, 0x0b,
  0x0e, 0xff, 0xee, 0xbb, 0x0c, 0x0e, 0x88, 0x88, 0x66, 0x06, 0x0f, 0xaa, 0x00, 0x00, 0x07, 0x0f,
  0xcc, 0xbb, 0x77, 0x08, 0x0f, 0x33, 0x44, 0x33, 0x0a, 0x0f, 0x88, 0x88, 0x66, 0x0b, 0x0f, 0xff,
  0xff, 0xee, 0x0c, 0x0f, 0x33, 0x44, 0x33, 0x06, 0x10, 0x22, 0x00, 0x00, 0x07, 0x10, 0xaa, 0x00,
  0x00, 0x08, 0x10, 0x22, 0x00, 0x00, 0x0a, 0x10, 0x22, 0x00, 0x00, 0x0b, 0x10, 0x66, 0x00, 0x11,
  0x0c, 0x10, 0x88, 0x88, 0x66, 0x06, 0x11, 0x22, 0x00, 0x00, 0x07, 0x11, 0x66, 0x00, 0x11, 0x08,
  0x11, 0x88, 0x88, 0x66, 0x0b, 0x11, 0x22, 0x00, 0x00, 0x0c, 0x11, 0x66, 0x00, 0x11, 0x07, 0x12,
  0x22, 0x00, 0x00, 0x0c, 0x12, 0x22, 0x00, 0x00, 0x07, 0x13, 0x22, 0x00, 0x00, 0x0c, 0x13, 0x22,
  0x00, 0x00, 0x0d, 0x13, 0x22, 0x00, 0x00, 0x07, 0x14, 0x22, 0x00, 0x00, 0x0c, 0x14, 0x22, 0x00,
  0x00, 0x0d, 0x14, 0x22, 0x00, 0x00, 0x06, 0x15, 0x66, 0x00, 0x11, 0x07, 0x15, 0x22, 0x00, 0x00,
  0x0c, 0x15, 0x66, 0x00, 0x11, 0x0d, 0x15, 0x66, 0x00, 0x11, 0x05, 0x16, 0xaa, 0x00, 0x00, 0x06,
  0x16, 0x66, 0x00, 0x11, 0x07, 0x16, 0xff, 0xaa, 0x66, 0x0c, 0x16, 0xaa, 0x00, 0x00, 0x0d, 0x16,
  0x66, 0x00, 0x11
};
static const KofSprite kStance_andy_3 PROGMEM = {
  .w = 20, .h = 23, .pixelCount = 119,
  .pixels = kStance_andy_3Pixels, .fmt = 5,
};

// andy 帧 4: 20×23, 115 pixels
static const uint8_t kStance_andy_4Pixels[] PROGMEM = {
  0x08, 0x00, 0xff, 0xee, 0x99, 0x09, 0x00, 0xdd, 0xbb, 0x55, 0x0a, 0x00, 0xdd, 0xbb, 0x55, 0x08,
  0x01, 0xff, 0xee, 0x99, 0x09, 0x01, 0xdd, 0x77, 0x33, 0x0a, 0x01, 0x99, 0x77, 0x11, 0x08, 0x02,
  0xff, 0xee, 0x99, 0x09, 0x02, 0xdd, 0x77, 0x33, 0x0a, 0x02, 0x99, 0x33, 0x00, 0x0b, 0x02, 0xff,
  0xee, 0xbb, 0x0c, 0x02, 0xff, 0xee, 0x99, 0x0d, 0x02, 0xff, 0xaa, 0x66, 0x07, 0x03, 0xff, 0xaa,
  0x66, 0x08, 0x03, 0x66, 0x00, 0x11, 0x09, 0x03, 0xaa, 0x00, 0x00, 0x0a, 0x03, 0x99, 0x33, 0x00,
  0x0b, 0x03, 0xff, 0xee, 0xbb, 0x0c, 0x03, 0xff, 0xaa, 0x66, 0x0d, 0x03, 0x99, 0x33, 0x00, 0x07,
  0x04, 0xff, 0xaa, 0x66, 0x08, 0x04, 0xff, 0xee, 0xbb, 0x09, 0x04, 0x22, 0x00, 0x00, 0x0a, 0x04,
  0x22, 0x00, 0x00, 0x0b, 0x04, 0xaa, 0x00, 0x00, 0x0c, 0x04, 0x99, 0x33, 0x00, 0x0d, 0x04, 0xdd,
  0x77, 0x33, 0x06, 0x05, 0xff, 0xee, 0x99, 0x07, 0x05, 0xdd, 0x77, 0x33, 0x08, 0x05, 0x88, 0x88,
  0x66, 0x09, 0x05, 0xff, 0xee, 0xbb, 0x0a, 0x05, 0xff, 0xee, 0xbb, 0x0b, 0x05, 0x66, 0x00, 0x11,
  0x0c, 0x05, 0xff, 0xaa, 0x66, 0x0d, 0x05, 0x99, 0x33, 0x00, 0x06, 0x06, 0xff, 0xee, 0xbb, 0x07,
  0x06, 0xaa, 0x00, 0x00, 0x09, 0x06, 0xcc, 0xbb, 0x77, 0x0a, 0x06, 0xcc, 0xbb, 0x77, 0x0b, 0x06,
  0x22, 0x00, 0x00, 0x0c, 0x06, 0x99, 0x33, 0x00, 0x0d, 0x06, 0x99, 0x77, 0x11, 0x06, 0x07, 0x33,
  0x44, 0x33, 0x07, 0x07, 0x66, 0x00, 0x11, 0x09, 0x07, 0xcc, 0xbb, 0x77, 0x0a, 0x07, 0xcc, 0xbb,
  0x77, 0x0b, 0x07, 0xcc, 0xbb, 0x77, 0x0c, 0x07, 0x33, 0x44, 0x33, 0x09, 0x08, 0xff, 0xee, 0xbb,
  0x0a, 0x08, 0xff, 0xff, 0xee, 0x0b, 0x08, 0xff, 0xee, 0xbb, 0x0c, 0x08, 0x22, 0x00, 0x00, 0x08,
  0x09, 0xaa, 0x00, 0x00, 0x09, 0x09, 0xaa, 0x00, 0x00, 0x0a, 0x09, 0xaa, 0x00, 0x00, 0x0b, 0x09,
  0xff, 0xee, 0xbb, 0x0c, 0x09, 0x22, 0x00, 0x00, 0x08, 0x0a, 0xff, 0xff, 0xee, 0x09, 0x0a, 0xff,
  0xee, 0xbb, 0x0a, 0x0a, 0xcc, 0xbb, 0x77, 0x0b, 0x0a, 0xff, 0xee, 0xbb, 0x0c, 0x0a, 0x22, 0x00,
  0x00, 0x08, 0x0b, 0x88, 0x88, 0x66, 0x09, 0x0b, 0xaa, 0x00, 0x00, 0x0a, 0x0b, 0xaa, 0x00, 0x00,
  0x0b, 0x0b, 0xaa, 0x00, 0x00, 0x0c, 0x0b, 0x22, 0x00, 0x00, 0x07, 0x0c, 0xcc, 0xbb, 0x77, 0x08,
  0x0c, 0xff, 0xee, 0xbb, 0x09, 0x0c, 0x88, 0x88, 0x66, 0x0a, 0x0c, 0xcc, 0xbb, 0x77, 0x0b, 0x0c,
  0xff, 0xee, 0xbb, 0x0c, 0x0c, 0xcc, 0xbb, 0x77, 0x07, 0x0d, 0xff, 0xee, 0xbb, 0x08, 0x0d, 0xcc,
  0xbb, 0x77, 0x09, 0x0d, 0x88, 0x88, 0x66, 0x0a, 0x0d, 0xcc, 0xbb, 0x77, 0x0b, 0x0d, 0xcc, 0xbb,
  0x77, 0x0c, 0x0d, 0x88, 0x88, 0x66, 0x07, 0x0e, 0xff, 0xee, 0xbb, 0x08, 0x0e, 0xcc, 0xbb, 0x77,
  0x0a, 0x0e, 0xcc, 0xbb, 0x77, 0x0b, 0x0e, 0xff, 0xee, 0xbb, 0x0c, 0x0e, 0x88, 0x88, 0x66, 0x06,
  0x0f, 0x22, 0x00, 0x00, 0x07, 0x0f, 0x66, 0x00, 0x11, 0x0a, 0x0f, 0x66, 0x00, 0x11, 0x0b, 0x0f,
  0xaa, 0x00, 0x00, 0x0c, 0x0f, 0xcc, 0xbb, 0x77, 0x06, 0x10, 0x22, 0x00, 0x00, 0x07, 0x10, 0x22,
  0x00, 0x00, 0x08, 0x10, 0x22, 0x00, 0x00, 0x0b, 0x10, 0x22, 0x00, 0x00, 0x0c, 0x10, 0xaa, 0x00,
  0x00, 0x06, 0x11, 0x22, 0x00, 0x00, 0x07, 0x11, 0x22, 0x00, 0x00, 0x08, 0x11, 0x22, 0x00, 0x00,
  0x0b, 0x11, 0x22, 0x00, 0x00, 0x0c, 0x11, 0x66, 0x00, 0x11, 0x07, 0x12, 0x22, 0x00, 0x00, 0x0b,
  0x12, 0x22, 0x00, 0x00, 0x0c, 0x12, 0x22, 0x00, 0x00, 0x07, 0x13, 0x22, 0x00, 0x00, 0x0c, 0x13,
  0x22, 0x00, 0x00, 0x0d, 0x13, 0x22, 0x00, 0x00, 0x07, 0x14, 0x22, 0x00, 0x00, 0x0c, 0x14, 0x22,
  0x00, 0x00, 0x0d, 0x14, 0x22, 0x00, 0x00, 0x06, 0x15, 0x66, 0x00, 0x11, 0x07, 0x15, 0x22, 0x00,
  0x00, 0x0c, 0x15, 0x66, 0x00, 0x11, 0x0d, 0x15, 0x66, 0x00, 0x11, 0x05, 0x16, 0xaa, 0x00, 0x00,
  0x06, 0x16, 0x66, 0x00, 0x11, 0x0c, 0x16, 0x66, 0x00, 0x11, 0x0d, 0x16, 0x22, 0x00, 0x00
};
static const KofSprite kStance_andy_4 PROGMEM = {
  .w = 20, .h = 23, .pixelCount = 115,
  .pixels = kStance_andy_4Pixels, .fmt = 5,
};

// andy 帧 5: 20×23, 123 pixels
static const uint8_t kStance_andy_5Pixels[] PROGMEM = {
  0x08, 0x00, 0xff, 0xee, 0x99, 0x09, 0x00, 0xdd, 0xbb, 0x55, 0x0a, 0x00, 0xdd, 0xbb, 0x55, 0x07,
  0x01, 0xdd, 0xbb, 0x55, 0x08, 0x01, 0xff, 0xee, 0x99, 0x09, 0x01, 0x99, 0x77, 0x11, 0x0a, 0x01,
  0xdd, 0xbb, 0x55, 0x08, 0x02, 0xff, 0xaa, 0x66, 0x09, 0x02, 0xdd, 0x77, 0x33, 0x0a, 0x02, 0xff,
  0xaa, 0x66, 0x0b, 0x02, 0xff, 0xee, 0xbb, 0x0c, 0x02, 0xff, 0xaa, 0x66, 0x0d, 0x02, 0x99, 0x33,
  0x00, 0x07, 0x03, 0xff, 0xee, 0x99, 0x08, 0x03, 0xff, 0xaa, 0x66, 0x09, 0x03, 0x66, 0x00, 0x11,
  0x0a, 0x03, 0x99, 0x33, 0x00, 0x0b, 0x03, 0xcc, 0xbb, 0x77, 0x0c, 0x03, 0xff, 0xaa, 0x66, 0x0d,
  0x03, 0xdd, 0x77, 0x33, 0x06, 0x04, 0xdd, 0x77, 0x33, 0x07, 0x04, 0xff, 0xaa, 0x66, 0x08, 0x04,
  0xff, 0xee, 0xbb, 0x09, 0x04, 0x66, 0x00, 0x11, 0x0a, 0x04, 0x66, 0x00, 0x11, 0x0b, 0x04, 0xff,
  0xff, 0xee, 0x0c, 0x04, 0xff, 0xee, 0x99, 0x0d, 0x04, 0xdd, 0x77, 0x33, 0x06, 0x05, 0xff, 0xaa,
  0x66, 0x07, 0x05, 0xff, 0xaa, 0x66, 0x08, 0x05, 0xff, 0xee, 0xbb, 0x09, 0x05, 0x22, 0x00, 0x00,
  0x0a, 0x05, 0x22, 0x00, 0x00, 0x0b, 0x05, 0xaa, 0x00, 0x00, 0x0c, 0x05, 0x99, 0x33, 0x00, 0x0d,
  0x05, 0x99, 0x33, 0x00, 0x06, 0x06, 0xaa, 0x00, 0x00, 0x07, 0x06, 0x99, 0x33, 0x00, 0x08, 0x06,
  0x33, 0x44, 0x33, 0x09, 0x06, 0xcc, 0xbb, 0x77, 0x0a, 0x06, 0x88, 0x88, 0x66, 0x0b, 0x06, 0x22,
  0x00, 0x00, 0x0c, 0x06, 0xff, 0xaa, 0x66, 0x0d, 0x06, 0x33, 0x44, 0x33, 0x06, 0x07, 0xdd, 0x77,
  0x33, 0x07, 0x07, 0xff, 0xaa, 0x66, 0x09, 0x07, 0xcc, 0xbb, 0x77, 0x0a, 0x07, 0x88, 0x88, 0x66,
  0x0b, 0x07, 0x88, 0x88, 0x66, 0x0c, 0x07, 0x66, 0x00, 0x11, 0x09, 0x08, 0x22, 0x00, 0x00, 0x0a,
  0x08, 0x22, 0x00, 0x00, 0x0b, 0x08, 0x22, 0x00, 0x00, 0x0c, 0x08, 0x22, 0x00, 0x00, 0x09, 0x09,
  0xcc, 0xbb, 0x77, 0x0a, 0x09, 0xaa, 0x00, 0x00, 0x0b, 0x09, 0xcc, 0xbb, 0x77, 0x0c, 0x09, 0xff,
  0xee, 0xbb, 0x08, 0x0a, 0xaa, 0x00, 0x00, 0x09, 0x0a, 0xaa, 0x00, 0x00, 0x0a, 0x0a, 0xaa, 0x00,
  0x00, 0x0b, 0x0a, 0xaa, 0x00, 0x00, 0x0c, 0x0a, 0xaa, 0x00, 0x00, 0x08, 0x0b, 0xaa, 0x00, 0x00,
  0x09, 0x0b, 0xff, 0xee, 0xbb, 0x0a, 0x0b, 0xcc, 0xbb, 0x77, 0x0b, 0x0b, 0xff, 0xee, 0xbb, 0x0c,
  0x0b, 0xff, 0xff, 0xee, 0x07, 0x0c, 0xff, 0xee, 0xbb, 0x08, 0x0c, 0xaa, 0x00, 0x00, 0x09, 0x0c,
  0xff, 0xee, 0xbb, 0x0a, 0x0c, 0xff, 0xee, 0xbb, 0x0b, 0x0c, 0xff, 0xee, 0xbb, 0x0c, 0x0c, 0xff,
  0xff, 0xee, 0x06, 0x0d, 0xcc, 0xbb, 0x77, 0x07, 0x0d, 0xff, 0xff, 0xee, 0x08, 0x0d, 0xcc, 0xbb,
  0x77, 0x09, 0x0d, 0xaa, 0x00, 0x00, 0x0a, 0x0d, 0xaa, 0x00, 0x00, 0x0b, 0x0d, 0xaa, 0x00, 0x00,
  0x0c, 0x0d, 0xff, 0xff, 0xee, 0x06, 0x0e, 0xff, 0xff, 0xee, 0x07, 0x0e, 0xcc, 0xbb, 0x77, 0x08,
  0x0e, 0x88, 0x88, 0x66, 0x0b, 0x0e, 0xcc, 0xbb, 0x77, 0x0c, 0x0e, 0xff, 0xff, 0xee, 0x05, 0x0f,
  0x22, 0x00, 0x00, 0x06, 0x0f, 0x66, 0x00, 0x11, 0x07, 0x0f, 0x33, 0x44, 0x33, 0x0b, 0x0f, 0x33,
  0x44, 0x33, 0x0c, 0x0f, 0xaa, 0x00, 0x00, 0x06, 0x10, 0x66, 0x00, 0x11, 0x07, 0x10, 0xaa, 0x00,
  0x00, 0x08, 0x10, 0x22, 0x00, 0x00, 0x0b, 0x10, 0x22, 0x00, 0x00, 0x0c, 0x10, 0x22, 0x00, 0x00,
  0x0d, 0x10, 0xaa, 0x00, 0x00, 0x06, 0x11, 0x22, 0x00, 0x00, 0x07, 0x11, 0x66, 0x00, 0x11, 0x08,
  0x11, 0x88, 0x88, 0x66, 0x0c, 0x11, 0x22, 0x00, 0x00, 0x0d, 0x11, 0x66, 0x00, 0x11, 0x06, 0x12,
  0x22, 0x00, 0x00, 0x07, 0x12, 0x22, 0x00, 0x00, 0x0c, 0x12, 0x22, 0x00, 0x00, 0x0d, 0x12, 0x66,
  0x00, 0x11, 0x06, 0x13, 0x22, 0x00, 0x00, 0x07, 0x13, 0x22, 0x00, 0x00, 0x0d, 0x13, 0x22, 0x00,
  0x00, 0x0e, 0x13, 0x22, 0x00, 0x00, 0x06, 0x14, 0x22, 0x00, 0x00, 0x07, 0x14, 0x22, 0x00, 0x00,
  0x0d, 0x14, 0x22, 0x00, 0x00, 0x0e, 0x14, 0x22, 0x00, 0x00, 0x06, 0x15, 0xaa, 0x00, 0x00, 0x07,
  0x15, 0x22, 0x00, 0x00, 0x0d, 0x15, 0x66, 0x00, 0x11, 0x0e, 0x15, 0x66, 0x00, 0x11, 0x05, 0x16,
  0xaa, 0x00, 0x00, 0x06, 0x16, 0x22, 0x00, 0x00, 0x07, 0x16, 0x66, 0x00, 0x11, 0x0d, 0x16, 0x66,
  0x00, 0x11, 0x0e, 0x16, 0x22, 0x00, 0x00
};
static const KofSprite kStance_andy_5 PROGMEM = {
  .w = 20, .h = 23, .pixelCount = 123,
  .pixels = kStance_andy_5Pixels, .fmt = 5,
};

static const KofSprite* const kStance_andy_Frames[] PROGMEM = {
  &kStance_andy_0,
  &kStance_andy_1,
  &kStance_andy_2,
  &kStance_andy_3,
  &kStance_andy_4,
  &kStance_andy_5
};
static const KofStanceSet kStance_andy PROGMEM = {
  .frameCount = 6,
  .frames = kStance_andy_Frames,
};

// benimaru 帧 0: 20×23, 100 pixels
static const uint8_t kStance_benimaru_0Pixels[] PROGMEM = {
  0x0b, 0x00, 0xee, 0xcc, 0x66, 0x09, 0x01, 0xee, 0xcc, 0x66, 0x0a, 0x01, 0xee, 0xcc, 0x66, 0x0b,
  0x01, 0xee, 0xcc, 0x66, 0x09, 0x02, 0xbb, 0x99, 0x33, 0x0a, 0x02, 0xee, 0xcc, 0x66, 0x0b, 0x02,
  0xff, 0xff, 0xbb, 0x0a, 0x03, 0x88, 0x66, 0x00, 0x0b, 0x03, 0x88, 0x66, 0x00, 0x05, 0x04, 0x00,
  0x00, 0x00, 0x0a, 0x04, 0x66, 0x22, 0x11, 0x0b, 0x04, 0xee, 0x99, 0x55, 0x0c, 0x04, 0xee, 0x99,
  0x55, 0x0d, 0x04, 0xee, 0x99, 0x55, 0x05, 0x05, 0x00, 0x00, 0x00, 0x06, 0x05, 0x33, 0x33, 0x33,
  0x09, 0x05, 0xff, 0xee, 0xbb, 0x0a, 0x05, 0x33, 0x33, 0x33, 0x0b, 0x05, 0x00, 0x00, 0x00, 0x0c,
  0x05, 0x33, 0x33, 0x33, 0x0d, 0x05, 0xff, 0xbb, 0x88, 0x0e, 0x05, 0x99, 0x55, 0x22, 0x06, 0x06,
  0x00, 0x00, 0x00, 0x07, 0x06, 0xff, 0xbb, 0x88, 0x08, 0x06, 0xee, 0x99, 0x55, 0x09, 0x06, 0xee,
  0x99, 0x55, 0x0a, 0x06, 0x66, 0x66, 0x55, 0x0b, 0x06, 0x33, 0x33, 0x33, 0x0c, 0x06, 0x00, 0x00,
  0x00, 0x0d, 0x06, 0xee, 0xcc, 0x66, 0x0e, 0x06, 0x66, 0x22, 0x11, 0x07, 0x07, 0x99, 0x55, 0x22,
  0x08, 0x07, 0x99, 0x55, 0x22, 0x0a, 0x07, 0x33, 0x33, 0x33, 0x0b, 0x07, 0x33, 0x33, 0x33, 0x0c,
  0x07, 0x99, 0x55, 0x22, 0x0d, 0x07, 0xee, 0x99, 0x55, 0x0a, 0x08, 0x00, 0x00, 0x00, 0x0b, 0x08,
  0x66, 0x66, 0x55, 0x0c, 0x08, 0x00, 0x00, 0x00, 0x0d, 0x08, 0x00, 0x00, 0x00, 0x0a, 0x09, 0x00,
  0x00, 0x00, 0x0b, 0x09, 0x33, 0x33, 0x33, 0x0c, 0x09, 0x00, 0x00, 0x00, 0x0d, 0x09, 0x00, 0x00,
  0x00, 0x0a, 0x0a, 0xaa, 0x99, 0x88, 0x0b, 0x0a, 0xdd, 0xdd, 0xcc, 0x0c, 0x0a, 0xdd, 0xdd, 0xcc,
  0x0d, 0x0a, 0x66, 0x66, 0x55, 0x0a, 0x0b, 0xdd, 0xdd, 0xcc, 0x0b, 0x0b, 0xdd, 0xdd, 0xcc, 0x0c,
  0x0b, 0x66, 0x66, 0x55, 0x0d, 0x0b, 0x66, 0x66, 0x55, 0x09, 0x0c, 0xdd, 0xdd, 0xcc, 0x0a, 0x0c,
  0xdd, 0xdd, 0xcc, 0x0b, 0x0c, 0xaa, 0x99, 0x88, 0x0c, 0x0c, 0xdd, 0xdd, 0xcc, 0x0d, 0x0c, 0x66,
  0x66, 0x55, 0x08, 0x0d, 0xdd, 0xdd, 0xcc, 0x09, 0x0d, 0xdd, 0xdd, 0xcc, 0x0a, 0x0d, 0x33, 0x33,
  0x33, 0x0b, 0x0d, 0xaa, 0x99, 0x88, 0x0c, 0x0d, 0xdd, 0xdd, 0xcc, 0x0d, 0x0d, 0x33, 0x33, 0x33,
  0x07, 0x0e, 0xaa, 0x99, 0x88, 0x08, 0x0e, 0xdd, 0xdd, 0xcc, 0x09, 0x0e, 0xaa, 0x99, 0x88, 0x0b,
  0x0e, 0xaa, 0x99, 0x88, 0x0c, 0x0e, 0xaa, 0x99, 0x88, 0x07, 0x0f, 0xdd, 0xdd, 0xcc, 0x08, 0x0f,
  0x33, 0x33, 0x33, 0x0b, 0x0f, 0xdd, 0xdd, 0xcc, 0x0c, 0x0f, 0xaa, 0x99, 0x88, 0x07, 0x10, 0xaa,
  0x99, 0x88, 0x08, 0x10, 0xaa, 0x99, 0x88, 0x0b, 0x10, 0xdd, 0xdd, 0xcc, 0x0c, 0x10, 0xaa, 0x99,
  0x88, 0x07, 0x11, 0x66, 0x66, 0x55, 0x08, 0x11, 0xaa, 0x99, 0x88, 0x0b, 0x11, 0x33, 0x33, 0x33,
  0x0c, 0x11, 0x66, 0x66, 0x55, 0x07, 0x12, 0xaa, 0x99, 0x88, 0x08, 0x12, 0xaa, 0x99, 0x88, 0x0c,
  0x12, 0xdd, 0xdd, 0xcc, 0x0d, 0x12, 0xaa, 0x99, 0x88, 0x07, 0x13, 0xaa, 0x99, 0x88, 0x08, 0x13,
  0x66, 0x66, 0x55, 0x0c, 0x13, 0xaa, 0x99, 0x88, 0x0d, 0x13, 0xaa, 0x99, 0x88, 0x07, 0x14, 0xdd,
  0xdd, 0xcc, 0x0c, 0x14, 0x66, 0x66, 0x55, 0x0d, 0x14, 0xdd, 0xdd, 0xcc, 0x07, 0x15, 0x66, 0x66,
  0x55, 0x0c, 0x15, 0x33, 0x33, 0x33, 0x0d, 0x15, 0x66, 0x66, 0x55, 0x05, 0x16, 0x00, 0x00, 0x00,
  0x06, 0x16, 0x00, 0x00, 0x00, 0x07, 0x16, 0x66, 0x66, 0x55, 0x08, 0x16, 0x00, 0x00, 0x00, 0x0d,
  0x16, 0x33, 0x33, 0x33
};
static const KofSprite kStance_benimaru_0 PROGMEM = {
  .w = 20, .h = 23, .pixelCount = 100,
  .pixels = kStance_benimaru_0Pixels, .fmt = 5,
};

// benimaru 帧 1: 20×23, 109 pixels
static const uint8_t kStance_benimaru_1Pixels[] PROGMEM = {
  0x09, 0x00, 0xbb, 0x99, 0x33, 0x0a, 0x00, 0xff, 0xff, 0xbb, 0x0b, 0x00, 0xbb, 0x99, 0x33, 0x0c,
  0x00, 0xbb, 0x99, 0x33, 0x09, 0x01, 0xbb, 0x99, 0x33, 0x0a, 0x01, 0xee, 0xcc, 0x66, 0x0b, 0x01,
  0xff, 0xff, 0xbb, 0x09, 0x02, 0x88, 0x66, 0x00, 0x0a, 0x02, 0xee, 0xcc, 0x66, 0x0b, 0x02, 0xff,
  0xff, 0xbb, 0x0c, 0x02, 0xbb, 0x99, 0x33, 0x0b, 0x03, 0xee, 0x99, 0x55, 0x0c, 0x03, 0xff, 0xee,
  0xbb, 0x0d, 0x03, 0xff, 0xbb, 0x88, 0x05, 0x04, 0xee, 0x99, 0x55, 0x06, 0x04, 0x99, 0x55, 0x22,
  0x0a, 0x04, 0xff, 0xbb, 0x88, 0x0b, 0x04, 0xee, 0x99, 0x55, 0x0c, 0x04, 0xee, 0x99, 0x55, 0x0d,
  0x04, 0x99, 0x55, 0x22, 0x0e, 0x04, 0xff, 0xbb, 0x88, 0x06, 0x05, 0x00, 0x00, 0x00, 0x07, 0x05,
  0x33, 0x33, 0x33, 0x09, 0x05, 0xff, 0xee, 0xbb, 0x0a, 0x05, 0x33, 0x33, 0x33, 0x0b, 0x05, 0x33,
  0x33, 0x33, 0x0c, 0x05, 0x00, 0x00, 0x00, 0x0d, 0x05, 0x33, 0x33, 0x33, 0x0e, 0x05, 0xee, 0x99,
  0x55, 0x07, 0x06, 0x00, 0x00, 0x00, 0x08, 0x06, 0xee, 0x99, 0x55, 0x09, 0x06, 0xee, 0x99, 0x55,
  0x0a, 0x06, 0x00, 0x00, 0x00, 0x0b, 0x06, 0x33, 0x33, 0x33, 0x0c, 0x06, 0x00, 0x00, 0x00, 0x0d,
  0x06, 0xff, 0xbb, 0x88, 0x0e, 0x06, 0x99, 0x55, 0x22, 0x07, 0x07, 0x66, 0x22, 0x11, 0x08, 0x07,
  0x99, 0x55, 0x22, 0x0b, 0x07, 0x33, 0x33, 0x33, 0x0c, 0x07, 0x00, 0x00, 0x00, 0x0d, 0x07, 0x99,
  0x55, 0x22, 0x0e, 0x07, 0x66, 0x22, 0x11, 0x0b, 0x08, 0x00, 0x00, 0x00, 0x0c, 0x08, 0x00, 0x00,
  0x00, 0x0d, 0x08, 0x00, 0x00, 0x00, 0x0b, 0x09, 0xff, 0xff, 0xbb, 0x0c, 0x09, 0xdd, 0xdd, 0xcc,
  0x0d, 0x09, 0xaa, 0x99, 0x88, 0x0a, 0x0a, 0xaa, 0x99, 0x88, 0x0b, 0x0a, 0xdd, 0xdd, 0xcc, 0x0c,
  0x0a, 0x66, 0x66, 0x55, 0x0d, 0x0a, 0xdd, 0xdd, 0xcc, 0x0a, 0x0b, 0xaa, 0x99, 0x88, 0x0b, 0x0b,
  0xaa, 0x99, 0x88, 0x0c, 0x0b, 0x66, 0x66, 0x55, 0x0d, 0x0b, 0xdd, 0xdd, 0xcc, 0x09, 0x0c, 0xdd,
  0xdd, 0xcc, 0x0a, 0x0c, 0xdd, 0xdd, 0xcc, 0x0b, 0x0c, 0x66, 0x66, 0x55, 0x0c, 0x0c, 0xdd, 0xdd,
  0xcc, 0x0d, 0x0c, 0xdd, 0xdd, 0xcc, 0x08, 0x0d, 0xaa, 0x99, 0x88, 0x09, 0x0d, 0xdd, 0xdd, 0xcc,
  0x0a, 0x0d, 0xaa, 0x99, 0x88, 0x0b, 0x0d, 0xaa, 0x99, 0x88, 0x0c, 0x0d, 0xff, 0xff, 0xff, 0x0d,
  0x0d, 0xaa, 0x99, 0x88, 0x08, 0x0e, 0xff, 0xff, 0xff, 0x09, 0x0e, 0xaa, 0x99, 0x88, 0x0a, 0x0e,
  0x33, 0x33, 0x33, 0x0b, 0x0e, 0xaa, 0x99, 0x88, 0x0c, 0x0e, 0xff, 0xff, 0xff, 0x0d, 0x0e, 0xaa,
  0x99, 0x88, 0x07, 0x0f, 0xdd, 0xdd, 0xcc, 0x08, 0x0f, 0x66, 0x66, 0x55, 0x0b, 0x0f, 0xaa, 0x99,
  0x88, 0x0c, 0x0f, 0xdd, 0xdd, 0xcc, 0x0d, 0x0f, 0x66, 0x66, 0x55, 0x07, 0x10, 0x66, 0x66, 0x55,
  0x08, 0x10, 0x66, 0x66, 0x55, 0x0b, 0x10, 0xaa, 0x99, 0x88, 0x0c, 0x10, 0xaa, 0x99, 0x88, 0x0d,
  0x10, 0x33, 0x33, 0x33, 0x07, 0x11, 0xaa, 0x99, 0x88, 0x08, 0x11, 0x66, 0x66, 0x55, 0x0b, 0x11,
  0x33, 0x33, 0x33, 0x0c, 0x11, 0xaa, 0x99, 0x88, 0x0d, 0x11, 0x66, 0x66, 0x55, 0x07, 0x12, 0xdd,
  0xdd, 0xcc, 0x08, 0x12, 0x66, 0x66, 0x55, 0x0c, 0x12, 0x66, 0x66, 0x55, 0x0d, 0x12, 0xdd, 0xdd,
  0xcc, 0x07, 0x13, 0xaa, 0x99, 0x88, 0x08, 0x13, 0xdd, 0xdd, 0xcc, 0x0c, 0x13, 0x66, 0x66, 0x55,
  0x0d, 0x13, 0xdd, 0xdd, 0xcc, 0x07, 0x14, 0xdd, 0xdd, 0xcc, 0x08, 0x14, 0xdd, 0xdd, 0xcc, 0x0d,
  0x14, 0x66, 0x66, 0x55, 0x07, 0x15, 0x00, 0x00, 0x00, 0x08, 0x15, 0x00, 0x00, 0x00, 0x0d, 0x15,
  0x66, 0x66, 0x55, 0x0e, 0x15, 0xee, 0xcc, 0x66, 0x06, 0x16, 0x00, 0x00, 0x00, 0x07, 0x16, 0x00,
  0x00, 0x00, 0x08, 0x16, 0x99, 0x55, 0x22, 0x0d, 0x16, 0x00, 0x00, 0x00, 0x0e, 0x16, 0x00, 0x00,
  0x00
};
static const KofSprite kStance_benimaru_1 PROGMEM = {
  .w = 20, .h = 23, .pixelCount = 109,
  .pixels = kStance_benimaru_1Pixels, .fmt = 5,
};

// benimaru 帧 2: 20×23, 104 pixels
static const uint8_t kStance_benimaru_2Pixels[] PROGMEM = {
  0x0b, 0x00, 0xee, 0xcc, 0x66, 0x09, 0x01, 0xee, 0xcc, 0x66, 0x0a, 0x01, 0xee, 0xcc, 0x66, 0x0b,
  0x01, 0xff, 0xff, 0xbb, 0x09, 0x02, 0x88, 0x66, 0x00, 0x0a, 0x02, 0xbb, 0x99, 0x33, 0x0b, 0x02,
  0xff, 0xff, 0xbb, 0x05, 0x03, 0xff, 0xee, 0xbb, 0x0a, 0x03, 0xee, 0x99, 0x55, 0x0b, 0x03, 0x99,
  0x55, 0x22, 0x0c, 0x03, 0x66, 0x22, 0x11, 0x0d, 0x03, 0x99, 0x55, 0x22, 0x06, 0x04, 0x99, 0x55,
  0x22, 0x0a, 0x04, 0xff, 0xbb, 0x88, 0x0b, 0x04, 0xee, 0x99, 0x55, 0x0c, 0x04, 0x99, 0x55, 0x22,
  0x0d, 0x04, 0x99, 0x55, 0x22, 0x0e, 0x04, 0xee, 0x99, 0x55, 0x06, 0x05, 0x00, 0x00, 0x00, 0x07,
  0x05, 0x00, 0x00, 0x00, 0x09, 0x05, 0xff, 0xee, 0xbb, 0x0a, 0x05, 0x66, 0x66, 0x55, 0x0b, 0x05,
  0x33, 0x33, 0x33, 0x0c, 0x05, 0x00, 0x00, 0x00, 0x0d, 0x05, 0x00, 0x00, 0x00, 0x0e, 0x05, 0x99,
  0x55, 0x22, 0x06, 0x06, 0x00, 0x00, 0x00, 0x07, 0x06, 0xee, 0x99, 0x55, 0x08, 0x06, 0xee, 0x99,
  0x55, 0x09, 0x06, 0x99, 0x55, 0x22, 0x0a, 0x06, 0x33, 0x33, 0x33, 0x0b, 0x06, 0x33, 0x33, 0x33,
  0x0c, 0x06, 0x99, 0x55, 0x22, 0x0d, 0x06, 0xff, 0xbb, 0x88, 0x0e, 0x06, 0x66, 0x22, 0x11, 0x07,
  0x07, 0x99, 0x55, 0x22, 0x08, 0x07, 0x99, 0x55, 0x22, 0x0a, 0x07, 0x00, 0x00, 0x00, 0x0b, 0x07,
  0x33, 0x33, 0x33, 0x0c, 0x07, 0x66, 0x22, 0x11, 0x0d, 0x07, 0x99, 0x55, 0x22, 0x0e, 0x07, 0x00,
  0x00, 0x00, 0x0b, 0x08, 0x66, 0x66, 0x55, 0x0c, 0x08, 0x00, 0x00, 0x00, 0x0d, 0x08, 0x00, 0x00,
  0x00, 0x0b, 0x09, 0xff, 0xff, 0xbb, 0x0c, 0x09, 0xdd, 0xdd, 0xcc, 0x0d, 0x09, 0xaa, 0x99, 0x88,
  0x0a, 0x0a, 0xaa, 0x99, 0x88, 0x0b, 0x0a, 0xdd, 0xdd, 0xcc, 0x0c, 0x0a, 0x66, 0x66, 0x55, 0x0d,
  0x0a, 0xdd, 0xdd, 0xcc, 0x0a, 0x0b, 0xaa, 0x99, 0x88, 0x0b, 0x0b, 0xaa, 0x99, 0x88, 0x0c, 0x0b,
  0x66, 0x66, 0x55, 0x0d, 0x0b, 0xdd, 0xdd, 0xcc, 0x09, 0x0c, 0xdd, 0xdd, 0xcc, 0x0a, 0x0c, 0xdd,
  0xdd, 0xcc, 0x0b, 0x0c, 0x66, 0x66, 0x55, 0x0c, 0x0c, 0xdd, 0xdd, 0xcc, 0x0d, 0x0c, 0xdd, 0xdd,
  0xcc, 0x08, 0x0d, 0xaa, 0x99, 0x88, 0x09, 0x0d, 0xdd, 0xdd, 0xcc, 0x0a, 0x0d, 0xaa, 0x99, 0x88,
  0x0b, 0x0d, 0xaa, 0x99, 0x88, 0x0c, 0x0d, 0xff, 0xff, 0xff, 0x0d, 0x0d, 0xaa, 0x99, 0x88, 0x08,
  0x0e, 0xdd, 0xdd, 0xcc, 0x09, 0x0e, 0xaa, 0x99, 0x88, 0x0a, 0x0e, 0x66, 0x66, 0x55, 0x0b, 0x0e,
  0xaa, 0x99, 0x88, 0x0c, 0x0e, 0xdd, 0xdd, 0xcc, 0x0d, 0x0e, 0x66, 0x66, 0x55, 0x07, 0x0f, 0xff,
  0xff, 0xff, 0x08, 0x0f, 0xaa, 0x99, 0x88, 0x0b, 0x0f, 0xff, 0xff, 0xff, 0x0c, 0x0f, 0xdd, 0xdd,
  0xcc, 0x0d, 0x0f, 0x33, 0x33, 0x33, 0x07, 0x10, 0x66, 0x66, 0x55, 0x08, 0x10, 0x66, 0x66, 0x55,
  0x0b, 0x10, 0xaa, 0x99, 0x88, 0x0c, 0x10, 0xaa, 0x99, 0x88, 0x07, 0x11, 0x66, 0x66, 0x55, 0x08,
  0x11, 0x66, 0x66, 0x55, 0x0b, 0x11, 0x66, 0x66, 0x55, 0x0c, 0x11, 0xaa, 0x99, 0x88, 0x0d, 0x11,
  0x66, 0x66, 0x55, 0x07, 0x12, 0xaa, 0x99, 0x88, 0x08, 0x12, 0x66, 0x66, 0x55, 0x0c, 0x12, 0xaa,
  0x99, 0x88, 0x0d, 0x12, 0xaa, 0x99, 0x88, 0x07, 0x13, 0xaa, 0x99, 0x88, 0x08, 0x13, 0x66, 0x66,
  0x55, 0x0c, 0x13, 0x66, 0x66, 0x55, 0x0d, 0x13, 0xff, 0xff, 0xff, 0x07, 0x14, 0xdd, 0xdd, 0xcc,
  0x08, 0x14, 0xdd, 0xdd, 0xcc, 0x0d, 0x14, 0xaa, 0x99, 0x88, 0x07, 0x15, 0xff, 0xff, 0xff, 0x08,
  0x15, 0x00, 0x00, 0x00, 0x0d, 0x15, 0x66, 0x66, 0x55, 0x06, 0x16, 0x00, 0x00, 0x00, 0x07, 0x16,
  0x00, 0x00, 0x00, 0x0d, 0x16, 0x33, 0x33, 0x33
};
static const KofSprite kStance_benimaru_2 PROGMEM = {
  .w = 20, .h = 23, .pixelCount = 104,
  .pixels = kStance_benimaru_2Pixels, .fmt = 5,
};

// benimaru 帧 3: 20×23, 99 pixels
static const uint8_t kStance_benimaru_3Pixels[] PROGMEM = {
  0x0a, 0x00, 0xff, 0xff, 0xbb, 0x0b, 0x00, 0xbb, 0x99, 0x33, 0x09, 0x01, 0xee, 0xcc, 0x66, 0x0a,
  0x01, 0xff, 0xff, 0xbb, 0x0b, 0x01, 0xee, 0xcc, 0x66, 0x0a, 0x02, 0xbb, 0x99, 0x33, 0x0b, 0x02,
  0xff, 0xff, 0xbb, 0x0a, 0x03, 0xee, 0x99, 0x55, 0x0b, 0x03, 0xff, 0xbb, 0x88, 0x0c, 0x03, 0xff,
  0xbb, 0x88, 0x05, 0x04, 0x00, 0x00, 0x00, 0x0a, 0x04, 0xee, 0x99, 0x55, 0x0b, 0x04, 0x00, 0x00,
  0x00, 0x0c, 0x04, 0xee, 0x99, 0x55, 0x0d, 0x04, 0xff, 0xbb, 0x88, 0x0e, 0x04, 0x99, 0x55, 0x22,
  0x05, 0x05, 0x00, 0x00, 0x00, 0x06, 0x05, 0x33, 0x33, 0x33, 0x08, 0x05, 0xee, 0x99, 0x55, 0x09,
  0x05, 0xff, 0xee, 0xbb, 0x0a, 0x05, 0x66, 0x66, 0x55, 0x0b, 0x05, 0x66, 0x66, 0x55, 0x0c, 0x05,
  0x00, 0x00, 0x00, 0x0d, 0x05, 0xff, 0xee, 0xbb, 0x0e, 0x05, 0x66, 0x22, 0x11, 0x06, 0x06, 0x00,
  0x00, 0x00, 0x07, 0x06, 0xee, 0x99, 0x55, 0x08, 0x06, 0x66, 0x22, 0x11, 0x09, 0x06, 0x99, 0x55,
  0x22, 0x0a, 0x06, 0x33, 0x33, 0x33, 0x0b, 0x06, 0x00, 0x00, 0x00, 0x0c, 0x06, 0x99, 0x55, 0x22,
  0x0d, 0x06, 0xff, 0xee, 0xbb, 0x07, 0x07, 0x99, 0x55, 0x22, 0x08, 0x07, 0x99, 0x55, 0x22, 0x0a,
  0x07, 0x33, 0x33, 0x33, 0x0b, 0x07, 0x66, 0x66, 0x55, 0x0c, 0x07, 0x99, 0x55, 0x22, 0x0d, 0x07,
  0x99, 0x55, 0x22, 0x0b, 0x08, 0x00, 0x00, 0x00, 0x0c, 0x08, 0x00, 0x00, 0x00, 0x0d, 0x08, 0x00,
  0x00, 0x00, 0x0b, 0x09, 0x00, 0x00, 0x00, 0x0c, 0x09, 0x00, 0x00, 0x00, 0x0d, 0x09, 0x00, 0x00,
  0x00, 0x0a, 0x0a, 0xaa, 0x99, 0x88, 0x0b, 0x0a, 0x66, 0x66, 0x55, 0x0c, 0x0a, 0xdd, 0xdd, 0xcc,
  0x0d, 0x0a, 0xaa, 0x99, 0x88, 0x0a, 0x0b, 0xdd, 0xdd, 0xcc, 0x0b, 0x0b, 0x33, 0x33, 0x33, 0x0c,
  0x0b, 0xdd, 0xdd, 0xcc, 0x0d, 0x0b, 0xaa, 0x99, 0x88, 0x09, 0x0c, 0xaa, 0x99, 0x88, 0x0a, 0x0c,
  0xdd, 0xdd, 0xcc, 0x0b, 0x0c, 0x66, 0x66, 0x55, 0x0c, 0x0c, 0xff, 0xff, 0xff, 0x0d, 0x0c, 0xaa,
  0x99, 0x88, 0x08, 0x0d, 0xaa, 0x99, 0x88, 0x09, 0x0d, 0xff, 0xff, 0xff, 0x0a, 0x0d, 0xaa, 0x99,
  0x88, 0x0c, 0x0d, 0xdd, 0xdd, 0xcc, 0x0d, 0x0d, 0xaa, 0x99, 0x88, 0x08, 0x0e, 0xdd, 0xdd, 0xcc,
  0x09, 0x0e, 0xdd, 0xdd, 0xcc, 0x0a, 0x0e, 0x33, 0x33, 0x33, 0x0c, 0x0e, 0xdd, 0xdd, 0xcc, 0x0d,
  0x0e, 0x66, 0x66, 0x55, 0x07, 0x0f, 0xdd, 0xdd, 0xcc, 0x08, 0x0f, 0xaa, 0x99, 0x88, 0x09, 0x0f,
  0x66, 0x66, 0x55, 0x0c, 0x0f, 0xdd, 0xdd, 0xcc, 0x0d, 0x0f, 0x33, 0x33, 0x33, 0x07, 0x10, 0x66,
  0x66, 0x55, 0x08, 0x10, 0x66, 0x66, 0x55, 0x0c, 0x10, 0xaa, 0x99, 0x88, 0x07, 0x11, 0xaa, 0x99,
  0x88, 0x08, 0x11, 0x66, 0x66, 0x55, 0x0c, 0x11, 0xaa, 0x99, 0x88, 0x0d, 0x11, 0x66, 0x66, 0x55,
  0x07, 0x12, 0xaa, 0x99, 0x88, 0x08, 0x12, 0x66, 0x66, 0x55, 0x0c, 0x12, 0xaa, 0x99, 0x88, 0x0d,
  0x12, 0xaa, 0x99, 0x88, 0x07, 0x13, 0xaa, 0x99, 0x88, 0x08, 0x13, 0x66, 0x66, 0x55, 0x0c, 0x13,
  0x66, 0x66, 0x55, 0x0d, 0x13, 0xdd, 0xdd, 0xcc, 0x07, 0x14, 0xaa, 0x99, 0x88, 0x08, 0x14, 0xdd,
  0xdd, 0xcc, 0x0c, 0x14, 0x66, 0x66, 0x55, 0x0d, 0x14, 0xdd, 0xdd, 0xcc, 0x07, 0x15, 0xaa, 0x99,
  0x88, 0x08, 0x15, 0xaa, 0x99, 0x88, 0x0d, 0x15, 0x66, 0x66, 0x55, 0x06, 0x16, 0x33, 0x33, 0x33,
  0x07, 0x16, 0x00, 0x00, 0x00, 0x08, 0x16, 0x99, 0x55, 0x22, 0x0d, 0x16, 0x33, 0x33, 0x33
};
static const KofSprite kStance_benimaru_3 PROGMEM = {
  .w = 20, .h = 23, .pixelCount = 99,
  .pixels = kStance_benimaru_3Pixels, .fmt = 5,
};

// benimaru 帧 4: 20×23, 101 pixels
static const uint8_t kStance_benimaru_4Pixels[] PROGMEM = {
  0x0a, 0x00, 0xff, 0xff, 0xbb, 0x09, 0x01, 0xee, 0xcc, 0x66, 0x0a, 0x01, 0xee, 0xcc, 0x66, 0x0b,
  0x01, 0xbb, 0x99, 0x33, 0x09, 0x02, 0x88, 0x66, 0x00, 0x0a, 0x02, 0xee, 0xcc, 0x66, 0x0b, 0x02,
  0xee, 0xcc, 0x66, 0x0a, 0x03, 0xff, 0xee, 0xbb, 0x0b, 0x03, 0x66, 0x22, 0x11, 0x0a, 0x04, 0x66,
  0x22, 0x11, 0x0b, 0x04, 0xff, 0xee, 0xbb, 0x0c, 0x04, 0x33, 0x33, 0x33, 0x0d, 0x04, 0xee, 0x99,
  0x55, 0x04, 0x05, 0x00, 0x00, 0x00, 0x05, 0x05, 0x66, 0x66, 0x55, 0x09, 0x05, 0xee, 0x99, 0x55,
  0x0a, 0x05, 0x33, 0x33, 0x33, 0x0b, 0x05, 0x00, 0x00, 0x00, 0x0c, 0x05, 0xee, 0x99, 0x55, 0x0d,
  0x05, 0xff, 0xbb, 0x88, 0x0e, 0x05, 0xee, 0x99, 0x55, 0x05, 0x06, 0x00, 0x00, 0x00, 0x06, 0x06,
  0x00, 0x00, 0x00, 0x07, 0x06, 0xff, 0xbb, 0x88, 0x08, 0x06, 0x66, 0x22, 0x11, 0x09, 0x06, 0xee,
  0x99, 0x55, 0x0a, 0x06, 0x66, 0x66, 0x55, 0x0b, 0x06, 0x66, 0x66, 0x55, 0x0c, 0x06, 0x00, 0x00,
  0x00, 0x0d, 0x06, 0x66, 0x66, 0x55, 0x0e, 0x06, 0xee, 0x99, 0x55, 0x07, 0x07, 0x99, 0x55, 0x22,
  0x08, 0x07, 0x99, 0x55, 0x22, 0x0a, 0x07, 0x00, 0x00, 0x00, 0x0b, 0x07, 0x66, 0x66, 0x55, 0x0c,
  0x07, 0x00, 0x00, 0x00, 0x0d, 0x07, 0x99, 0x55, 0x22, 0x0e, 0x07, 0xee, 0x99, 0x55, 0x0b, 0x08,
  0x33, 0x33, 0x33, 0x0c, 0x08, 0x00, 0x00, 0x00, 0x0d, 0x08, 0x00, 0x00, 0x00, 0x0a, 0x09, 0x00,
  0x00, 0x00, 0x0b, 0x09, 0x00, 0x00, 0x00, 0x0c, 0x09, 0x00, 0x00, 0x00, 0x0d, 0x09, 0x00, 0x00,
  0x00, 0x0a, 0x0a, 0xaa, 0x99, 0x88, 0x0b, 0x0a, 0xaa, 0x99, 0x88, 0x0c, 0x0a, 0xaa, 0x99, 0x88,
  0x0d, 0x0a, 0x66, 0x66, 0x55, 0x09, 0x0b, 0xaa, 0x99, 0x88, 0x0a, 0x0b, 0xaa, 0x99, 0x88, 0x0b,
  0x0b, 0x66, 0x66, 0x55, 0x0c, 0x0b, 0xdd, 0xdd, 0xcc, 0x0d, 0x0b, 0x66, 0x66, 0x55, 0x09, 0x0c,
  0xff, 0xff, 0xff, 0x0a, 0x0c, 0xdd, 0xdd, 0xcc, 0x0b, 0x0c, 0xaa, 0x99, 0x88, 0x0c, 0x0c, 0xff,
  0xff, 0xff, 0x0d, 0x0c, 0x66, 0x66, 0x55, 0x08, 0x0d, 0xdd, 0xdd, 0xcc, 0x09, 0x0d, 0xdd, 0xdd,
  0xcc, 0x0a, 0x0d, 0xaa, 0x99, 0x88, 0x0b, 0x0d, 0xaa, 0x99, 0x88, 0x0c, 0x0d, 0xdd, 0xdd, 0xcc,
  0x0d, 0x0d, 0x66, 0x66, 0x55, 0x07, 0x0e, 0xaa, 0x99, 0x88, 0x08, 0x0e, 0xdd, 0xdd, 0xcc, 0x09,
  0x0e, 0x66, 0x66, 0x55, 0x0b, 0x0e, 0xaa, 0x99, 0x88, 0x0c, 0x0e, 0xdd, 0xdd, 0xcc, 0x0d, 0x0e,
  0x66, 0x66, 0x55, 0x07, 0x0f, 0xdd, 0xdd, 0xcc, 0x08, 0x0f, 0xaa, 0x99, 0x88, 0x0b, 0x0f, 0xaa,
  0x99, 0x88, 0x0c, 0x0f, 0xdd, 0xdd, 0xcc, 0x0d, 0x0f, 0x66, 0x66, 0x55, 0x07, 0x10, 0x66, 0x66,
  0x55, 0x08, 0x10, 0x66, 0x66, 0x55, 0x0c, 0x10, 0xaa, 0x99, 0x88, 0x0d, 0x10, 0xaa, 0x99, 0x88,
  0x07, 0x11, 0xdd, 0xdd, 0xcc, 0x08, 0x11, 0x66, 0x66, 0x55, 0x0c, 0x11, 0x66, 0x66, 0x55, 0x0d,
  0x11, 0xdd, 0xdd, 0xcc, 0x07, 0x12, 0xaa, 0x99, 0x88, 0x08, 0x12, 0x66, 0x66, 0x55, 0x0c, 0x12,
  0x66, 0x66, 0x55, 0x0d, 0x12, 0xdd, 0xdd, 0xcc, 0x07, 0x13, 0xaa, 0x99, 0x88, 0x08, 0x13, 0x66,
  0x66, 0x55, 0x0d, 0x13, 0xaa, 0x99, 0x88, 0x07, 0x14, 0xaa, 0x99, 0x88, 0x08, 0x14, 0x66, 0x66,
  0x55, 0x0d, 0x14, 0xaa, 0x99, 0x88, 0x07, 0x15, 0xdd, 0xdd, 0xcc, 0x08, 0x15, 0x00, 0x00, 0x00,
  0x0d, 0x15, 0x66, 0x66, 0x55, 0x0e, 0x15, 0x00, 0x00, 0x00, 0x07, 0x16, 0x00, 0x00, 0x00, 0x08,
  0x16, 0x66, 0x66, 0x55, 0x0e, 0x16, 0x00, 0x00, 0x00
};
static const KofSprite kStance_benimaru_4 PROGMEM = {
  .w = 20, .h = 23, .pixelCount = 101,
  .pixels = kStance_benimaru_4Pixels, .fmt = 5,
};

// benimaru 帧 5: 20×23, 94 pixels
static const uint8_t kStance_benimaru_5Pixels[] PROGMEM = {
  0x09, 0x00, 0xff, 0xff, 0xbb, 0x0a, 0x00, 0xff, 0xff, 0xbb, 0x0b, 0x00, 0xee, 0xcc, 0x66, 0x08,
  0x01, 0xbb, 0x99, 0x33, 0x09, 0x01, 0xff, 0xff, 0xbb, 0x0a, 0x01, 0xee, 0xcc, 0x66, 0x0b, 0x01,
  0xbb, 0x99, 0x33, 0x09, 0x02, 0xbb, 0x99, 0x33, 0x0a, 0x02, 0xff, 0xbb, 0x88, 0x0b, 0x02, 0xbb,
  0x99, 0x33, 0x0a, 0x03, 0xff, 0xff, 0xbb, 0x0b, 0x03, 0xee, 0x99, 0x55, 0x08, 0x04, 0xff, 0xbb,
  0x88, 0x09, 0x04, 0xee, 0x99, 0x55, 0x0a, 0x04, 0x66, 0x22, 0x11, 0x0b, 0x04, 0x33, 0x33, 0x33,
  0x0c, 0x04, 0xee, 0x99, 0x55, 0x0d, 0x04, 0xee, 0x99, 0x55, 0x05, 0x05, 0xff, 0xbb, 0x88, 0x06,
  0x05, 0x33, 0x33, 0x33, 0x08, 0x05, 0xee, 0x99, 0x55, 0x09, 0x05, 0xee, 0xcc, 0x66, 0x0a, 0x05,
  0x00, 0x00, 0x00, 0x0b, 0x05, 0x33, 0x33, 0x33, 0x0c, 0x05, 0xff, 0xee, 0xbb, 0x0d, 0x05, 0x66,
  0x22, 0x11, 0x05, 0x06, 0x66, 0x22, 0x11, 0x06, 0x06, 0x00, 0x00, 0x00, 0x08, 0x06, 0xff, 0xbb,
  0x88, 0x09, 0x06, 0x99, 0x55, 0x22, 0x0a, 0x06, 0x33, 0x33, 0x33, 0x0b, 0x06, 0xff, 0xee, 0xbb,
  0x0c, 0x06, 0xee, 0x99, 0x55, 0x0d, 0x06, 0x99, 0x55, 0x22, 0x07, 0x07, 0x99, 0x55, 0x22, 0x08,
  0x07, 0x99, 0x55, 0x22, 0x0a, 0x07, 0x00, 0x00, 0x00, 0x0b, 0x07, 0x99, 0x55, 0x22, 0x0c, 0x07,
  0x33, 0x33, 0x33, 0x0d, 0x07, 0x00, 0x00, 0x00, 0x0b, 0x08, 0x33, 0x33, 0x33, 0x0c, 0x08, 0x33,
  0x33, 0x33, 0x0b, 0x09, 0xdd, 0xdd, 0xcc, 0x0c, 0x09, 0xdd, 0xdd, 0xcc, 0x0a, 0x0a, 0xdd, 0xdd,
  0xcc, 0x0b, 0x0a, 0xaa, 0x99, 0x88, 0x0c, 0x0a, 0xdd, 0xdd, 0xcc, 0x09, 0x0b, 0xaa, 0x99, 0x88,
  0x0a, 0x0b, 0xff, 0xff, 0xff, 0x0b, 0x0b, 0xaa, 0x99, 0x88, 0x0c, 0x0b, 0xdd, 0xdd, 0xcc, 0x09,
  0x0c, 0xdd, 0xdd, 0xcc, 0x0a, 0x0c, 0xdd, 0xdd, 0xcc, 0x0b, 0x0c, 0xaa, 0x99, 0x88, 0x0c, 0x0c,
  0xdd, 0xdd, 0xcc, 0x08, 0x0d, 0xaa, 0x99, 0x88, 0x09, 0x0d, 0xff, 0xff, 0xff, 0x0a, 0x0d, 0x66,
  0x66, 0x55, 0x0b, 0x0d, 0xdd, 0xdd, 0xcc, 0x0c, 0x0d, 0xdd, 0xdd, 0xcc, 0x08, 0x0e, 0xff, 0xff,
  0xff, 0x09, 0x0e, 0x66, 0x66, 0x55, 0x0a, 0x0e, 0x33, 0x33, 0x33, 0x0b, 0x0e, 0xdd, 0xdd, 0xcc,
  0x0c, 0x0e, 0xdd, 0xdd, 0xcc, 0x08, 0x0f, 0xaa, 0x99, 0x88, 0x09, 0x0f, 0x66, 0x66, 0x55, 0x0b,
  0x0f, 0xdd, 0xdd, 0xcc, 0x0c, 0x0f, 0xaa, 0x99, 0x88, 0x07, 0x10, 0x66, 0x66, 0x55, 0x08, 0x10,
  0x66, 0x66, 0x55, 0x0b, 0x10, 0xaa, 0x99, 0x88, 0x0c, 0x10, 0xaa, 0x99, 0x88, 0x07, 0x11, 0xaa,
  0x99, 0x88, 0x08, 0x11, 0x33, 0x33, 0x33, 0x0b, 0x11, 0x66, 0x66, 0x55, 0x0c, 0x11, 0xdd, 0xdd,
  0xcc, 0x07, 0x12, 0xdd, 0xdd, 0xcc, 0x08, 0x12, 0x66, 0x66, 0x55, 0x0c, 0x12, 0xaa, 0x99, 0x88,
  0x07, 0x13, 0xdd, 0xdd, 0xcc, 0x08, 0x13, 0x33, 0x33, 0x33, 0x0c, 0x13, 0x66, 0x66, 0x55, 0x0d,
  0x13, 0xaa, 0x99, 0x88, 0x07, 0x14, 0xaa, 0x99, 0x88, 0x0c, 0x14, 0x33, 0x33, 0x33, 0x0d, 0x14,
  0xaa, 0x99, 0x88, 0x06, 0x15, 0x00, 0x00, 0x00, 0x07, 0x15, 0x00, 0x00, 0x00, 0x0d, 0x15, 0x00,
  0x00, 0x00, 0x05, 0x16, 0x33, 0x33, 0x33, 0x06, 0x16, 0x00, 0x00, 0x00, 0x07, 0x16, 0x33, 0x33,
  0x33, 0x0d, 0x16, 0x33, 0x33, 0x33
};
static const KofSprite kStance_benimaru_5 PROGMEM = {
  .w = 20, .h = 23, .pixelCount = 94,
  .pixels = kStance_benimaru_5Pixels, .fmt = 5,
};

static const KofSprite* const kStance_benimaru_Frames[] PROGMEM = {
  &kStance_benimaru_0,
  &kStance_benimaru_1,
  &kStance_benimaru_2,
  &kStance_benimaru_3,
  &kStance_benimaru_4,
  &kStance_benimaru_5
};
static const KofStanceSet kStance_benimaru PROGMEM = {
  .frameCount = 6,
  .frames = kStance_benimaru_Frames,
};

// mai 帧 0: 20×23, 137 pixels
static const uint8_t kStance_mai_0Pixels[] PROGMEM = {
  0x0c, 0x01, 0x00, 0x00, 0x00, 0x0d, 0x01, 0x00, 0x00, 0x00, 0x0a, 0x02, 0x00, 0x00, 0x00, 0x0b,
  0x02, 0x00, 0x00, 0x00, 0x0c, 0x02, 0x00, 0x00, 0x00, 0x0d, 0x02, 0x00, 0x00, 0x00, 0x0e, 0x02,
  0x00, 0x00, 0x00, 0x09, 0x03, 0x00, 0x00, 0x00, 0x0a, 0x03, 0x88, 0x11, 0x00, 0x0b, 0x03, 0x00,
  0x00, 0x00, 0x0c, 0x03, 0x00, 0x00, 0x00, 0x0d, 0x03, 0x00, 0x00, 0x00, 0x0e, 0x03, 0x88, 0x11,
  0x00, 0x0a, 0x04, 0xff, 0xee, 0xbb, 0x0b, 0x04, 0xff, 0xcc, 0x88, 0x0c, 0x04, 0x88, 0x11, 0x00,
  0x0d, 0x04, 0x99, 0x00, 0x00, 0x0e, 0x04, 0xff, 0xcc, 0x88, 0x0a, 0x05, 0xcc, 0x22, 0x11, 0x0b,
  0x05, 0x88, 0x11, 0x00, 0x0c, 0x05, 0xbb, 0x44, 0x22, 0x0d, 0x05, 0xbb, 0x44, 0x22, 0x0e, 0x05,
  0xff, 0xee, 0xbb, 0x0f, 0x05, 0xee, 0x88, 0x55, 0x10, 0x05, 0xff, 0xcc, 0x88, 0x09, 0x06, 0xee,
  0x88, 0x55, 0x0a, 0x06, 0xff, 0xff, 0xff, 0x0b, 0x06, 0xee, 0x88, 0x55, 0x0c, 0x06, 0xff, 0xcc,
  0x88, 0x0d, 0x06, 0xcc, 0x22, 0x11, 0x0e, 0x06, 0x00, 0x00, 0x00, 0x10, 0x06, 0x88, 0x11, 0x00,
  0x11, 0x06, 0xee, 0x88, 0x55, 0x09, 0x07, 0xff, 0xcc, 0x88, 0x0a, 0x07, 0x99, 0x00, 0x00, 0x0b,
  0x07, 0xbb, 0x44, 0x22, 0x0c, 0x07, 0x99, 0x00, 0x00, 0x0d, 0x07, 0x99, 0x00, 0x00, 0x0e, 0x07,
  0x00, 0x00, 0x00, 0x08, 0x08, 0xee, 0x88, 0x55, 0x09, 0x08, 0xbb, 0x44, 0x22, 0x0b, 0x08, 0x33,
  0x00, 0x00, 0x0c, 0x08, 0x33, 0x00, 0x00, 0x0d, 0x08, 0x33, 0x00, 0x00, 0x07, 0x09, 0xff, 0xee,
  0xbb, 0x08, 0x09, 0xee, 0x88, 0x55, 0x0b, 0x09, 0xdd, 0xcc, 0xbb, 0x0c, 0x09, 0xff, 0xff, 0xff,
  0x0d, 0x09, 0xdd, 0xcc, 0xbb, 0x06, 0x0a, 0x00, 0x00, 0x00, 0x07, 0x0a, 0xbb, 0x44, 0x22, 0x0b,
  0x0a, 0x99, 0x00, 0x00, 0x0c, 0x0a, 0xcc, 0x22, 0x11, 0x0d, 0x0a, 0x66, 0x00, 0x00, 0x0e, 0x0a,
  0xff, 0xcc, 0x88, 0x05, 0x0b, 0x00, 0x00, 0x00, 0x06, 0x0b, 0x00, 0x00, 0x00, 0x0a, 0x0b, 0xff,
  0xcc, 0x88, 0x0b, 0x0b, 0x33, 0x00, 0x00, 0x0c, 0x0b, 0x99, 0x00, 0x00, 0x0d, 0x0b, 0x99, 0x00,
  0x00, 0x0e, 0x0b, 0xff, 0xcc, 0x88, 0x05, 0x0c, 0xbb, 0x44, 0x22, 0x0a, 0x0c, 0xff, 0xee, 0xbb,
  0x0b, 0x0c, 0x99, 0x00, 0x00, 0x0c, 0x0c, 0xcc, 0x22, 0x11, 0x0d, 0x0c, 0x99, 0x00, 0x00, 0x0e,
  0x0c, 0xff, 0xee, 0xbb, 0x0f, 0x0c, 0xee, 0x88, 0x55, 0x04, 0x0d, 0xff, 0xee, 0xbb, 0x0a, 0x0d,
  0xff, 0xee, 0xbb, 0x0b, 0x0d, 0x99, 0x00, 0x00, 0x0c, 0x0d, 0xcc, 0x22, 0x11, 0x0d, 0x0d, 0xcc,
  0x22, 0x11, 0x0e, 0x0d, 0xff, 0xcc, 0x88, 0x0f, 0x0d, 0xee, 0x88, 0x55, 0x03, 0x0e, 0xff, 0xff,
  0xff, 0x04, 0x0e, 0xff, 0xff, 0xff, 0x06, 0x0e, 0x66, 0x00, 0x00, 0x0a, 0x0e, 0xff, 0xee, 0xbb,
  0x0b, 0x0e, 0xbb, 0x44, 0x22, 0x0c, 0x0e, 0x33, 0x00, 0x00, 0x0d, 0x0e, 0x33, 0x00, 0x00, 0x0e,
  0x0e, 0xbb, 0x44, 0x22, 0x0f, 0x0e, 0xff, 0xcc, 0x88, 0x02, 0x0f, 0xff, 0xff, 0xff, 0x03, 0x0f,
  0xff, 0xff, 0xff, 0x0a, 0x0f, 0xff, 0xcc, 0x88, 0x0b, 0x0f, 0xee, 0x88, 0x55, 0x0c, 0x0f, 0xdd,
  0xcc, 0xbb, 0x0d, 0x0f, 0x66, 0x00, 0x00, 0x0e, 0x0f, 0x88, 0x11, 0x00, 0x0f, 0x0f, 0xff, 0xee,
  0xbb, 0x00, 0x10, 0xff, 0xff, 0xff, 0x01, 0x10, 0x99, 0x00, 0x00, 0x02, 0x10, 0x88, 0x99, 0x66,
  0x07, 0x10, 0xff, 0xff, 0xff, 0x0a, 0x10, 0xff, 0xcc, 0x88, 0x0b, 0x10, 0xee, 0x88, 0x55, 0x0c,
  0x10, 0x88, 0x99, 0x66, 0x0d, 0x10, 0x88, 0x99, 0x66, 0x0e, 0x10, 0x33, 0x00, 0x00, 0x0f, 0x10,
  0xff, 0xcc, 0x88, 0x10, 0x10, 0xee, 0x88, 0x55, 0x00, 0x11, 0x99, 0x00, 0x00, 0x01, 0x11, 0x88,
  0x99, 0x66, 0x07, 0x11, 0x66, 0x00, 0x00, 0x0a, 0x11, 0xbb, 0x44, 0x22, 0x0b, 0x11, 0xbb, 0x44,
  0x22, 0x0c, 0x11, 0x99, 0x00, 0x00, 0x0d, 0x11, 0xff, 0x33, 0x22, 0x0e, 0x11, 0x33, 0x00, 0x00,
  0x0f, 0x11, 0x88, 0x11, 0x00, 0x10, 0x11, 0x88, 0x11, 0x00, 0x11, 0x11, 0xff, 0xcc, 0x88, 0x0a,
  0x12, 0xbb, 0x44, 0x22, 0x0b, 0x12, 0xbb, 0x44, 0x22, 0x0c, 0x12, 0xcc, 0x22, 0x11, 0x0d, 0x12,
  0xcc, 0x22, 0x11, 0x10, 0x12, 0xbb, 0x44, 0x22, 0x11, 0x12, 0xbb, 0x44, 0x22, 0x0a, 0x13, 0xbb,
  0x44, 0x22, 0x0b, 0x13, 0xbb, 0x44, 0x22, 0x0c, 0x13, 0x33, 0x00, 0x00, 0x0d, 0x13, 0x33, 0x00,
  0x00, 0x11, 0x13, 0xbb, 0x44, 0x22, 0x0b, 0x14, 0xbb, 0x44, 0x22, 0x0c, 0x14, 0x33, 0x00, 0x00,
  0x11, 0x14, 0x00, 0x00, 0x00, 0x12, 0x14, 0x88, 0x11, 0x00, 0x0b, 0x15, 0xcc, 0x22, 0x11, 0x12,
  0x15, 0xcc, 0x22, 0x11, 0x13, 0x15, 0xdd, 0xcc, 0xbb, 0x0a, 0x16, 0xbb, 0x44, 0x22, 0x0b, 0x16,
  0x00, 0x00, 0x00, 0x12, 0x16, 0x88, 0x99, 0x66, 0x13, 0x16, 0x88, 0x11, 0x00
};
static const KofSprite kStance_mai_0 PROGMEM = {
  .w = 20, .h = 23, .pixelCount = 137,
  .pixels = kStance_mai_0Pixels, .fmt = 5,
};

// mai 帧 1: 20×23, 125 pixels
static const uint8_t kStance_mai_1Pixels[] PROGMEM = {
  0x0a, 0x00, 0xdd, 0xcc, 0xbb, 0x0b, 0x00, 0x00, 0x00, 0x00, 0x0c, 0x00, 0x88, 0x99, 0x66, 0x0a,
  0x01, 0x00, 0x00, 0x00, 0x0b, 0x01, 0x88, 0x99, 0x66, 0x0c, 0x01, 0x88, 0x11, 0x00, 0x09, 0x02,
  0x00, 0x00, 0x00, 0x0a, 0x02, 0x00, 0x00, 0x00, 0x0b, 0x02, 0xbb, 0x44, 0x22, 0x0c, 0x02, 0x00,
  0x00, 0x00, 0x09, 0x03, 0xee, 0x88, 0x55, 0x0a, 0x03, 0x88, 0x11, 0x00, 0x0b, 0x03, 0x00, 0x00,
  0x00, 0x0c, 0x03, 0x00, 0x00, 0x00, 0x09, 0x04, 0xff, 0xee, 0xbb, 0x0a, 0x04, 0xff, 0xff, 0xff,
  0x0b, 0x04, 0x00, 0x00, 0x00, 0x0c, 0x04, 0xff, 0xff, 0xff, 0x0d, 0x04, 0xff, 0xcc, 0x88, 0x0e,
  0x04, 0xff, 0xee, 0xbb, 0x0f, 0x04, 0xff, 0xcc, 0x88, 0x08, 0x05, 0xff, 0xcc, 0x88, 0x09, 0x05,
  0xdd, 0xcc, 0xbb, 0x0a, 0x05, 0x88, 0x11, 0x00, 0x0b, 0x05, 0x88, 0x11, 0x00, 0x0c, 0x05, 0x99,
  0x00, 0x00, 0x0d, 0x05, 0xcc, 0x22, 0x11, 0x0e, 0x05, 0x88, 0x11, 0x00, 0x0f, 0x05, 0xee, 0x88,
  0x55, 0x06, 0x06, 0xee, 0x88, 0x55, 0x07, 0x06, 0xff, 0xcc, 0x88, 0x09, 0x06, 0xcc, 0x22, 0x11,
  0x0a, 0x06, 0xee, 0x88, 0x55, 0x0b, 0x06, 0xee, 0x88, 0x55, 0x0c, 0x06, 0xcc, 0x22, 0x11, 0x0d,
  0x06, 0xee, 0x88, 0x55, 0x05, 0x07, 0xff, 0xcc, 0x88, 0x06, 0x07, 0xee, 0x88, 0x55, 0x09, 0x07,
  0xcc, 0x22, 0x11, 0x0a, 0x07, 0xff, 0xcc, 0x88, 0x0b, 0x07, 0xdd, 0xcc, 0xbb, 0x0c, 0x07, 0x99,
  0x00, 0x00, 0x04, 0x08, 0x99, 0x00, 0x00, 0x05, 0x08, 0x99, 0x00, 0x00, 0x09, 0x08, 0x33, 0x00,
  0x00, 0x0a, 0x08, 0x33, 0x00, 0x00, 0x0b, 0x08, 0x33, 0x00, 0x00, 0x04, 0x09, 0xff, 0xcc, 0x88,
  0x05, 0x09, 0xbb, 0x44, 0x22, 0x06, 0x09, 0xff, 0xff, 0xff, 0x08, 0x09, 0xee, 0x88, 0x55, 0x09,
  0x09, 0x99, 0x00, 0x00, 0x0a, 0x09, 0xcc, 0x22, 0x11, 0x0b, 0x09, 0xff, 0xee, 0xbb, 0x04, 0x0a,
  0x99, 0x00, 0x00, 0x07, 0x0a, 0x66, 0x00, 0x00, 0x08, 0x0a, 0x99, 0x00, 0x00, 0x09, 0x0a, 0xff,
  0xff, 0xff, 0x0a, 0x0a, 0xcc, 0x22, 0x11, 0x0b, 0x0a, 0xee, 0x88, 0x55, 0x07, 0x0b, 0xbb, 0x44,
  0x22, 0x08, 0x0b, 0xbb, 0x44, 0x22, 0x09, 0x0b, 0xff, 0x33, 0x22, 0x0a, 0x0b, 0x66, 0x00, 0x00,
  0x0b, 0x0b, 0xff, 0xcc, 0x88, 0x0c, 0x0b, 0xee, 0x88, 0x55, 0x06, 0x0c, 0x99, 0x00, 0x00, 0x07,
  0x0c, 0x66, 0x00, 0x00, 0x08, 0x0c, 0xff, 0x33, 0x22, 0x09, 0x0c, 0x66, 0x00, 0x00, 0x0a, 0x0c,
  0x66, 0x00, 0x00, 0x0b, 0x0c, 0xff, 0xee, 0xbb, 0x0c, 0x0c, 0xee, 0x88, 0x55, 0x05, 0x0d, 0x88,
  0x99, 0x66, 0x06, 0x0d, 0x99, 0x00, 0x00, 0x07, 0x0d, 0xff, 0xee, 0xbb, 0x08, 0x0d, 0x66, 0x00,
  0x00, 0x09, 0x0d, 0x33, 0x00, 0x00, 0x0a, 0x0d, 0xbb, 0x44, 0x22, 0x0b, 0x0d, 0xff, 0xee, 0xbb,
  0x0c, 0x0d, 0xee, 0x88, 0x55, 0x07, 0x0e, 0xbb, 0x44, 0x22, 0x08, 0x0e, 0xbb, 0x44, 0x22, 0x09,
  0x0e, 0x33, 0x00, 0x00, 0x0a, 0x0e, 0xff, 0xcc, 0x88, 0x0b, 0x0e, 0xff, 0xcc, 0x88, 0x06, 0x0f,
  0xbb, 0x44, 0x22, 0x07, 0x0f, 0xff, 0xcc, 0x88, 0x08, 0x0f, 0xbb, 0x44, 0x22, 0x09, 0x0f, 0x66,
  0x00, 0x00, 0x0a, 0x0f, 0xff, 0xcc, 0x88, 0x0b, 0x0f, 0xff, 0xcc, 0x88, 0x06, 0x10, 0xbb, 0x44,
  0x22, 0x07, 0x10, 0xff, 0xee, 0xbb, 0x08, 0x10, 0xdd, 0xcc, 0xbb, 0x0a, 0x10, 0xee, 0x88, 0x55,
  0x0b, 0x10, 0xee, 0x88, 0x55, 0x05, 0x11, 0xee, 0x88, 0x55, 0x06, 0x11, 0xbb, 0x44, 0x22, 0x07,
  0x11, 0xcc, 0x22, 0x11, 0x08, 0x11, 0x99, 0x00, 0x00, 0x0a, 0x11, 0xbb, 0x44, 0x22, 0x0b, 0x11,
  0xbb, 0x44, 0x22, 0x05, 0x12, 0xbb, 0x44, 0x22, 0x06, 0x12, 0xbb, 0x44, 0x22, 0x07, 0x12, 0x99,
  0x00, 0x00, 0x08, 0x12, 0x99, 0x00, 0x00, 0x0a, 0x12, 0xbb, 0x44, 0x22, 0x0b, 0x12, 0xbb, 0x44,
  0x22, 0x05, 0x13, 0x00, 0x00, 0x00, 0x07, 0x13, 0x99, 0x00, 0x00, 0x08, 0x13, 0x66, 0x00, 0x00,
  0x09, 0x13, 0x99, 0x00, 0x00, 0x0a, 0x13, 0xbb, 0x44, 0x22, 0x0b, 0x13, 0xbb, 0x44, 0x22, 0x04,
  0x14, 0xff, 0xff, 0xff, 0x05, 0x14, 0x00, 0x00, 0x00, 0x08, 0x14, 0x33, 0x00, 0x00, 0x0a, 0x14,
  0x00, 0x00, 0x00, 0x04, 0x15, 0xff, 0x33, 0x22, 0x0a, 0x15, 0xff, 0xff, 0xff, 0x03, 0x16, 0x00,
  0x00, 0x00, 0x04, 0x16, 0xdd, 0xcc, 0xbb, 0x09, 0x16, 0xff, 0xff, 0xff, 0x0a, 0x16, 0xff, 0xff,
  0xff
};
static const KofSprite kStance_mai_1 PROGMEM = {
  .w = 20, .h = 23, .pixelCount = 125,
  .pixels = kStance_mai_1Pixels, .fmt = 5,
};

// mai 帧 2: 20×23, 119 pixels
static const uint8_t kStance_mai_2Pixels[] PROGMEM = {
  0x0c, 0x00, 0xdd, 0xcc, 0xbb, 0x0a, 0x01, 0x00, 0x00, 0x00, 0x0b, 0x01, 0xff, 0xff, 0xff, 0x0c,
  0x01, 0x00, 0x00, 0x00, 0x09, 0x02, 0x00, 0x00, 0x00, 0x0a, 0x02, 0x00, 0x00, 0x00, 0x0b, 0x02,
  0xbb, 0x44, 0x22, 0x0c, 0x02, 0x00, 0x00, 0x00, 0x0d, 0x02, 0x00, 0x00, 0x00, 0x09, 0x03, 0x00,
  0x00, 0x00, 0x0a, 0x03, 0xbb, 0x44, 0x22, 0x0b, 0x03, 0x00, 0x00, 0x00, 0x0c, 0x03, 0x00, 0x00,
  0x00, 0x0d, 0x03, 0x00, 0x00, 0x00, 0x09, 0x04, 0xbb, 0x44, 0x22, 0x0a, 0x04, 0x00, 0x00, 0x00,
  0x0b, 0x04, 0x00, 0x00, 0x00, 0x0c, 0x04, 0xcc, 0x22, 0x11, 0x0d, 0x04, 0xff, 0xee, 0xbb, 0x0e,
  0x04, 0xff, 0xcc, 0x88, 0x0f, 0x04, 0xff, 0xee, 0xbb, 0x08, 0x05, 0xff, 0xcc, 0x88, 0x09, 0x05,
  0xcc, 0x22, 0x11, 0x0a, 0x05, 0x88, 0x11, 0x00, 0x0b, 0x05, 0x88, 0x11, 0x00, 0x0c, 0x05, 0x99,
  0x00, 0x00, 0x0d, 0x05, 0xff, 0xcc, 0x88, 0x0e, 0x05, 0x00, 0x00, 0x00, 0x07, 0x06, 0xff, 0xcc,
  0x88, 0x08, 0x06, 0x88, 0x11, 0x00, 0x09, 0x06, 0x66, 0x00, 0x00, 0x0a, 0x06, 0xff, 0xff, 0xff,
  0x0b, 0x06, 0xee, 0x88, 0x55, 0x0c, 0x06, 0xff, 0xff, 0xff, 0x06, 0x07, 0xee, 0x88, 0x55, 0x07,
  0x07, 0x88, 0x11, 0x00, 0x09, 0x07, 0x88, 0x11, 0x00, 0x0a, 0x07, 0x99, 0x00, 0x00, 0x0b, 0x07,
  0x88, 0x99, 0x66, 0x0c, 0x07, 0x66, 0x00, 0x00, 0x05, 0x08, 0x88, 0x11, 0x00, 0x06, 0x08, 0xee,
  0x88, 0x55, 0x09, 0x08, 0x88, 0x99, 0x66, 0x0a, 0x08, 0x66, 0x00, 0x00, 0x0b, 0x08, 0x33, 0x00,
  0x00, 0x04, 0x09, 0xff, 0xcc, 0x88, 0x05, 0x09, 0xbb, 0x44, 0x22, 0x09, 0x09, 0x99, 0x00, 0x00,
  0x0a, 0x09, 0x99, 0x00, 0x00, 0x0b, 0x09, 0x99, 0x00, 0x00, 0x04, 0x0a, 0xee, 0x88, 0x55, 0x05,
  0x0a, 0x33, 0x00, 0x00, 0x06, 0x0a, 0xcc, 0x22, 0x11, 0x07, 0x0a, 0xff, 0xff, 0xff, 0x08, 0x0a,
  0xee, 0x88, 0x55, 0x09, 0x0a, 0xff, 0xff, 0xff, 0x0a, 0x0a, 0x66, 0x00, 0x00, 0x0b, 0x0a, 0xcc,
  0x22, 0x11, 0x0c, 0x0a, 0xff, 0xcc, 0x88, 0x07, 0x0b, 0xff, 0xff, 0xff, 0x08, 0x0b, 0xcc, 0x22,
  0x11, 0x09, 0x0b, 0xee, 0x88, 0x55, 0x0a, 0x0b, 0x66, 0x00, 0x00, 0x0b, 0x0b, 0xcc, 0x22, 0x11,
  0x0c, 0x0b, 0x66, 0x00, 0x00, 0x08, 0x0c, 0xbb, 0x44, 0x22, 0x09, 0x0c, 0xee, 0x88, 0x55, 0x0a,
  0x0c, 0x88, 0x11, 0x00, 0x0b, 0x0c, 0x99, 0x00, 0x00, 0x0c, 0x0c, 0x66, 0x00, 0x00, 0x03, 0x0d,
  0x66, 0x00, 0x00, 0x07, 0x0d, 0xdd, 0xcc, 0xbb, 0x08, 0x0d, 0xff, 0xcc, 0x88, 0x09, 0x0d, 0xbb,
  0x44, 0x22, 0x0a, 0x0d, 0x88, 0x11, 0x00, 0x0b, 0x0d, 0xbb, 0x44, 0x22, 0x0c, 0x0d, 0xff, 0xee,
  0xbb, 0x03, 0x0e, 0xcc, 0x22, 0x11, 0x07, 0x0e, 0xdd, 0xcc, 0xbb, 0x08, 0x0e, 0xff, 0xcc, 0x88,
  0x09, 0x0e, 0xee, 0x88, 0x55, 0x0a, 0x0e, 0x33, 0x00, 0x00, 0x0b, 0x0e, 0xee, 0x88, 0x55, 0x0c,
  0x0e, 0xff, 0xee, 0xbb, 0x07, 0x0f, 0x66, 0x00, 0x00, 0x08, 0x0f, 0xee, 0x88, 0x55, 0x09, 0x0f,
  0xee, 0x88, 0x55, 0x0a, 0x0f, 0x33, 0x00, 0x00, 0x0b, 0x0f, 0xee, 0x88, 0x55, 0x0c, 0x0f, 0xff,
  0xcc, 0x88, 0x06, 0x10, 0xff, 0xff, 0xff, 0x07, 0x10, 0xdd, 0xcc, 0xbb, 0x08, 0x10, 0xbb, 0x44,
  0x22, 0x09, 0x10, 0xbb, 0x44, 0x22, 0x0b, 0x10, 0xee, 0x88, 0x55, 0x0c, 0x10, 0xff, 0xcc, 0x88,
  0x05, 0x11, 0x33, 0x00, 0x00, 0x06, 0x11, 0x66, 0x00, 0x00, 0x07, 0x11, 0xcc, 0x22, 0x11, 0x08,
  0x11, 0xbb, 0x44, 0x22, 0x09, 0x11, 0x66, 0x00, 0x00, 0x0b, 0x11, 0xbb, 0x44, 0x22, 0x0c, 0x11,
  0xbb, 0x44, 0x22, 0x06, 0x12, 0x33, 0x00, 0x00, 0x07, 0x12, 0x33, 0x00, 0x00, 0x08, 0x12, 0xbb,
  0x44, 0x22, 0x0b, 0x12, 0xbb, 0x44, 0x22, 0x0c, 0x12, 0xbb, 0x44, 0x22, 0x08, 0x13, 0xbb, 0x44,
  0x22, 0x0b, 0x13, 0xbb, 0x44, 0x22, 0x08, 0x14, 0x00, 0x00, 0x00, 0x0b, 0x14, 0x88, 0x11, 0x00,
  0x07, 0x15, 0x99, 0x00, 0x00, 0x08, 0x15, 0xdd, 0xcc, 0xbb, 0x0b, 0x15, 0xff, 0xff, 0xff, 0x06,
  0x16, 0x00, 0x00, 0x00, 0x07, 0x16, 0x00, 0x00, 0x00, 0x0a, 0x16, 0x00, 0x00, 0x00, 0x0b, 0x16,
  0x00, 0x00, 0x00
};
static const KofSprite kStance_mai_2 PROGMEM = {
  .w = 20, .h = 23, .pixelCount = 119,
  .pixels = kStance_mai_2Pixels, .fmt = 5,
};

// mai 帧 3: 20×23, 121 pixels
static const uint8_t kStance_mai_3Pixels[] PROGMEM = {
  0x0c, 0x00, 0xdd, 0xcc, 0xbb, 0x0d, 0x00, 0xff, 0xff, 0xff, 0x0c, 0x01, 0x00, 0x00, 0x00, 0x0d,
  0x01, 0x88, 0x99, 0x66, 0x0e, 0x01, 0xbb, 0x44, 0x22, 0x0a, 0x02, 0x00, 0x00, 0x00, 0x0b, 0x02,
  0x00, 0x00, 0x00, 0x0c, 0x02, 0x88, 0x11, 0x00, 0x0d, 0x02, 0x00, 0x00, 0x00, 0x0e, 0x02, 0x00,
  0x00, 0x00, 0x0a, 0x03, 0x00, 0x00, 0x00, 0x0b, 0x03, 0xff, 0xcc, 0x88, 0x0c, 0x03, 0x00, 0x00,
  0x00, 0x0d, 0x03, 0x00, 0x00, 0x00, 0x0e, 0x03, 0x00, 0x00, 0x00, 0x0b, 0x04, 0xee, 0x88, 0x55,
  0x0c, 0x04, 0xbb, 0x44, 0x22, 0x0d, 0x04, 0x99, 0x00, 0x00, 0x0e, 0x04, 0xff, 0xff, 0xff, 0x0f,
  0x04, 0xff, 0xee, 0xbb, 0x10, 0x04, 0xff, 0xcc, 0x88, 0x09, 0x05, 0xff, 0xee, 0xbb, 0x0a, 0x05,
  0xff, 0xff, 0xff, 0x0b, 0x05, 0x88, 0x11, 0x00, 0x0c, 0x05, 0x88, 0x11, 0x00, 0x0d, 0x05, 0xff,
  0xff, 0xff, 0x0e, 0x05, 0x88, 0x11, 0x00, 0x0f, 0x05, 0x88, 0x11, 0x00, 0x10, 0x05, 0x00, 0x00,
  0x00, 0x08, 0x06, 0xff, 0xcc, 0x88, 0x09, 0x06, 0x88, 0x11, 0x00, 0x0a, 0x06, 0x88, 0x11, 0x00,
  0x0b, 0x06, 0xff, 0x33, 0x22, 0x0c, 0x06, 0xff, 0xcc, 0x88, 0x0d, 0x06, 0xff, 0xcc, 0x88, 0x0e,
  0x06, 0x88, 0x11, 0x00, 0x07, 0x07, 0xff, 0xee, 0xbb, 0x08, 0x07, 0x88, 0x11, 0x00, 0x0a, 0x07,
  0x88, 0x11, 0x00, 0x0b, 0x07, 0x99, 0x00, 0x00, 0x0c, 0x07, 0x99, 0x00, 0x00, 0x0d, 0x07, 0x66,
  0x00, 0x00, 0x0e, 0x07, 0x66, 0x00, 0x00, 0x06, 0x08, 0x99, 0x00, 0x00, 0x07, 0x08, 0x00, 0x00,
  0x00, 0x0a, 0x08, 0x66, 0x00, 0x00, 0x0b, 0x08, 0x66, 0x00, 0x00, 0x0c, 0x08, 0x33, 0x00, 0x00,
  0x05, 0x09, 0xee, 0x88, 0x55, 0x06, 0x09, 0xff, 0xcc, 0x88, 0x0a, 0x09, 0xff, 0xff, 0xff, 0x0b,
  0x09, 0xcc, 0x22, 0x11, 0x0c, 0x09, 0xcc, 0x22, 0x11, 0x0d, 0x09, 0xee, 0x88, 0x55, 0x08, 0x0a,
  0x66, 0x00, 0x00, 0x09, 0x0a, 0xff, 0xff, 0xff, 0x0a, 0x0a, 0xff, 0xff, 0xff, 0x0b, 0x0a, 0x66,
  0x00, 0x00, 0x0c, 0x0a, 0xcc, 0x22, 0x11, 0x0d, 0x0a, 0xff, 0xcc, 0x88, 0x09, 0x0b, 0xff, 0xcc,
  0x88, 0x0a, 0x0b, 0xff, 0xff, 0xff, 0x0b, 0x0b, 0x88, 0x99, 0x66, 0x0c, 0x0b, 0x99, 0x00, 0x00,
  0x0d, 0x0b, 0xcc, 0x22, 0x11, 0x09, 0x0c, 0xff, 0xcc, 0x88, 0x0a, 0x0c, 0xbb, 0x44, 0x22, 0x0b,
  0x0c, 0x66, 0x00, 0x00, 0x0c, 0x0c, 0xcc, 0x22, 0x11, 0x0d, 0x0c, 0x99, 0x00, 0x00, 0x0e, 0x0c,
  0xee, 0x88, 0x55, 0x03, 0x0d, 0xdd, 0xcc, 0xbb, 0x09, 0x0d, 0xff, 0xcc, 0x88, 0x0a, 0x0d, 0xff,
  0xcc, 0x88, 0x0b, 0x0d, 0x88, 0x11, 0x00, 0x0c, 0x0d, 0xbb, 0x44, 0x22, 0x0d, 0x0d, 0xbb, 0x44,
  0x22, 0x0e, 0x0d, 0xff, 0xcc, 0x88, 0x03, 0x0e, 0xcc, 0x22, 0x11, 0x08, 0x0e, 0x99, 0x00, 0x00,
  0x09, 0x0e, 0xff, 0xcc, 0x88, 0x0a, 0x0e, 0xff, 0xcc, 0x88, 0x0b, 0x0e, 0x88, 0x11, 0x00, 0x0c,
  0x0e, 0xbb, 0x44, 0x22, 0x0d, 0x0e, 0xff, 0xcc, 0x88, 0x0e, 0x0e, 0xff, 0xcc, 0x88, 0x02, 0x0f,
  0x99, 0x00, 0x00, 0x03, 0x0f, 0x66, 0x00, 0x00, 0x08, 0x0f, 0xdd, 0xcc, 0xbb, 0x09, 0x0f, 0xee,
  0x88, 0x55, 0x0a, 0x0f, 0xee, 0x88, 0x55, 0x0b, 0x0f, 0x88, 0x99, 0x66, 0x0d, 0x0f, 0xee, 0x88,
  0x55, 0x0e, 0x0f, 0xff, 0xcc, 0x88, 0x07, 0x10, 0xff, 0xff, 0xff, 0x08, 0x10, 0xdd, 0xcc, 0xbb,
  0x09, 0x10, 0xee, 0x88, 0x55, 0x0a, 0x10, 0xff, 0xcc, 0x88, 0x0b, 0x10, 0x99, 0x00, 0x00, 0x0c,
  0x10, 0x99, 0x00, 0x00, 0x0d, 0x10, 0xbb, 0x44, 0x22, 0x0e, 0x10, 0xff, 0xee, 0xbb, 0x09, 0x11,
  0xbb, 0x44, 0x22, 0x0a, 0x11, 0xbb, 0x44, 0x22, 0x0b, 0x11, 0x99, 0x00, 0x00, 0x0c, 0x11, 0x66,
  0x00, 0x00, 0x0d, 0x11, 0x88, 0x11, 0x00, 0x0e, 0x11, 0xbb, 0x44, 0x22, 0x09, 0x12, 0xbb, 0x44,
  0x22, 0x0a, 0x12, 0xbb, 0x44, 0x22, 0x0b, 0x12, 0x33, 0x00, 0x00, 0x0e, 0x12, 0xbb, 0x44, 0x22,
  0x09, 0x13, 0xbb, 0x44, 0x22, 0x0a, 0x13, 0x88, 0x11, 0x00, 0x0e, 0x13, 0xbb, 0x44, 0x22, 0x09,
  0x14, 0x00, 0x00, 0x00, 0x09, 0x15, 0x88, 0x11, 0x00, 0x09, 0x16, 0x00, 0x00, 0x00, 0x0a, 0x16,
  0x00, 0x00, 0x00, 0x0f, 0x16, 0x00, 0x00, 0x00, 0x10, 0x16, 0x00, 0x00, 0x00
};
static const KofSprite kStance_mai_3 PROGMEM = {
  .w = 20, .h = 23, .pixelCount = 121,
  .pixels = kStance_mai_3Pixels, .fmt = 5,
};

// mai 帧 4: 20×23, 134 pixels
static const uint8_t kStance_mai_4Pixels[] PROGMEM = {
  0x0c, 0x00, 0x00, 0x00, 0x00, 0x0b, 0x01, 0x00, 0x00, 0x00, 0x0c, 0x01, 0xff, 0xff, 0xff, 0x0d,
  0x01, 0x00, 0x00, 0x00, 0x0e, 0x01, 0x88, 0x11, 0x00, 0x0a, 0x02, 0x88, 0x11, 0x00, 0x0b, 0x02,
  0x00, 0x00, 0x00, 0x0c, 0x02, 0xbb, 0x44, 0x22, 0x0d, 0x02, 0x00, 0x00, 0x00, 0x0e, 0x02, 0x00,
  0x00, 0x00, 0x0a, 0x03, 0x00, 0x00, 0x00, 0x0b, 0x03, 0x00, 0x00, 0x00, 0x0c, 0x03, 0x00, 0x00,
  0x00, 0x0d, 0x03, 0x00, 0x00, 0x00, 0x0e, 0x03, 0x00, 0x00, 0x00, 0x0a, 0x04, 0x00, 0x00, 0x00,
  0x0b, 0x04, 0x00, 0x00, 0x00, 0x0c, 0x04, 0x88, 0x11, 0x00, 0x0d, 0x04, 0xff, 0xff, 0xff, 0x0e,
  0x04, 0xff, 0xcc, 0x88, 0x09, 0x05, 0xff, 0xcc, 0x88, 0x0a, 0x05, 0xcc, 0x22, 0x11, 0x0b, 0x05,
  0xbb, 0x44, 0x22, 0x0c, 0x05, 0x88, 0x11, 0x00, 0x0d, 0x05, 0x99, 0x00, 0x00, 0x0e, 0x05, 0xee,
  0x88, 0x55, 0x0f, 0x05, 0xff, 0xee, 0xbb, 0x10, 0x05, 0xff, 0xcc, 0x88, 0x08, 0x06, 0xff, 0xee,
  0xbb, 0x09, 0x06, 0xee, 0x88, 0x55, 0x0a, 0x06, 0x99, 0x00, 0x00, 0x0b, 0x06, 0xff, 0xff, 0xff,
  0x0c, 0x06, 0xee, 0x88, 0x55, 0x0d, 0x06, 0xff, 0xcc, 0x88, 0x0e, 0x06, 0xff, 0xcc, 0x88, 0x0f,
  0x06, 0x00, 0x00, 0x00, 0x06, 0x07, 0xff, 0xcc, 0x88, 0x07, 0x07, 0xee, 0x88, 0x55, 0x08, 0x07,
  0x88, 0x11, 0x00, 0x0a, 0x07, 0x88, 0x11, 0x00, 0x0b, 0x07, 0xcc, 0x22, 0x11, 0x0c, 0x07, 0xdd,
  0xcc, 0xbb, 0x0d, 0x07, 0x99, 0x00, 0x00, 0x0e, 0x07, 0x99, 0x00, 0x00, 0x06, 0x08, 0xff, 0x33,
  0x22, 0x07, 0x08, 0x66, 0x00, 0x00, 0x0a, 0x08, 0xdd, 0xcc, 0xbb, 0x0b, 0x08, 0x33, 0x00, 0x00,
  0x0c, 0x08, 0x33, 0x00, 0x00, 0x05, 0x09, 0x99, 0x00, 0x00, 0x06, 0x09, 0xff, 0xcc, 0x88, 0x07,
  0x09, 0xff, 0xcc, 0x88, 0x08, 0x09, 0xff, 0xff, 0xff, 0x09, 0x09, 0xff, 0xff, 0xff, 0x0a, 0x09,
  0x99, 0x00, 0x00, 0x0b, 0x09, 0xff, 0xff, 0xff, 0x0c, 0x09, 0x99, 0x00, 0x00, 0x09, 0x0a, 0xff,
  0xff, 0xff, 0x0a, 0x0a, 0x99, 0x00, 0x00, 0x0b, 0x0a, 0xcc, 0x22, 0x11, 0x0c, 0x0a, 0x66, 0x00,
  0x00, 0x0d, 0x0a, 0xee, 0x88, 0x55, 0x09, 0x0b, 0xff, 0xcc, 0x88, 0x0a, 0x0b, 0x99, 0x00, 0x00,
  0x0b, 0x0b, 0x99, 0x00, 0x00, 0x0c, 0x0b, 0x99, 0x00, 0x00, 0x0d, 0x0b, 0xee, 0x88, 0x55, 0x09,
  0x0c, 0xff, 0xcc, 0x88, 0x0a, 0x0c, 0xcc, 0x22, 0x11, 0x0b, 0x0c, 0x99, 0x00, 0x00, 0x0c, 0x0c,
  0x66, 0x00, 0x00, 0x0d, 0x0c, 0xff, 0xcc, 0x88, 0x03, 0x0d, 0xff, 0xff, 0xff, 0x08, 0x0d, 0xee,
  0x88, 0x55, 0x09, 0x0d, 0xff, 0xee, 0xbb, 0x0a, 0x0d, 0xbb, 0x44, 0x22, 0x0b, 0x0d, 0xff, 0x33,
  0x22, 0x0c, 0x0d, 0x99, 0x00, 0x00, 0x0d, 0x0d, 0xff, 0xee, 0xbb, 0x0e, 0x0d, 0xee, 0x88, 0x55,
  0x03, 0x0e, 0x66, 0x00, 0x00, 0x08, 0x0e, 0xee, 0x88, 0x55, 0x09, 0x0e, 0xff, 0xee, 0xbb, 0x0a,
  0x0e, 0x88, 0x11, 0x00, 0x0b, 0x0e, 0x33, 0x00, 0x00, 0x0c, 0x0e, 0xbb, 0x44, 0x22, 0x0d, 0x0e,
  0xff, 0xee, 0xbb, 0x0e, 0x0e, 0xee, 0x88, 0x55, 0x02, 0x0f, 0x66, 0x00, 0x00, 0x08, 0x0f, 0xee,
  0x88, 0x55, 0x09, 0x0f, 0xff, 0xcc, 0x88, 0x0a, 0x0f, 0x66, 0x00, 0x00, 0x0b, 0x0f, 0x33, 0x00,
  0x00, 0x0c, 0x0f, 0x88, 0x11, 0x00, 0x0d, 0x0f, 0xff, 0xcc, 0x88, 0x0e, 0x0f, 0xee, 0x88, 0x55,
  0x08, 0x10, 0xbb, 0x44, 0x22, 0x09, 0x10, 0xff, 0xcc, 0x88, 0x0a, 0x10, 0xdd, 0xcc, 0xbb, 0x0b,
  0x10, 0xdd, 0xcc, 0xbb, 0x0d, 0x10, 0xee, 0x88, 0x55, 0x0e, 0x10, 0xff, 0xcc, 0x88, 0x08, 0x11,
  0xbb, 0x44, 0x22, 0x09, 0x11, 0x88, 0x11, 0x00, 0x0a, 0x11, 0x33, 0x00, 0x00, 0x0b, 0x11, 0x33,
  0x00, 0x00, 0x0c, 0x11, 0x66, 0x00, 0x00, 0x0d, 0x11, 0x99, 0x00, 0x00, 0x0e, 0x11, 0xbb, 0x44,
  0x22, 0x07, 0x12, 0xdd, 0xcc, 0xbb, 0x08, 0x12, 0xbb, 0x44, 0x22, 0x09, 0x12, 0xbb, 0x44, 0x22,
  0x0a, 0x12, 0x33, 0x00, 0x00, 0x0b, 0x12, 0x66, 0x00, 0x00, 0x0c, 0x12, 0x33, 0x00, 0x00, 0x0e,
  0x12, 0xbb, 0x44, 0x22, 0x0f, 0x12, 0xee, 0x88, 0x55, 0x07, 0x13, 0xdd, 0xcc, 0xbb, 0x08, 0x13,
  0xbb, 0x44, 0x22, 0x09, 0x13, 0xbb, 0x44, 0x22, 0x0b, 0x13, 0x33, 0x00, 0x00, 0x0c, 0x13, 0x33,
  0x00, 0x00, 0x0f, 0x13, 0xbb, 0x44, 0x22, 0x09, 0x14, 0x00, 0x00, 0x00, 0x0f, 0x14, 0xbb, 0x44,
  0x22, 0x09, 0x15, 0x88, 0x11, 0x00, 0x0f, 0x15, 0x00, 0x00, 0x00, 0x10, 0x15, 0x00, 0x00, 0x00,
  0x07, 0x16, 0x00, 0x00, 0x00, 0x08, 0x16, 0x00, 0x00, 0x00, 0x09, 0x16, 0x00, 0x00, 0x00, 0x0f,
  0x16, 0x00, 0x00, 0x00, 0x10, 0x16, 0xdd, 0xcc, 0xbb, 0x11, 0x16, 0xdd, 0xcc, 0xbb
};
static const KofSprite kStance_mai_4 PROGMEM = {
  .w = 20, .h = 23, .pixelCount = 134,
  .pixels = kStance_mai_4Pixels, .fmt = 5,
};

// mai 帧 5: 20×23, 137 pixels
static const uint8_t kStance_mai_5Pixels[] PROGMEM = {
  0x0a, 0x00, 0xff, 0xff, 0xff, 0x0b, 0x00, 0x00, 0x00, 0x00, 0x0a, 0x01, 0xdd, 0xcc, 0xbb, 0x0b,
  0x01, 0x88, 0x11, 0x00, 0x0c, 0x01, 0x88, 0x11, 0x00, 0x08, 0x02, 0x88, 0x11, 0x00, 0x09, 0x02,
  0x00, 0x00, 0x00, 0x0a, 0x02, 0x88, 0x11, 0x00, 0x0b, 0x02, 0x88, 0x11, 0x00, 0x0c, 0x02, 0x00,
  0x00, 0x00, 0x08, 0x03, 0x00, 0x00, 0x00, 0x09, 0x03, 0xff, 0xee, 0xbb, 0x0a, 0x03, 0x00, 0x00,
  0x00, 0x0b, 0x03, 0x00, 0x00, 0x00, 0x0c, 0x03, 0x00, 0x00, 0x00, 0x0d, 0x03, 0x00, 0x00, 0x00,
  0x09, 0x04, 0xff, 0xcc, 0x88, 0x0a, 0x04, 0xee, 0x88, 0x55, 0x0b, 0x04, 0xff, 0xff, 0xff, 0x0c,
  0x04, 0xff, 0xff, 0xff, 0x0d, 0x04, 0xee, 0x88, 0x55, 0x07, 0x05, 0xff, 0xcc, 0x88, 0x08, 0x05,
  0xff, 0xff, 0xff, 0x09, 0x05, 0x88, 0x11, 0x00, 0x0a, 0x05, 0x88, 0x11, 0x00, 0x0b, 0x05, 0xff,
  0xcc, 0x88, 0x0c, 0x05, 0x99, 0x00, 0x00, 0x0d, 0x05, 0xee, 0x88, 0x55, 0x0e, 0x05, 0xee, 0x88,
  0x55, 0x0f, 0x05, 0xff, 0xee, 0xbb, 0x06, 0x06, 0xff, 0xee, 0xbb, 0x07, 0x06, 0xee, 0x88, 0x55,
  0x08, 0x06, 0xdd, 0xcc, 0xbb, 0x09, 0x06, 0x99, 0x00, 0x00, 0x0a, 0x06, 0xee, 0x88, 0x55, 0x0b,
  0x06, 0xff, 0xee, 0xbb, 0x0c, 0x06, 0x99, 0x00, 0x00, 0x0d, 0x06, 0x88, 0x11, 0x00, 0x0e, 0x06,
  0x00, 0x00, 0x00, 0x0f, 0x06, 0xbb, 0x44, 0x22, 0x05, 0x07, 0xff, 0xcc, 0x88, 0x06, 0x07, 0x88,
  0x11, 0x00, 0x08, 0x07, 0x88, 0x11, 0x00, 0x09, 0x07, 0x99, 0x00, 0x00, 0x0a, 0x07, 0xff, 0xee,
  0xbb, 0x0b, 0x07, 0xbb, 0x44, 0x22, 0x0c, 0x07, 0xcc, 0x22, 0x11, 0x05, 0x08, 0xee, 0x88, 0x55,
  0x06, 0x08, 0xff, 0xcc, 0x88, 0x07, 0x08, 0x99, 0x00, 0x00, 0x08, 0x08, 0x99, 0x00, 0x00, 0x09,
  0x08, 0x99, 0x00, 0x00, 0x0a, 0x08, 0x99, 0x00, 0x00, 0x0b, 0x08, 0x99, 0x00, 0x00, 0x08, 0x09,
  0xff, 0xee, 0xbb, 0x09, 0x09, 0x99, 0x00, 0x00, 0x0a, 0x09, 0x66, 0x00, 0x00, 0x0b, 0x09, 0xff,
  0xcc, 0x88, 0x05, 0x0a, 0x66, 0x00, 0x00, 0x07, 0x0a, 0xee, 0x88, 0x55, 0x08, 0x0a, 0xff, 0xcc,
  0x88, 0x09, 0x0a, 0x66, 0x00, 0x00, 0x0a, 0x0a, 0x99, 0x00, 0x00, 0x0b, 0x0a, 0xff, 0xcc, 0x88,
  0x07, 0x0b, 0xff, 0xcc, 0x88, 0x08, 0x0b, 0xff, 0xff, 0xff, 0x09, 0x0b, 0x99, 0x00, 0x00, 0x0a,
  0x0b, 0x66, 0x00, 0x00, 0x0b, 0x0b, 0xff, 0xee, 0xbb, 0x0c, 0x0b, 0xee, 0x88, 0x55, 0x06, 0x0c,
  0xee, 0x88, 0x55, 0x07, 0x0c, 0xff, 0xee, 0xbb, 0x08, 0x0c, 0x99, 0x00, 0x00, 0x09, 0x0c, 0xff,
  0x33, 0x22, 0x0a, 0x0c, 0x99, 0x00, 0x00, 0x0b, 0x0c, 0xff, 0xee, 0xbb, 0x0c, 0x0c, 0xee, 0x88,
  0x55, 0x05, 0x0d, 0x99, 0x00, 0x00, 0x06, 0x0d, 0xee, 0x88, 0x55, 0x07, 0x0d, 0xff, 0xee, 0xbb,
  0x08, 0x0d, 0xcc, 0x22, 0x11, 0x09, 0x0d, 0xcc, 0x22, 0x11, 0x0a, 0x0d, 0x99, 0x00, 0x00, 0x0b,
  0x0d, 0xff, 0xee, 0xbb, 0x0c, 0x0d, 0xff, 0xcc, 0x88, 0x03, 0x0e, 0xcc, 0x22, 0x11, 0x04, 0x0e,
  0xcc, 0x22, 0x11, 0x06, 0x0e, 0xff, 0xcc, 0x88, 0x07, 0x0e, 0xff, 0xcc, 0x88, 0x08, 0x0e, 0x88,
  0x11, 0x00, 0x09, 0x0e, 0x33, 0x00, 0x00, 0x0a, 0x0e, 0xbb, 0x44, 0x22, 0x0b, 0x0e, 0xff, 0xcc,
  0x88, 0x0c, 0x0e, 0xff, 0xcc, 0x88, 0x06, 0x0f, 0xff, 0xcc, 0x88, 0x07, 0x0f, 0xee, 0x88, 0x55,
  0x08, 0x0f, 0xcc, 0x22, 0x11, 0x09, 0x0f, 0x66, 0x00, 0x00, 0x0a, 0x0f, 0x88, 0x11, 0x00, 0x0b,
  0x0f, 0xff, 0xcc, 0x88, 0x0c, 0x0f, 0xee, 0x88, 0x55, 0x06, 0x10, 0xff, 0xcc, 0x88, 0x07, 0x10,
  0xbb, 0x44, 0x22, 0x08, 0x10, 0xdd, 0xcc, 0xbb, 0x09, 0x10, 0xdd, 0xcc, 0xbb, 0x0b, 0x10, 0xee,
  0x88, 0x55, 0x0c, 0x10, 0xee, 0x88, 0x55, 0x06, 0x11, 0xbb, 0x44, 0x22, 0x07, 0x11, 0x88, 0x11,
  0x00, 0x08, 0x11, 0x33, 0x00, 0x00, 0x09, 0x11, 0x99, 0x00, 0x00, 0x0b, 0x11, 0xbb, 0x44, 0x22,
  0x0c, 0x11, 0xbb, 0x44, 0x22, 0x06, 0x12, 0xbb, 0x44, 0x22, 0x07, 0x12, 0xdd, 0xcc, 0xbb, 0x08,
  0x12, 0x66, 0x00, 0x00, 0x09, 0x12, 0xcc, 0x22, 0x11, 0x0a, 0x12, 0x66, 0x00, 0x00, 0x0b, 0x12,
  0xbb, 0x44, 0x22, 0x0c, 0x12, 0xbb, 0x44, 0x22, 0x06, 0x13, 0xbb, 0x44, 0x22, 0x07, 0x13, 0xdd,
  0xcc, 0xbb, 0x08, 0x13, 0x33, 0x00, 0x00, 0x09, 0x13, 0x66, 0x00, 0x00, 0x0a, 0x13, 0x99, 0x00,
  0x00, 0x0b, 0x13, 0x66, 0x00, 0x00, 0x0c, 0x13, 0xbb, 0x44, 0x22, 0x05, 0x14, 0x00, 0x00, 0x00,
  0x07, 0x14, 0x88, 0x99, 0x66, 0x08, 0x14, 0x99, 0x00, 0x00, 0x0c, 0x14, 0xbb, 0x44, 0x22, 0x05,
  0x15, 0xff, 0xff, 0xff, 0x0c, 0x15, 0x88, 0x99, 0x66, 0x04, 0x16, 0x00, 0x00, 0x00, 0x05, 0x16,
  0xdd, 0xcc, 0xbb, 0x0c, 0x16, 0x88, 0x11, 0x00, 0x0d, 0x16, 0xdd, 0xcc, 0xbb
};
static const KofSprite kStance_mai_5 PROGMEM = {
  .w = 20, .h = 23, .pixelCount = 137,
  .pixels = kStance_mai_5Pixels, .fmt = 5,
};

static const KofSprite* const kStance_mai_Frames[] PROGMEM = {
  &kStance_mai_0,
  &kStance_mai_1,
  &kStance_mai_2,
  &kStance_mai_3,
  &kStance_mai_4,
  &kStance_mai_5
};
static const KofStanceSet kStance_mai PROGMEM = {
  .frameCount = 6,
  .frames = kStance_mai_Frames,
};

// ryo 帧 0: 20×23, 140 pixels
static const uint8_t kStance_ryo_0Pixels[] PROGMEM = {
  0x04, 0x01, 0x99, 0x44, 0x22, 0x04, 0x02, 0x68, 0x2b, 0x09, 0x05, 0x02, 0xee, 0xaa, 0x66, 0x05,
  0x03, 0x00, 0x00, 0x00, 0x06, 0x03, 0x55, 0x22, 0x00, 0x0b, 0x03, 0xb5, 0x4a, 0x53, 0x0c, 0x03,
  0xbe, 0x8b, 0x36, 0x0d, 0x03, 0x99, 0x66, 0x11, 0x07, 0x04, 0xdd, 0x77, 0x33, 0x08, 0x04, 0xdd,
  0x77, 0x33, 0x09, 0x04, 0xdd, 0x77, 0x33, 0x0a, 0x04, 0x55, 0x00, 0x00, 0x0c, 0x04, 0x00, 0x00,
  0x00, 0x0d, 0x04, 0x68, 0x2b, 0x09, 0x0e, 0x04, 0x66, 0x33, 0x00, 0x08, 0x05, 0x86, 0x3b, 0x19,
  0x09, 0x05, 0x99, 0x44, 0x22, 0x0a, 0x05, 0xdd, 0x77, 0x33, 0x0b, 0x05, 0xf6, 0x77, 0x27, 0x0c,
  0x05, 0xee, 0xaa, 0x66, 0x0d, 0x05, 0x99, 0x44, 0x22, 0x0e, 0x05, 0xe2, 0x85, 0x41, 0x0f, 0x05,
  0xa7, 0x1a, 0x00, 0x11, 0x05, 0xb1, 0x24, 0x00, 0x09, 0x06, 0x86, 0x3b, 0x19, 0x0a, 0x06, 0x99,
  0x44, 0x22, 0x0b, 0x06, 0xbe, 0x38, 0x09, 0x0c, 0x06, 0xfa, 0x6e, 0x19, 0x0d, 0x06, 0x55, 0x22,
  0x00, 0x0e, 0x06, 0x99, 0x44, 0x22, 0x0f, 0x06, 0xda, 0x46, 0x09, 0x10, 0x06, 0x3d, 0x21, 0x0e,
  0x11, 0x06, 0x3d, 0x00, 0x00, 0x0a, 0x07, 0x55, 0x00, 0x00, 0x0b, 0x07, 0xac, 0x3d, 0x00, 0x0c,
  0x07, 0xff, 0x77, 0x22, 0x0d, 0x07, 0x55, 0x22, 0x00, 0x0e, 0x07, 0xb8, 0x56, 0x19, 0x0f, 0x07,
  0x99, 0x36, 0x19, 0x10, 0x07, 0xe2, 0x85, 0x41, 0x11, 0x07, 0x2a, 0x13, 0x09, 0x0b, 0x08, 0x99,
  0x11, 0x00, 0x0c, 0x08, 0x47, 0x21, 0x09, 0x0d, 0x08, 0x00, 0x00, 0x00, 0x0e, 0x08, 0xa7, 0x1a,
  0x00, 0x0f, 0x08, 0xfa, 0xcf, 0x8b, 0x10, 0x08, 0xac, 0x52, 0x27, 0x0b, 0x09, 0xf3, 0x3d, 0x47,
  0x0c, 0x09, 0xfa, 0x6e, 0x19, 0x0d, 0x09, 0xda, 0x46, 0x09, 0x0e, 0x09, 0xf3, 0xb8, 0x74, 0x0f,
  0x09, 0xee, 0xaa, 0x66, 0x10, 0x09, 0x86, 0x16, 0x00, 0x0b, 0x0a, 0xb5, 0x0c, 0x47, 0x0c, 0x0a,
  0xee, 0x55, 0x00, 0x0d, 0x0a, 0xee, 0xaa, 0x66, 0x0e, 0x0a, 0xe2, 0x85, 0x41, 0x0f, 0x0a, 0x68,
  0x2b, 0x09, 0x09, 0x0b, 0xb5, 0x31, 0x5f, 0x0a, 0x0b, 0xff, 0xa0, 0xb5, 0x0b, 0x0b, 0xee, 0xaa,
  0x66, 0x0c, 0x0b, 0x00, 0x00, 0x00, 0x0d, 0x0b, 0x00, 0x00, 0x00, 0x0e, 0x0b, 0xa7, 0x1a, 0x00,
  0x0f, 0x0b, 0x68, 0x05, 0x00, 0x09, 0x0c, 0xe5, 0x4c, 0x00, 0x0a, 0x0c, 0xee, 0x55, 0x00, 0x0b,
  0x0c, 0x68, 0x2b, 0x09, 0x0c, 0x0c, 0x93, 0x25, 0x00, 0x0d, 0x0c, 0x00, 0x00, 0x00, 0x0e, 0x0c,
  0xe5, 0x4c, 0x00, 0x0f, 0x0c, 0xd5, 0x3c, 0x00, 0x07, 0x0d, 0xee, 0x55, 0x00, 0x08, 0x0d, 0xff,
  0x77, 0x22, 0x09, 0x0d, 0xff, 0x77, 0x22, 0x0a, 0x0d, 0xcc, 0x33, 0x00, 0x0b, 0x0d, 0xd5, 0x3c,
  0x00, 0x0c, 0x0d, 0xd5, 0x3c, 0x00, 0x0d, 0x0d, 0x00, 0x00, 0x00, 0x0e, 0x0d, 0xfa, 0x6e, 0x19,
  0x0f, 0x0d, 0x99, 0x11, 0x00, 0x06, 0x0e, 0xff, 0x77, 0x22, 0x07, 0x0e, 0xd5, 0x3c, 0x00, 0x08,
  0x0e, 0xa7, 0x1a, 0x00, 0x09, 0x0e, 0x99, 0x11, 0x00, 0x0a, 0x0e, 0xee, 0x55, 0x00, 0x0b, 0x0e,
  0xcc, 0x33, 0x00, 0x0c, 0x0e, 0xcc, 0x33, 0x00, 0x0d, 0x0e, 0x2a, 0x1c, 0x05, 0x0e, 0x0e, 0xee,
  0x55, 0x00, 0x0f, 0x0e, 0xff, 0x77, 0x22, 0x10, 0x0e, 0xcc, 0x33, 0x00, 0x05, 0x0f, 0xcc, 0x33,
  0x00, 0x06, 0x0f, 0xee, 0x55, 0x00, 0x07, 0x0f, 0xcc, 0x33, 0x00, 0x08, 0x0f, 0x86, 0x0c, 0x00,
  0x09, 0x0f, 0x99, 0x11, 0x00, 0x0a, 0x0f, 0x99, 0x11, 0x00, 0x0b, 0x0f, 0x55, 0x00, 0x00, 0x0e,
  0x0f, 0xcc, 0x33, 0x00, 0x0f, 0x0f, 0xe5, 0x4c, 0x00, 0x10, 0x0f, 0xee, 0x55, 0x00, 0x05, 0x10,
  0xe5, 0x4c, 0x00, 0x06, 0x10, 0xbe, 0x2a, 0x00, 0x07, 0x10, 0x99, 0x11, 0x00, 0x0e, 0x10, 0x99,
  0x11, 0x00, 0x0f, 0x10, 0xfa, 0x6e, 0x19, 0x10, 0x10, 0xff, 0x77, 0x22, 0x11, 0x10, 0xa7, 0x1a,
  0x00, 0x05, 0x11, 0xee, 0x55, 0x00, 0x06, 0x11, 0xbe, 0x2a, 0x00, 0x07, 0x11, 0x99, 0x11, 0x00,
  0x0f, 0x11, 0xee, 0x55, 0x00, 0x10, 0x11, 0xee, 0x55, 0x00, 0x11, 0x11, 0xcc, 0x33, 0x00, 0x04,
  0x12, 0xda, 0x25, 0x47, 0x05, 0x12, 0xac, 0x3d, 0x00, 0x06, 0x12, 0x99, 0x11, 0x00, 0x07, 0x12,
  0x68, 0x05, 0x00, 0x0f, 0x12, 0x68, 0x05, 0x00, 0x10, 0x12, 0xbe, 0x2a, 0x00, 0x11, 0x12, 0x68,
  0x05, 0x00, 0x04, 0x13, 0xf3, 0x3d, 0x47, 0x05, 0x13, 0x18, 0x09, 0x00, 0x06, 0x13, 0x55, 0x00,
  0x00, 0x0f, 0x13, 0x99, 0x11, 0x00, 0x10, 0x13, 0xcc, 0x33, 0x00, 0x11, 0x13, 0x68, 0x05, 0x00,
  0x04, 0x14, 0xee, 0xaa, 0x66, 0x05, 0x14, 0x68, 0x2b, 0x09, 0x0f, 0x14, 0xbe, 0x2a, 0x00, 0x10,
  0x14, 0xcc, 0x33, 0x00, 0x11, 0x14, 0x68, 0x05, 0x00, 0x04, 0x15, 0xdd, 0x77, 0x33, 0x05, 0x15,
  0xac, 0x52, 0x27, 0x10, 0x15, 0xe5, 0x4c, 0x00, 0x02, 0x16, 0xee, 0xaa, 0x66, 0x03, 0x16, 0xf3,
  0xb8, 0x74, 0x0f, 0x16, 0xca, 0x69, 0x2e, 0x10, 0x16, 0xee, 0xaa, 0x66
};
static const KofSprite kStance_ryo_0 PROGMEM = {
  .w = 20, .h = 23, .pixelCount = 140,
  .pixels = kStance_ryo_0Pixels, .fmt = 5,
};

// ryo 帧 1: 20×23, 142 pixels
static const uint8_t kStance_ryo_1Pixels[] PROGMEM = {
  0x02, 0x00, 0xff, 0xa0, 0xb5, 0x02, 0x01, 0xee, 0xaa, 0x66, 0x03, 0x01, 0xac, 0x52, 0x27, 0x04,
  0x01, 0xe2, 0x85, 0x41, 0x02, 0x02, 0xf3, 0x7b, 0x90, 0x03, 0x02, 0x7b, 0x3a, 0x0e, 0x04, 0x02,
  0x99, 0x44, 0x22, 0x0b, 0x02, 0xda, 0x6f, 0x78, 0x0c, 0x02, 0xcc, 0x99, 0x44, 0x05, 0x03, 0x00,
  0x00, 0x00, 0x06, 0x03, 0xf3, 0xb8, 0x74, 0x0b, 0x03, 0xbe, 0x8b, 0x36, 0x0c, 0x03, 0x99, 0x66,
  0x11, 0x0d, 0x03, 0x66, 0x33, 0x00, 0x06, 0x04, 0xdd, 0x77, 0x33, 0x07, 0x04, 0xee, 0xaa, 0x66,
  0x08, 0x04, 0xdd, 0x77, 0x33, 0x0a, 0x04, 0xee, 0x55, 0x00, 0x0b, 0x04, 0x2a, 0x1c, 0x05, 0x0c,
  0x04, 0xe2, 0x85, 0x41, 0x0d, 0x04, 0x68, 0x2b, 0x09, 0x0e, 0x04, 0x99, 0x11, 0x00, 0x07, 0x05,
  0x99, 0x44, 0x22, 0x08, 0x05, 0xdd, 0x77, 0x33, 0x09, 0x05, 0xe9, 0x9c, 0x58, 0x0a, 0x05, 0xe2,
  0x85, 0x41, 0x0b, 0x05, 0xf1, 0x64, 0x19, 0x0c, 0x05, 0xe2, 0x85, 0x41, 0x0d, 0x05, 0xca, 0x69,
  0x2e, 0x0e, 0x05, 0xd6, 0x50, 0x09, 0x0f, 0x05, 0xd5, 0x3c, 0x00, 0x10, 0x05, 0xee, 0x55, 0x00,
  0x0a, 0x06, 0x55, 0x22, 0x00, 0x0b, 0x06, 0xd5, 0x3c, 0x00, 0x0c, 0x06, 0x3d, 0x19, 0x00, 0x0d,
  0x06, 0x55, 0x22, 0x00, 0x0e, 0x06, 0xf1, 0x64, 0x19, 0x0f, 0x06, 0xb1, 0x49, 0x19, 0x10, 0x06,
  0xee, 0xaa, 0x66, 0x0a, 0x07, 0x55, 0x00, 0x00, 0x0b, 0x07, 0xa7, 0x1a, 0x00, 0x0c, 0x07, 0x18,
  0x09, 0x00, 0x0d, 0x07, 0xc4, 0x47, 0x00, 0x0e, 0x07, 0xee, 0x55, 0x00, 0x0f, 0x07, 0xee, 0xaa,
  0x66, 0x10, 0x07, 0xdd, 0x77, 0x33, 0x0b, 0x08, 0xe5, 0x4c, 0x00, 0x0c, 0x08, 0x00, 0x00, 0x00,
  0x0d, 0x08, 0xd5, 0x3c, 0x00, 0x0e, 0x08, 0xee, 0x92, 0x4a, 0x0f, 0x08, 0xff, 0xdd, 0x99, 0x10,
  0x08, 0x99, 0x44, 0x22, 0x0b, 0x09, 0xee, 0x55, 0x00, 0x0c, 0x09, 0xff, 0x77, 0x22, 0x0d, 0x09,
  0xf3, 0x5e, 0x09, 0x0e, 0x09, 0xe2, 0x85, 0x41, 0x0f, 0x09, 0xe2, 0x85, 0x41, 0x10, 0x09, 0x68,
  0x2b, 0x09, 0x0b, 0x0a, 0x99, 0x11, 0x00, 0x0c, 0x0a, 0xcc, 0x33, 0x00, 0x0d, 0x0a, 0xfa, 0xcf,
  0x8b, 0x0e, 0x0a, 0xac, 0x52, 0x27, 0x0f, 0x0a, 0x68, 0x2b, 0x09, 0x0a, 0x0b, 0xdd, 0x77, 0x33,
  0x0b, 0x0b, 0xcc, 0x33, 0x00, 0x0c, 0x0b, 0x55, 0x22, 0x00, 0x0d, 0x0b, 0xac, 0x52, 0x27, 0x0e,
  0x0b, 0x55, 0x22, 0x00, 0x0f, 0x0b, 0x55, 0x00, 0x00, 0x08, 0x0c, 0xee, 0x55, 0x00, 0x09, 0x0c,
  0xee, 0x55, 0x00, 0x0a, 0x0c, 0xf3, 0x5e, 0x09, 0x0b, 0x0c, 0x68, 0x2b, 0x09, 0x0c, 0x0c, 0xd5,
  0x3c, 0x00, 0x0d, 0x0c, 0x6f, 0x0c, 0x00, 0x0e, 0x0c, 0xf3, 0x5e, 0x09, 0x0f, 0x0c, 0xab, 0x25,
  0x00, 0x06, 0x0d, 0xee, 0x55, 0x00, 0x07, 0x0d, 0xff, 0x77, 0x22, 0x08, 0x0d, 0xee, 0x55, 0x00,
  0x09, 0x0d, 0xee, 0x55, 0x00, 0x0a, 0x0d, 0xa7, 0x1a, 0x00, 0x0b, 0x0d, 0x42, 0x18, 0x00, 0x0c,
  0x0d, 0xcc, 0x33, 0x00, 0x0d, 0x0d, 0xee, 0x55, 0x00, 0x0e, 0x0d, 0xe3, 0x5b, 0x19, 0x0f, 0x0d,
  0xd5, 0x3c, 0x00, 0x05, 0x0e, 0xe5, 0x4c, 0x00, 0x06, 0x0e, 0xee, 0x55, 0x00, 0x07, 0x0e, 0xee,
  0x55, 0x00, 0x08, 0x0e, 0xcc, 0x33, 0x00, 0x09, 0x0e, 0x99, 0x11, 0x00, 0x0a, 0x0e, 0x99, 0x11,
  0x00, 0x0b, 0x0e, 0x39, 0x0e, 0x00, 0x0c, 0x0e, 0x18, 0x00, 0x00, 0x0d, 0x0e, 0x99, 0x11, 0x00,
  0x0e, 0x0e, 0xcc, 0x33, 0x00, 0x0f, 0x0e, 0xf3, 0x5e, 0x09, 0x10, 0x0e, 0xcc, 0x33, 0x00, 0x05,
  0x0f, 0xb1, 0x24, 0x00, 0x06, 0x0f, 0xbe, 0x2a, 0x00, 0x07, 0x0f, 0xcc, 0x33, 0x00, 0x08, 0x0f,
  0x99, 0x11, 0x00, 0x09, 0x0f, 0x99, 0x11, 0x00, 0x0a, 0x0f, 0x99, 0x11, 0x00, 0x0b, 0x0f, 0x68,
  0x05, 0x00, 0x0d, 0x0f, 0x99, 0x11, 0x00, 0x0e, 0x0f, 0xd6, 0x42, 0x00, 0x0f, 0x0f, 0xff, 0x77,
  0x22, 0x10, 0x0f, 0xee, 0x55, 0x00, 0x05, 0x10, 0xb1, 0x24, 0x00, 0x06, 0x10, 0xd5, 0x3c, 0x00,
  0x0e, 0x10, 0xd6, 0x42, 0x00, 0x0f, 0x10, 0xee, 0x55, 0x00, 0x10, 0x10, 0xff, 0x77, 0x22, 0x04,
  0x11, 0xe5, 0x4c, 0x00, 0x05, 0x11, 0xd5, 0x3c, 0x00, 0x06, 0x11, 0xa7, 0x1a, 0x00, 0x0f, 0x11,
  0xa7, 0x1a, 0x00, 0x10, 0x11, 0xd5, 0x3c, 0x00, 0x11, 0x11, 0x99, 0x11, 0x00, 0x04, 0x12, 0xee,
  0x55, 0x00, 0x05, 0x12, 0xd5, 0x3c, 0x00, 0x06, 0x12, 0x99, 0x11, 0x00, 0x0f, 0x12, 0xcc, 0x33,
  0x00, 0x10, 0x12, 0xbe, 0x2a, 0x00, 0x04, 0x13, 0x3d, 0x19, 0x00, 0x05, 0x13, 0x42, 0x18, 0x00,
  0x06, 0x13, 0x99, 0x11, 0x00, 0x0f, 0x13, 0x99, 0x11, 0x00, 0x10, 0x13, 0xcc, 0x33, 0x00, 0x04,
  0x14, 0x55, 0x22, 0x00, 0x05, 0x14, 0x3d, 0x00, 0x00, 0x0f, 0x14, 0xcc, 0x33, 0x00, 0x10, 0x14,
  0xcc, 0x33, 0x00, 0x03, 0x15, 0xf3, 0xb8, 0x74, 0x04, 0x15, 0xe9, 0x9c, 0x58, 0x0f, 0x15, 0xa7,
  0x1a, 0x00, 0x10, 0x15, 0xe5, 0x4c, 0x00, 0x02, 0x16, 0xe2, 0x85, 0x41, 0x0f, 0x16, 0xdd, 0x77,
  0x33, 0x10, 0x16, 0xe9, 0x9c, 0x58
};
static const KofSprite kStance_ryo_1 PROGMEM = {
  .w = 20, .h = 23, .pixelCount = 142,
  .pixels = kStance_ryo_1Pixels, .fmt = 5,
};

// ryo 帧 2: 20×23, 147 pixels
static const uint8_t kStance_ryo_2Pixels[] PROGMEM = {
  0x08, 0x00, 0xb5, 0x4a, 0x53, 0x09, 0x00, 0xa7, 0x74, 0x1f, 0x0a, 0x00, 0x74, 0x41, 0x05, 0x08,
  0x01, 0xcc, 0x99, 0x44, 0x09, 0x01, 0xcc, 0x99, 0x44, 0x0a, 0x01, 0x99, 0x66, 0x11, 0x08, 0x02,
  0x74, 0x41, 0x05, 0x09, 0x02, 0x00, 0x00, 0x00, 0x0a, 0x02, 0x68, 0x2b, 0x09, 0x0b, 0x02, 0x66,
  0x33, 0x00, 0x07, 0x03, 0xee, 0x55, 0x00, 0x08, 0x03, 0xcc, 0x33, 0x00, 0x09, 0x03, 0xfa, 0xcf,
  0x8b, 0x0a, 0x03, 0x99, 0x44, 0x22, 0x0b, 0x03, 0xee, 0xaa, 0x66, 0x0c, 0x03, 0xee, 0x55, 0x00,
  0x0d, 0x03, 0x00, 0x00, 0x00, 0x0e, 0x03, 0x6f, 0x0c, 0x00, 0x03, 0x04, 0x86, 0x3b, 0x19, 0x04,
  0x04, 0xe9, 0x9c, 0x58, 0x07, 0x04, 0xfa, 0xcf, 0x8b, 0x08, 0x04, 0xac, 0x7b, 0x4a, 0x09, 0x04,
  0xe9, 0x9c, 0x58, 0x0a, 0x04, 0x99, 0x44, 0x22, 0x0b, 0x04, 0xf6, 0x77, 0x27, 0x0c, 0x04, 0xa0,
  0x56, 0x25, 0x0d, 0x04, 0xff, 0xdd, 0x99, 0x0e, 0x04, 0xe2, 0x85, 0x41, 0x0f, 0x04, 0x86, 0x0c,
  0x00, 0x04, 0x05, 0x00, 0x00, 0x00, 0x05, 0x05, 0x00, 0x00, 0x00, 0x06, 0x05, 0xe6, 0x56, 0x6c,
  0x07, 0x05, 0xdd, 0x77, 0x33, 0x08, 0x05, 0xbe, 0x38, 0x09, 0x09, 0x05, 0x18, 0x09, 0x00, 0x0a,
  0x05, 0x86, 0x3b, 0x19, 0x0b, 0x05, 0xac, 0x3d, 0x00, 0x0c, 0x05, 0xf3, 0xb8, 0x74, 0x0d, 0x05,
  0xdd, 0x77, 0x33, 0x0e, 0x05, 0x68, 0x2b, 0x09, 0x04, 0x06, 0x86, 0x3b, 0x19, 0x05, 0x06, 0xe9,
  0x9c, 0x58, 0x06, 0x06, 0xb1, 0x60, 0x35, 0x07, 0x06, 0xdd, 0x77, 0x33, 0x08, 0x06, 0xc4, 0x47,
  0x00, 0x09, 0x06, 0xda, 0x46, 0x09, 0x0a, 0x06, 0x00, 0x00, 0x00, 0x0b, 0x06, 0xee, 0xaa, 0x66,
  0x0c, 0x06, 0xb1, 0x60, 0x35, 0x0d, 0x06, 0xdd, 0x77, 0x33, 0x0e, 0x06, 0x86, 0x16, 0x00, 0x05,
  0x07, 0xca, 0x69, 0x2e, 0x06, 0x07, 0xac, 0x52, 0x27, 0x08, 0x07, 0xcc, 0x33, 0x00, 0x09, 0x07,
  0xa7, 0x1a, 0x00, 0x0a, 0x07, 0xff, 0x77, 0x22, 0x0b, 0x07, 0xca, 0x69, 0x2e, 0x0c, 0x07, 0xee,
  0xaa, 0x66, 0x0d, 0x07, 0x68, 0x2b, 0x09, 0x0e, 0x07, 0x68, 0x05, 0x00, 0x05, 0x08, 0x55, 0x22,
  0x00, 0x08, 0x08, 0xb5, 0x0c, 0x47, 0x09, 0x08, 0xab, 0x25, 0x00, 0x0a, 0x08, 0xcc, 0x33, 0x00,
  0x0b, 0x08, 0xcc, 0x33, 0x00, 0x0c, 0x08, 0x68, 0x2b, 0x09, 0x0d, 0x08, 0x99, 0x11, 0x00, 0x09,
  0x09, 0xbe, 0x2a, 0x00, 0x0a, 0x09, 0x00, 0x00, 0x00, 0x0b, 0x09, 0xac, 0x3d, 0x00, 0x0c, 0x09,
  0xa7, 0x1a, 0x00, 0x0d, 0x09, 0x76, 0x0e, 0x00, 0x09, 0x0a, 0x99, 0x11, 0x00, 0x0a, 0x0a, 0x6f,
  0x0c, 0x00, 0x0b, 0x0a, 0xb8, 0x56, 0x19, 0x0c, 0x0a, 0xcc, 0x33, 0x00, 0x0d, 0x0a, 0x76, 0x0e,
  0x00, 0x08, 0x0b, 0xa7, 0x1a, 0x00, 0x09, 0x0b, 0xf1, 0x64, 0x19, 0x0a, 0x0b, 0x93, 0x25, 0x00,
  0x0b, 0x0b, 0x99, 0x11, 0x00, 0x0c, 0x0b, 0xff, 0x77, 0x22, 0x0d, 0x0b, 0x7f, 0x18, 0x00, 0x08,
  0x0c, 0xee, 0x55, 0x00, 0x09, 0x0c, 0x42, 0x18, 0x00, 0x0a, 0x0c, 0x99, 0x11, 0x00, 0x0b, 0x0c,
  0xac, 0x3d, 0x00, 0x0c, 0x0c, 0xee, 0x55, 0x00, 0x0d, 0x0c, 0xa7, 0x1a, 0x00, 0x07, 0x0d, 0xe5,
  0x4c, 0x00, 0x08, 0x0d, 0xff, 0x77, 0x22, 0x09, 0x0d, 0xd5, 0x3c, 0x00, 0x0a, 0x0d, 0xa7, 0x1a,
  0x00, 0x0b, 0x0d, 0xac, 0x3d, 0x00, 0x0c, 0x0d, 0xd5, 0x3c, 0x00, 0x0d, 0x0d, 0x99, 0x11, 0x00,
  0x07, 0x0e, 0xff, 0x77, 0x22, 0x08, 0x0e, 0xd5, 0x3c, 0x00, 0x09, 0x0e, 0xa7, 0x1a, 0x00, 0x0a,
  0x0e, 0xbe, 0x2a, 0x00, 0x0b, 0x0e, 0xfa, 0x6e, 0x19, 0x0c, 0x0e, 0xcc, 0x33, 0x00, 0x07, 0x0f,
  0xee, 0x55, 0x00, 0x08, 0x0f, 0xcc, 0x33, 0x00, 0x09, 0x0f, 0xa7, 0x1a, 0x00, 0x0a, 0x0f, 0xbe,
  0x2a, 0x00, 0x0b, 0x0f, 0xfa, 0x6e, 0x19, 0x0c, 0x0f, 0xa7, 0x1a, 0x00, 0x07, 0x10, 0xcc, 0x33,
  0x00, 0x08, 0x10, 0x76, 0x0e, 0x00, 0x09, 0x10, 0x55, 0x00, 0x00, 0x0a, 0x10, 0x99, 0x11, 0x00,
  0x0b, 0x10, 0xff, 0x77, 0x22, 0x0c, 0x10, 0xee, 0x55, 0x00, 0x0d, 0x10, 0x68, 0x05, 0x00, 0x07,
  0x11, 0xcc, 0x33, 0x00, 0x08, 0x11, 0xcc, 0x33, 0x00, 0x09, 0x11, 0x55, 0x00, 0x00, 0x0a, 0x11,
  0xb5, 0x0c, 0x47, 0x0b, 0x11, 0x86, 0x0c, 0x00, 0x0c, 0x11, 0xcc, 0x33, 0x00, 0x0d, 0x11, 0xd5,
  0x3c, 0x00, 0x07, 0x12, 0xe5, 0x4c, 0x00, 0x08, 0x12, 0xbe, 0x2a, 0x00, 0x0c, 0x12, 0x99, 0x11,
  0x00, 0x0d, 0x12, 0x55, 0x00, 0x00, 0x0e, 0x12, 0x68, 0x05, 0x00, 0x07, 0x13, 0xd5, 0x3c, 0x00,
  0x08, 0x13, 0xcc, 0x33, 0x00, 0x09, 0x13, 0x55, 0x00, 0x00, 0x0c, 0x13, 0x86, 0x0c, 0x00, 0x0d,
  0x13, 0xa7, 0x1a, 0x00, 0x0e, 0x13, 0x00, 0x00, 0x00, 0x07, 0x14, 0xee, 0x55, 0x00, 0x08, 0x14,
  0xcc, 0x33, 0x00, 0x09, 0x14, 0x68, 0x05, 0x00, 0x0d, 0x14, 0xc4, 0x3d, 0x00, 0x0e, 0x14, 0x00,
  0x00, 0x00, 0x0f, 0x14, 0x99, 0x44, 0x22, 0x08, 0x15, 0x00, 0x00, 0x00, 0x0e, 0x15, 0xfa, 0xcf,
  0x8b, 0x0f, 0x15, 0xe2, 0x85, 0x41, 0x07, 0x16, 0xee, 0xaa, 0x66, 0x08, 0x16, 0xdd, 0x77, 0x33,
  0x09, 0x16, 0xac, 0x52, 0x27, 0x0e, 0x16, 0xf3, 0xb8, 0x74, 0x0f, 0x16, 0x99, 0x44, 0x22
};
static const KofSprite kStance_ryo_2 PROGMEM = {
  .w = 20, .h = 23, .pixelCount = 147,
  .pixels = kStance_ryo_2Pixels, .fmt = 5,
};

// ryo 帧 3: 20×23, 123 pixels
static const uint8_t kStance_ryo_3Pixels[] PROGMEM = {
  0x09, 0x00, 0xb5, 0x4a, 0x53, 0x0a, 0x00, 0x99, 0x66, 0x11, 0x0b, 0x00, 0x66, 0x33, 0x00, 0x09,
  0x01, 0xcc, 0x99, 0x44, 0x0a, 0x01, 0xcc, 0x99, 0x44, 0x0b, 0x01, 0x74, 0x41, 0x05, 0x09, 0x02,
  0x74, 0x41, 0x05, 0x0a, 0x02, 0xac, 0x52, 0x27, 0x0b, 0x02, 0x87, 0x46, 0x0e, 0x0c, 0x02, 0xbe,
  0x2a, 0x00, 0x08, 0x03, 0xf3, 0x3d, 0x47, 0x09, 0x03, 0xd5, 0x3c, 0x00, 0x0a, 0x03, 0xf3, 0xb8,
  0x74, 0x0b, 0x03, 0xb7, 0x5f, 0x25, 0x0c, 0x03, 0xfa, 0x85, 0x35, 0x0d, 0x03, 0xee, 0x55, 0x00,
  0x0e, 0x03, 0x00, 0x00, 0x00, 0x0f, 0x03, 0x93, 0x25, 0x00, 0x04, 0x04, 0xb7, 0x5f, 0x25, 0x05,
  0x04, 0xe3, 0xb3, 0x78, 0x07, 0x04, 0xe6, 0x56, 0x6c, 0x08, 0x04, 0xee, 0xaa, 0x66, 0x09, 0x04,
  0xb8, 0x56, 0x19, 0x0a, 0x04, 0xdd, 0x77, 0x33, 0x0b, 0x04, 0x42, 0x2f, 0x1c, 0x0c, 0x04, 0xbe,
  0x2a, 0x00, 0x0d, 0x04, 0x00, 0x00, 0x00, 0x0e, 0x04, 0xf3, 0xb8, 0x74, 0x0f, 0x04, 0xdd, 0x77,
  0x33, 0x05, 0x05, 0x00, 0x00, 0x00, 0x07, 0x05, 0xfa, 0xcf, 0x8b, 0x08, 0x05, 0xe2, 0x85, 0x41,
  0x09, 0x05, 0xab, 0x2e, 0x00, 0x0a, 0x05, 0x00, 0x00, 0x00, 0x0b, 0x05, 0x55, 0x22, 0x00, 0x0c,
  0x05, 0xac, 0x3d, 0x00, 0x0d, 0x05, 0xee, 0xaa, 0x66, 0x0e, 0x05, 0xdd, 0x77, 0x33, 0x0f, 0x05,
  0x68, 0x2b, 0x09, 0x05, 0x06, 0xca, 0x69, 0x2e, 0x06, 0x06, 0xee, 0xaa, 0x66, 0x07, 0x06, 0x99,
  0x44, 0x22, 0x08, 0x06, 0x99, 0x44, 0x22, 0x09, 0x06, 0x86, 0x16, 0x00, 0x0a, 0x06, 0x99, 0x11,
  0x00, 0x0b, 0x06, 0x6f, 0x31, 0x19, 0x0c, 0x06, 0xee, 0xaa, 0x66, 0x0d, 0x06, 0xff, 0xdd, 0x99,
  0x0e, 0x06, 0xac, 0x52, 0x27, 0x05, 0x07, 0x86, 0x3b, 0x19, 0x06, 0x07, 0xdd, 0x77, 0x33, 0x07,
  0x07, 0x99, 0x44, 0x22, 0x09, 0x07, 0xbe, 0x2a, 0x00, 0x0a, 0x07, 0xe3, 0x5b, 0x19, 0x0b, 0x07,
  0xff, 0x77, 0x22, 0x0c, 0x07, 0x99, 0x44, 0x22, 0x0d, 0x07, 0xdd, 0x77, 0x33, 0x0e, 0x07, 0x86,
  0x16, 0x00, 0x0a, 0x08, 0x86, 0x0c, 0x00, 0x0b, 0x08, 0x99, 0x11, 0x00, 0x0c, 0x08, 0x86, 0x0c,
  0x00, 0x0d, 0x08, 0x99, 0x11, 0x00, 0x0e, 0x08, 0x00, 0x00, 0x00, 0x0a, 0x09, 0x39, 0x0e, 0x00,
  0x0b, 0x09, 0x00, 0x00, 0x00, 0x0c, 0x09, 0xee, 0x55, 0x00, 0x0d, 0x09, 0x68, 0x05, 0x00, 0x0e,
  0x09, 0xa7, 0x1a, 0x00, 0x0a, 0x0a, 0x2a, 0x05, 0x00, 0x0b, 0x0a, 0x2a, 0x05, 0x00, 0x0c, 0x0a,
  0xd5, 0x3c, 0x00, 0x0d, 0x0a, 0xcc, 0x33, 0x00, 0x0e, 0x0a, 0xa7, 0x1a, 0x00, 0x0a, 0x0b, 0xf3,
  0x5e, 0x09, 0x0b, 0x0b, 0x39, 0x0e, 0x00, 0x0c, 0x0b, 0xfa, 0x6e, 0x19, 0x0d, 0x0b, 0xff, 0x77,
  0x22, 0x0e, 0x0b, 0x99, 0x11, 0x00, 0x09, 0x0c, 0xda, 0x25, 0x47, 0x0a, 0x0c, 0xf3, 0x5e, 0x09,
  0x0b, 0x0c, 0x6f, 0x4a, 0x0c, 0x0c, 0x0c, 0xff, 0x77, 0x22, 0x0d, 0x0c, 0xcc, 0x33, 0x00, 0x09,
  0x0d, 0xda, 0x25, 0x47, 0x0a, 0x0d, 0xee, 0x55, 0x00, 0x0b, 0x0d, 0xee, 0x55, 0x00, 0x0c, 0x0d,
  0xf3, 0x5e, 0x09, 0x0d, 0x0d, 0xcc, 0x33, 0x00, 0x09, 0x0e, 0xda, 0x25, 0x47, 0x0a, 0x0e, 0xee,
  0x55, 0x00, 0x0b, 0x0e, 0xee, 0x55, 0x00, 0x0c, 0x0e, 0xee, 0x55, 0x00, 0x0d, 0x0e, 0xa7, 0x1a,
  0x00, 0x0a, 0x0f, 0xd5, 0x3c, 0x00, 0x0b, 0x0f, 0xfa, 0x6e, 0x19, 0x0c, 0x0f, 0xcc, 0x33, 0x00,
  0x0d, 0x0f, 0x7f, 0x18, 0x00, 0x0a, 0x10, 0xa7, 0x1a, 0x00, 0x0b, 0x10, 0xcc, 0x33, 0x00, 0x0c,
  0x10, 0xa7, 0x1a, 0x00, 0x0d, 0x10, 0x99, 0x11, 0x00, 0x0a, 0x11, 0xa7, 0x1a, 0x00, 0x0b, 0x11,
  0x86, 0x0c, 0x00, 0x0c, 0x11, 0xcc, 0x33, 0x00, 0x0d, 0x11, 0xbe, 0x2a, 0x00, 0x0a, 0x12, 0x99,
  0x11, 0x00, 0x0b, 0x12, 0x55, 0x00, 0x00, 0x0c, 0x12, 0xcc, 0x33, 0x00, 0x0d, 0x12, 0xbe, 0x2a,
  0x00, 0x0a, 0x13, 0xbe, 0x2a, 0x00, 0x0b, 0x13, 0xa7, 0x1a, 0x00, 0x0c, 0x13, 0xe5, 0x4c, 0x00,
  0x0d, 0x13, 0xcc, 0x33, 0x00, 0x0a, 0x14, 0xb5, 0x0c, 0x47, 0x0b, 0x14, 0x00, 0x00, 0x00, 0x0c,
  0x14, 0xbe, 0x2a, 0x00, 0x0d, 0x14, 0xd5, 0x3c, 0x00, 0x0c, 0x15, 0xee, 0xaa, 0x66, 0x0d, 0x15,
  0xee, 0xaa, 0x66, 0x0a, 0x16, 0xee, 0xaa, 0x66, 0x0b, 0x16, 0xe2, 0x85, 0x41, 0x0c, 0x16, 0xdd,
  0x77, 0x33, 0x0d, 0x16, 0xf3, 0xb8, 0x74
};
static const KofSprite kStance_ryo_3 PROGMEM = {
  .w = 20, .h = 23, .pixelCount = 123,
  .pixels = kStance_ryo_3Pixels, .fmt = 5,
};

// ryo 帧 4: 20×23, 129 pixels
static const uint8_t kStance_ryo_4Pixels[] PROGMEM = {
  0x08, 0x01, 0xb5, 0x4a, 0x53, 0x09, 0x01, 0xcc, 0x99, 0x44, 0x0a, 0x01, 0x99, 0x66, 0x11, 0x09,
  0x02, 0x00, 0x00, 0x00, 0x0a, 0x02, 0x68, 0x2b, 0x09, 0x0b, 0x02, 0x66, 0x33, 0x00, 0x07, 0x03,
  0xf3, 0x3d, 0x47, 0x08, 0x03, 0xee, 0x55, 0x00, 0x09, 0x03, 0xd6, 0x8e, 0x53, 0x0a, 0x03, 0x99,
  0x44, 0x22, 0x0b, 0x03, 0xee, 0xaa, 0x66, 0x0c, 0x03, 0xb1, 0x24, 0x00, 0x0d, 0x03, 0xee, 0x55,
  0x00, 0x0e, 0x03, 0x00, 0x00, 0x00, 0x0f, 0x03, 0xcc, 0x33, 0x00, 0x04, 0x04, 0x55, 0x22, 0x00,
  0x05, 0x04, 0xff, 0xa0, 0xb5, 0x07, 0x04, 0xe9, 0x9c, 0x58, 0x08, 0x04, 0x00, 0x00, 0x00, 0x09,
  0x04, 0xf3, 0x9c, 0x53, 0x0a, 0x04, 0xe2, 0x85, 0x41, 0x0b, 0x04, 0xdd, 0x77, 0x33, 0x0c, 0x04,
  0xf1, 0x64, 0x19, 0x0d, 0x04, 0xac, 0x7b, 0x4a, 0x0e, 0x04, 0xee, 0xaa, 0x66, 0x04, 0x05, 0xee,
  0xaa, 0x66, 0x06, 0x05, 0xe6, 0x56, 0x6c, 0x07, 0x05, 0xff, 0xdd, 0x99, 0x08, 0x05, 0x55, 0x22,
  0x00, 0x09, 0x05, 0x86, 0x3b, 0x19, 0x0a, 0x05, 0xe9, 0x9c, 0x58, 0x0b, 0x05, 0x6f, 0x0c, 0x00,
  0x0c, 0x05, 0xcc, 0x33, 0x00, 0x0d, 0x05, 0xff, 0xdd, 0x99, 0x0e, 0x05, 0xdd, 0x77, 0x33, 0x04,
  0x06, 0x00, 0x00, 0x00, 0x05, 0x06, 0xee, 0xaa, 0x66, 0x06, 0x06, 0xca, 0x69, 0x2e, 0x07, 0x06,
  0xdd, 0x77, 0x33, 0x08, 0x06, 0x86, 0x3b, 0x19, 0x09, 0x06, 0xff, 0x77, 0x22, 0x0a, 0x06, 0x00,
  0x00, 0x00, 0x0b, 0x06, 0x86, 0x3b, 0x19, 0x0c, 0x06, 0xe2, 0x85, 0x41, 0x0d, 0x06, 0xca, 0x69,
  0x2e, 0x0e, 0x06, 0x99, 0x44, 0x22, 0x05, 0x07, 0xe9, 0x9c, 0x58, 0x06, 0x07, 0xb1, 0x60, 0x35,
  0x07, 0x07, 0x99, 0x44, 0x22, 0x09, 0x07, 0xcc, 0x33, 0x00, 0x0a, 0x07, 0xda, 0x46, 0x09, 0x0b,
  0x07, 0x99, 0x44, 0x22, 0x0c, 0x07, 0xe9, 0x9c, 0x58, 0x0d, 0x07, 0xfa, 0xcf, 0x8b, 0x0e, 0x07,
  0x55, 0x22, 0x00, 0x05, 0x08, 0x99, 0x44, 0x22, 0x06, 0x08, 0x99, 0x44, 0x22, 0x09, 0x08, 0xab,
  0x25, 0x00, 0x0a, 0x08, 0xbe, 0x2a, 0x00, 0x0b, 0x08, 0xcc, 0x33, 0x00, 0x0c, 0x08, 0x99, 0x44,
  0x22, 0x0d, 0x08, 0xe9, 0x9c, 0x58, 0x09, 0x09, 0xd6, 0x42, 0x00, 0x0a, 0x09, 0x00, 0x00, 0x00,
  0x0b, 0x09, 0x00, 0x00, 0x00, 0x0c, 0x09, 0xd5, 0x3c, 0x00, 0x0d, 0x09, 0xa7, 0x1a, 0x00, 0x09,
  0x0a, 0x99, 0x11, 0x00, 0x0a, 0x0a, 0x00, 0x00, 0x00, 0x0b, 0x0a, 0x6f, 0x0c, 0x00, 0x0c, 0x0a,
  0xee, 0x55, 0x00, 0x0d, 0x0a, 0xa7, 0x1a, 0x00, 0x09, 0x0b, 0xee, 0x55, 0x00, 0x0a, 0x0b, 0x00,
  0x00, 0x00, 0x0b, 0x0b, 0x00, 0x00, 0x00, 0x0c, 0x0b, 0xff, 0x77, 0x22, 0x0d, 0x0b, 0xbe, 0x2a,
  0x00, 0x09, 0x0c, 0xbe, 0x2a, 0x00, 0x0a, 0x0c, 0x3d, 0x00, 0x00, 0x0b, 0x0c, 0x2a, 0x1c, 0x05,
  0x0c, 0x0c, 0xee, 0x55, 0x00, 0x0d, 0x0c, 0xcc, 0x33, 0x00, 0x09, 0x0d, 0xee, 0x55, 0x00, 0x0a,
  0x0d, 0xfa, 0x6e, 0x19, 0x0b, 0x0d, 0xee, 0x55, 0x00, 0x0c, 0x0d, 0xcc, 0x33, 0x00, 0x0d, 0x0d,
  0x99, 0x11, 0x00, 0x09, 0x0e, 0xe5, 0x4c, 0x00, 0x0a, 0x0e, 0xee, 0x55, 0x00, 0x0b, 0x0e, 0xcc,
  0x33, 0x00, 0x0c, 0x0e, 0x99, 0x11, 0x00, 0x09, 0x0f, 0xff, 0x77, 0x22, 0x0a, 0x0f, 0xd5, 0x3c,
  0x00, 0x0b, 0x0f, 0x99, 0x11, 0x00, 0x0c, 0x0f, 0x68, 0x05, 0x00, 0x09, 0x10, 0xd5, 0x3c, 0x00,
  0x0a, 0x10, 0xe5, 0x4c, 0x00, 0x0b, 0x10, 0x99, 0x11, 0x00, 0x0c, 0x10, 0x55, 0x00, 0x00, 0x09,
  0x11, 0xee, 0x55, 0x00, 0x0a, 0x11, 0xd5, 0x3c, 0x00, 0x0b, 0x11, 0x99, 0x11, 0x00, 0x0c, 0x11,
  0xcc, 0x33, 0x00, 0x09, 0x12, 0xcc, 0x33, 0x00, 0x0a, 0x12, 0x76, 0x0e, 0x00, 0x0b, 0x12, 0x55,
  0x00, 0x00, 0x0c, 0x12, 0xee, 0x55, 0x00, 0x0d, 0x12, 0x99, 0x11, 0x00, 0x09, 0x13, 0xd5, 0x3c,
  0x00, 0x0a, 0x13, 0xcc, 0x33, 0x00, 0x0b, 0x13, 0x86, 0x0c, 0x00, 0x0c, 0x13, 0x99, 0x11, 0x00,
  0x0d, 0x13, 0x00, 0x00, 0x00, 0x09, 0x14, 0x93, 0x25, 0x00, 0x0a, 0x14, 0x6f, 0x0c, 0x00, 0x0c,
  0x14, 0x86, 0x0c, 0x00, 0x0d, 0x14, 0x18, 0x00, 0x00, 0x0e, 0x14, 0xac, 0x52, 0x27, 0x09, 0x15,
  0xac, 0x3d, 0x00, 0x0a, 0x15, 0x6f, 0x0c, 0x00, 0x0c, 0x15, 0xb5, 0x0c, 0x47, 0x0d, 0x15, 0xdd,
  0x77, 0x33, 0x0e, 0x15, 0xdd, 0x77, 0x33, 0x07, 0x16, 0xe9, 0x9c, 0x58, 0x08, 0x16, 0xfa, 0xcf,
  0x8b, 0x09, 0x16, 0xee, 0xaa, 0x66, 0x0a, 0x16, 0xe2, 0x85, 0x41, 0x0c, 0x16, 0xac, 0x52, 0x27,
  0x0d, 0x16, 0xac, 0x52, 0x27
};
static const KofSprite kStance_ryo_4 PROGMEM = {
  .w = 20, .h = 23, .pixelCount = 129,
  .pixels = kStance_ryo_4Pixels, .fmt = 5,
};

// ryo 帧 5: 20×23, 128 pixels
static const uint8_t kStance_ryo_5Pixels[] PROGMEM = {
  0x09, 0x00, 0xb5, 0x4a, 0x53, 0x0a, 0x00, 0x99, 0x66, 0x11, 0x0b, 0x00, 0x66, 0x33, 0x00, 0x09,
  0x01, 0xcc, 0x99, 0x44, 0x0a, 0x01, 0xcc, 0x99, 0x44, 0x0b, 0x01, 0x74, 0x41, 0x05, 0x09, 0x02,
  0x74, 0x41, 0x05, 0x0a, 0x02, 0xac, 0x52, 0x27, 0x0b, 0x02, 0x87, 0x46, 0x0e, 0x0c, 0x02, 0xbe,
  0x2a, 0x00, 0x08, 0x03, 0xf3, 0x3d, 0x47, 0x09, 0x03, 0xd5, 0x3c, 0x00, 0x0a, 0x03, 0xff, 0xdd,
  0x99, 0x0b, 0x03, 0xb7, 0x5f, 0x25, 0x0c, 0x03, 0xee, 0x6d, 0x1c, 0x0d, 0x03, 0xee, 0x55, 0x00,
  0x0e, 0x03, 0x00, 0x00, 0x00, 0x0f, 0x03, 0xcc, 0x33, 0x00, 0x04, 0x04, 0xb7, 0x5f, 0x25, 0x05,
  0x04, 0xe3, 0xb3, 0x78, 0x07, 0x04, 0xe6, 0x56, 0x6c, 0x08, 0x04, 0xee, 0xaa, 0x66, 0x09, 0x04,
  0xb8, 0x56, 0x19, 0x0a, 0x04, 0xdd, 0x77, 0x33, 0x0b, 0x04, 0x42, 0x2f, 0x1c, 0x0c, 0x04, 0xbe,
  0x2a, 0x00, 0x0d, 0x04, 0x00, 0x00, 0x00, 0x0e, 0x04, 0xee, 0xaa, 0x66, 0x0f, 0x04, 0xdd, 0x77,
  0x33, 0x05, 0x05, 0x3d, 0x19, 0x00, 0x07, 0x05, 0xfa, 0xcf, 0x8b, 0x08, 0x05, 0xdd, 0x77, 0x33,
  0x09, 0x05, 0xbe, 0x38, 0x09, 0x0a, 0x05, 0x2a, 0x05, 0x00, 0x0b, 0x05, 0x55, 0x22, 0x00, 0x0c,
  0x05, 0xac, 0x3d, 0x00, 0x0d, 0x05, 0xee, 0xaa, 0x66, 0x0e, 0x05, 0xdd, 0x77, 0x33, 0x0f, 0x05,
  0x68, 0x2b, 0x09, 0x05, 0x06, 0xca, 0x69, 0x2e, 0x06, 0x06, 0xee, 0xaa, 0x66, 0x07, 0x06, 0x99,
  0x44, 0x22, 0x08, 0x06, 0x99, 0x44, 0x22, 0x09, 0x06, 0xd6, 0x42, 0x00, 0x0a, 0x06, 0xa7, 0x1a,
  0x00, 0x0b, 0x06, 0x86, 0x3b, 0x19, 0x0c, 0x06, 0xee, 0xaa, 0x66, 0x0d, 0x06, 0xff, 0xdd, 0x99,
  0x0e, 0x06, 0x99, 0x44, 0x22, 0x05, 0x07, 0x86, 0x3b, 0x19, 0x06, 0x07, 0xdd, 0x77, 0x33, 0x07,
  0x07, 0x99, 0x44, 0x22, 0x09, 0x07, 0xbe, 0x2a, 0x00, 0x0a, 0x07, 0xd6, 0x42, 0x00, 0x0b, 0x07,
  0xf3, 0x5e, 0x09, 0x0c, 0x07, 0x99, 0x44, 0x22, 0x0d, 0x07, 0xdd, 0x77, 0x33, 0x0e, 0x07, 0x86,
  0x16, 0x00, 0x0a, 0x08, 0xab, 0x25, 0x00, 0x0b, 0x08, 0x99, 0x11, 0x00, 0x0c, 0x08, 0x55, 0x00,
  0x00, 0x0d, 0x08, 0x99, 0x11, 0x00, 0x0e, 0x08, 0x68, 0x05, 0x00, 0x0a, 0x09, 0x47, 0x21, 0x09,
  0x0b, 0x09, 0x00, 0x00, 0x00, 0x0c, 0x09, 0xff, 0x77, 0x22, 0x0d, 0x09, 0xa7, 0x1a, 0x00, 0x0e,
  0x09, 0x55, 0x00, 0x00, 0x0a, 0x0a, 0x39, 0x0e, 0x00, 0x0b, 0x0a, 0x39, 0x0e, 0x00, 0x0c, 0x0a,
  0xe3, 0x5b, 0x19, 0x0d, 0x0a, 0xcc, 0x33, 0x00, 0x0e, 0x0a, 0x68, 0x05, 0x00, 0x09, 0x0b, 0xbe,
  0x2a, 0x00, 0x0a, 0x0b, 0x00, 0x00, 0x00, 0x0b, 0x0b, 0xcc, 0x33, 0x00, 0x0c, 0x0b, 0x6f, 0x0c,
  0x00, 0x0d, 0x0b, 0x99, 0x11, 0x00, 0x0e, 0x0b, 0x68, 0x05, 0x00, 0x09, 0x0c, 0xe5, 0x4c, 0x00,
  0x0a, 0x0c, 0x93, 0x25, 0x00, 0x0b, 0x0c, 0xe5, 0x4c, 0x00, 0x0c, 0x0c, 0xb8, 0x56, 0x19, 0x0d,
  0x0c, 0xd5, 0x3c, 0x00, 0x09, 0x0d, 0xfa, 0x6e, 0x19, 0x0a, 0x0d, 0x93, 0x25, 0x00, 0x0b, 0x0d,
  0xe5, 0x4c, 0x00, 0x0c, 0x0d, 0xf3, 0x5e, 0x09, 0x0d, 0x0d, 0xcc, 0x33, 0x00, 0x08, 0x0e, 0xda,
  0x25, 0x47, 0x09, 0x0e, 0xf3, 0x5e, 0x09, 0x0a, 0x0e, 0xa7, 0x1a, 0x00, 0x0b, 0x0e, 0xee, 0x55,
  0x00, 0x0c, 0x0e, 0xf3, 0x5e, 0x09, 0x0d, 0x0e, 0xcc, 0x33, 0x00, 0x08, 0x0f, 0xfa, 0x6e, 0x19,
  0x09, 0x0f, 0xd5, 0x3c, 0x00, 0x0a, 0x0f, 0xa7, 0x1a, 0x00, 0x0b, 0x0f, 0xfa, 0x6e, 0x19, 0x0c,
  0x0f, 0xee, 0x55, 0x00, 0x0d, 0x0f, 0x99, 0x11, 0x00, 0x08, 0x10, 0xa7, 0x1a, 0x00, 0x09, 0x10,
  0xcc, 0x33, 0x00, 0x0a, 0x10, 0x68, 0x05, 0x00, 0x0b, 0x10, 0xcc, 0x33, 0x00, 0x0c, 0x10, 0xcc,
  0x33, 0x00, 0x0d, 0x10, 0x7f, 0x18, 0x00, 0x09, 0x11, 0x55, 0x00, 0x00, 0x0a, 0x11, 0x99, 0x11,
  0x00, 0x0b, 0x11, 0xcc, 0x33, 0x00, 0x0c, 0x11, 0xcc, 0x33, 0x00, 0x0d, 0x11, 0x76, 0x0e, 0x00,
  0x0a, 0x12, 0x99, 0x11, 0x00, 0x0b, 0x12, 0xe5, 0x4c, 0x00, 0x0c, 0x12, 0xa7, 0x1a, 0x00, 0x0d,
  0x12, 0x99, 0x11, 0x00, 0x0b, 0x13, 0xd6, 0x42, 0x00, 0x0c, 0x13, 0xcc, 0x33, 0x00, 0x0d, 0x13,
  0x55, 0x00, 0x00, 0x0b, 0x14, 0xe5, 0x4c, 0x00, 0x0c, 0x14, 0xb1, 0x24, 0x00, 0x0d, 0x14, 0x68,
  0x05, 0x00, 0x0b, 0x15, 0xac, 0x3d, 0x00, 0x0c, 0x15, 0x93, 0x25, 0x00, 0x0d, 0x15, 0xa7, 0x1a,
  0x00, 0x0a, 0x16, 0xfa, 0xcf, 0x8b, 0x0b, 0x16, 0xee, 0xaa, 0x66, 0x0c, 0x16, 0xdd, 0x77, 0x33
};
static const KofSprite kStance_ryo_5 PROGMEM = {
  .w = 20, .h = 23, .pixelCount = 128,
  .pixels = kStance_ryo_5Pixels, .fmt = 5,
};

static const KofSprite* const kStance_ryo_Frames[] PROGMEM = {
  &kStance_ryo_0,
  &kStance_ryo_1,
  &kStance_ryo_2,
  &kStance_ryo_3,
  &kStance_ryo_4,
  &kStance_ryo_5
};
static const KofStanceSet kStance_ryo PROGMEM = {
  .frameCount = 6,
  .frames = kStance_ryo_Frames,
};

// goro 帧 0: 20×23, 140 pixels
static const uint8_t kStance_goro_0Pixels[] PROGMEM = {
  0x0b, 0x00, 0x00, 0x00, 0x00, 0x0c, 0x00, 0x00, 0x00, 0x00, 0x0b, 0x01, 0xff, 0xcc, 0x99, 0x0c,
  0x01, 0x00, 0x00, 0x00, 0x0d, 0x01, 0xcc, 0xcc, 0x99, 0x02, 0x02, 0xdd, 0x77, 0x33, 0x03, 0x02,
  0xff, 0xcc, 0x99, 0x09, 0x02, 0xaa, 0x55, 0x22, 0x0a, 0x02, 0xff, 0xaa, 0x66, 0x0b, 0x02, 0xaa,
  0x55, 0x22, 0x0c, 0x02, 0xaa, 0x55, 0x22, 0x0d, 0x02, 0xaa, 0x55, 0x22, 0x03, 0x03, 0x66, 0x33,
  0x11, 0x04, 0x03, 0xff, 0xaa, 0x66, 0x09, 0x03, 0x66, 0x33, 0x11, 0x0a, 0x03, 0xaa, 0x55, 0x22,
  0x0b, 0x03, 0xee, 0xee, 0xbb, 0x0c, 0x03, 0xff, 0xaa, 0x66, 0x0d, 0x03, 0xff, 0xaa, 0x66, 0x0e,
  0x03, 0xff, 0xcc, 0x99, 0x0f, 0x03, 0xdd, 0x77, 0x33, 0x04, 0x04, 0x77, 0x66, 0x44, 0x05, 0x04,
  0xaa, 0x99, 0x77, 0x06, 0x04, 0xcc, 0xcc, 0x99, 0x07, 0x04, 0xaa, 0x55, 0x22, 0x08, 0x04, 0xff,
  0xaa, 0x66, 0x09, 0x04, 0xdd, 0x77, 0x33, 0x0a, 0x04, 0xff, 0xcc, 0x99, 0x0b, 0x04, 0x77, 0x66,
  0x44, 0x0c, 0x04, 0xaa, 0x55, 0x22, 0x0d, 0x04, 0xdd, 0x77, 0x33, 0x0e, 0x04, 0xdd, 0x77, 0x33,
  0x0f, 0x04, 0xaa, 0x55, 0x22, 0x05, 0x05, 0x77, 0x66, 0x44, 0x06, 0x05, 0xaa, 0x55, 0x22, 0x07,
  0x05, 0xdd, 0x77, 0x33, 0x08, 0x05, 0xdd, 0x77, 0x33, 0x09, 0x05, 0x66, 0x33, 0x11, 0x0a, 0x05,
  0xff, 0xaa, 0x66, 0x0b, 0x05, 0xff, 0xaa, 0x66, 0x0c, 0x05, 0x66, 0x33, 0x11, 0x0d, 0x05, 0xaa,
  0x55, 0x22, 0x0e, 0x05, 0xaa, 0x55, 0x22, 0x0f, 0x05, 0xaa, 0x55, 0x22, 0x0a, 0x06, 0xff, 0xaa,
  0x66, 0x0b, 0x06, 0xff, 0xcc, 0x99, 0x0c, 0x06, 0xff, 0xaa, 0x66, 0x0d, 0x06, 0xaa, 0x55, 0x22,
  0x0e, 0x06, 0xaa, 0x55, 0x22, 0x0a, 0x07, 0xdd, 0x77, 0x33, 0x0b, 0x07, 0xff, 0xcc, 0x99, 0x0c,
  0x07, 0xff, 0xaa, 0x66, 0x0d, 0x07, 0xaa, 0x55, 0x22, 0x0e, 0x07, 0xaa, 0x55, 0x22, 0x0a, 0x08,
  0xff, 0xff, 0xee, 0x0b, 0x08, 0xff, 0xcc, 0x99, 0x0c, 0x08, 0xff, 0xaa, 0x66, 0x0d, 0x08, 0xaa,
  0x99, 0x77, 0x0e, 0x08, 0x77, 0x66, 0x44, 0x0a, 0x09, 0x00, 0x00, 0x00, 0x0b, 0x09, 0x00, 0x00,
  0x00, 0x0c, 0x09, 0x00, 0x00, 0x00, 0x0d, 0x09, 0x00, 0x00, 0x00, 0x0e, 0x09, 0x77, 0x66, 0x44,
  0x09, 0x0a, 0xaa, 0x99, 0x77, 0x0a, 0x0a, 0x00, 0x00, 0x00, 0x0b, 0x0a, 0xff, 0xff, 0xee, 0x0c,
  0x0a, 0xee, 0xee, 0xbb, 0x0d, 0x0a, 0xee, 0xee, 0xbb, 0x0e, 0x0a, 0xaa, 0x99, 0x77, 0x09, 0x0b,
  0xff, 0xff, 0xee, 0x0a, 0x0b, 0x00, 0x00, 0x00, 0x0b, 0x0b, 0xff, 0xff, 0xee, 0x0c, 0x0b, 0xee,
  0xee, 0xbb, 0x0d, 0x0b, 0xff, 0xff, 0xee, 0x0e, 0x0b, 0xcc, 0xcc, 0x99, 0x08, 0x0c, 0xee, 0xee,
  0xbb, 0x09, 0x0c, 0xff, 0xff, 0xee, 0x0a, 0x0c, 0x00, 0x00, 0x00, 0x0b, 0x0c, 0x77, 0x66, 0x44,
  0x0c, 0x0c, 0xcc, 0xcc, 0x99, 0x0d, 0x0c, 0xee, 0xee, 0xbb, 0x0e, 0x0c, 0xee, 0xee, 0xbb, 0x07,
  0x0d, 0xaa, 0x99, 0x77, 0x08, 0x0d, 0xee, 0xee, 0xbb, 0x09, 0x0d, 0xaa, 0x99, 0x77, 0x0a, 0x0d,
  0x77, 0x66, 0x44, 0x0b, 0x0d, 0x77, 0x66, 0x44, 0x0c, 0x0d, 0x44, 0x44, 0x22, 0x0d, 0x0d, 0xcc,
  0xcc, 0x99, 0x0e, 0x0d, 0xff, 0xff, 0xee, 0x0f, 0x0d, 0x77, 0x66, 0x44, 0x07, 0x0e, 0xee, 0xee,
  0xbb, 0x08, 0x0e, 0xcc, 0xcc, 0x99, 0x09, 0x0e, 0xaa, 0x99, 0x77, 0x0a, 0x0e, 0x77, 0x66, 0x44,
  0x0c, 0x0e, 0x77, 0x66, 0x44, 0x0d, 0x0e, 0xaa, 0x99, 0x77, 0x0e, 0x0e, 0xff, 0xff, 0xee, 0x0f,
  0x0e, 0x77, 0x66, 0x44, 0x07, 0x0f, 0xff, 0xff, 0xee, 0x08, 0x0f, 0xaa, 0x99, 0x77, 0x09, 0x0f,
  0x77, 0x66, 0x44, 0x0d, 0x0f, 0xcc, 0xcc, 0x99, 0x0e, 0x0f, 0xee, 0xee, 0xbb, 0x0f, 0x0f, 0x77,
  0x66, 0x44, 0x07, 0x10, 0xcc, 0xcc, 0x99, 0x08, 0x10, 0xaa, 0x99, 0x77, 0x0d, 0x10, 0x77, 0x66,
  0x44, 0x0e, 0x10, 0x77, 0x66, 0x44, 0x0f, 0x10, 0xaa, 0x99, 0x77, 0x07, 0x11, 0xcc, 0xcc, 0x99,
  0x08, 0x11, 0x77, 0x66, 0x44, 0x0e, 0x11, 0x77, 0x66, 0x44, 0x0f, 0x11, 0xcc, 0xcc, 0x99, 0x10,
  0x11, 0x77, 0x66, 0x44, 0x07, 0x12, 0xee, 0xee, 0xbb, 0x08, 0x12, 0x77, 0x66, 0x44, 0x0e, 0x12,
  0x77, 0x66, 0x44, 0x0f, 0x12, 0xee, 0xee, 0xbb, 0x10, 0x12, 0x77, 0x66, 0x44, 0x07, 0x13, 0x66,
  0x33, 0x11, 0x0e, 0x13, 0x44, 0x44, 0x22, 0x0f, 0x13, 0x66, 0x33, 0x11, 0x10, 0x13, 0x66, 0x33,
  0x11, 0x06, 0x14, 0xff, 0xcc, 0x99, 0x07, 0x14, 0xff, 0xaa, 0x66, 0x0f, 0x14, 0x66, 0x33, 0x11,
  0x10, 0x14, 0xff, 0xaa, 0x66, 0x04, 0x15, 0xaa, 0x55, 0x22, 0x05, 0x15, 0xaa, 0x55, 0x22, 0x06,
  0x15, 0x66, 0x33, 0x11, 0x07, 0x15, 0xaa, 0x55, 0x22, 0x10, 0x15, 0xff, 0xaa, 0x66, 0x11, 0x15,
  0xff, 0xaa, 0x66, 0x05, 0x16, 0xdd, 0x77, 0x33, 0x06, 0x16, 0x66, 0x33, 0x11, 0x07, 0x16, 0xdd,
  0x77, 0x33, 0x10, 0x16, 0xff, 0xaa, 0x66, 0x11, 0x16, 0xff, 0xaa, 0x66
};
static const KofSprite kStance_goro_0 PROGMEM = {
  .w = 20, .h = 23, .pixelCount = 140,
  .pixels = kStance_goro_0Pixels, .fmt = 5,
};

// goro 帧 1: 20×23, 136 pixels
static const uint8_t kStance_goro_1Pixels[] PROGMEM = {
  0x0b, 0x00, 0x00, 0x00, 0x00, 0x0c, 0x00, 0x00, 0x00, 0x00, 0x0b, 0x01, 0xff, 0xcc, 0x99, 0x0c,
  0x01, 0x00, 0x00, 0x00, 0x0d, 0x01, 0x44, 0x44, 0x22, 0x03, 0x02, 0xff, 0xcc, 0x99, 0x0a, 0x02,
  0xaa, 0x55, 0x22, 0x0c, 0x02, 0xdd, 0x77, 0x33, 0x0d, 0x02, 0xaa, 0x55, 0x22, 0x03, 0x03, 0xaa,
  0x55, 0x22, 0x04, 0x03, 0xdd, 0x77, 0x33, 0x05, 0x03, 0xff, 0xff, 0xee, 0x06, 0x03, 0xee, 0xee,
  0xbb, 0x09, 0x03, 0xaa, 0x55, 0x22, 0x0a, 0x03, 0xaa, 0x55, 0x22, 0x0b, 0x03, 0xdd, 0x77, 0x33,
  0x0c, 0x03, 0xee, 0xee, 0xbb, 0x0d, 0x03, 0xff, 0xcc, 0x99, 0x0e, 0x03, 0xff, 0xaa, 0x66, 0x0f,
  0x03, 0xff, 0xaa, 0x66, 0x05, 0x04, 0x77, 0x66, 0x44, 0x06, 0x04, 0xaa, 0x99, 0x77, 0x07, 0x04,
  0xaa, 0x55, 0x22, 0x08, 0x04, 0xff, 0xaa, 0x66, 0x09, 0x04, 0xff, 0xaa, 0x66, 0x0a, 0x04, 0xdd,
  0x77, 0x33, 0x0b, 0x04, 0x44, 0x44, 0x22, 0x0c, 0x04, 0x77, 0x66, 0x44, 0x0d, 0x04, 0xaa, 0x55,
  0x22, 0x0e, 0x04, 0xdd, 0x77, 0x33, 0x0f, 0x04, 0x66, 0x33, 0x11, 0x06, 0x05, 0xaa, 0x55, 0x22,
  0x07, 0x05, 0xdd, 0x77, 0x33, 0x08, 0x05, 0xdd, 0x77, 0x33, 0x09, 0x05, 0x66, 0x33, 0x11, 0x0a,
  0x05, 0xff, 0xaa, 0x66, 0x0b, 0x05, 0xdd, 0x77, 0x33, 0x0c, 0x05, 0xaa, 0x55, 0x22, 0x0d, 0x05,
  0xaa, 0x55, 0x22, 0x0e, 0x05, 0xaa, 0x55, 0x22, 0x0f, 0x05, 0xaa, 0x55, 0x22, 0x0a, 0x06, 0xff,
  0xaa, 0x66, 0x0b, 0x06, 0xff, 0xcc, 0x99, 0x0c, 0x06, 0xff, 0xcc, 0x99, 0x0d, 0x06, 0xdd, 0x77,
  0x33, 0x0e, 0x06, 0xaa, 0x55, 0x22, 0x0f, 0x06, 0x66, 0x33, 0x11, 0x0a, 0x07, 0xdd, 0x77, 0x33,
  0x0b, 0x07, 0xff, 0xcc, 0x99, 0x0c, 0x07, 0xff, 0xaa, 0x66, 0x0d, 0x07, 0xdd, 0x77, 0x33, 0x0e,
  0x07, 0xaa, 0x55, 0x22, 0x0a, 0x08, 0xee, 0xee, 0xbb, 0x0b, 0x08, 0xff, 0xcc, 0x99, 0x0c, 0x08,
  0xff, 0xcc, 0x99, 0x0d, 0x08, 0xcc, 0xcc, 0x99, 0x0e, 0x08, 0x77, 0x66, 0x44, 0x0a, 0x09, 0x00,
  0x00, 0x00, 0x0b, 0x09, 0x00, 0x00, 0x00, 0x0c, 0x09, 0x00, 0x00, 0x00, 0x0d, 0x09, 0x00, 0x00,
  0x00, 0x0e, 0x09, 0x00, 0x00, 0x00, 0x0a, 0x0a, 0x00, 0x00, 0x00, 0x0b, 0x0a, 0xff, 0xff, 0xee,
  0x0c, 0x0a, 0xee, 0xee, 0xbb, 0x0d, 0x0a, 0xcc, 0xcc, 0x99, 0x0e, 0x0a, 0xaa, 0x99, 0x77, 0x09,
  0x0b, 0xee, 0xee, 0xbb, 0x0a, 0x0b, 0x00, 0x00, 0x00, 0x0b, 0x0b, 0xff, 0xff, 0xee, 0x0c, 0x0b,
  0x00, 0x00, 0x00, 0x0d, 0x0b, 0xff, 0xff, 0xee, 0x0e, 0x0b, 0xee, 0xee, 0xbb, 0x08, 0x0c, 0xcc,
  0xcc, 0x99, 0x09, 0x0c, 0xee, 0xee, 0xbb, 0x0a, 0x0c, 0x00, 0x00, 0x00, 0x0b, 0x0c, 0x77, 0x66,
  0x44, 0x0c, 0x0c, 0x00, 0x00, 0x00, 0x0d, 0x0c, 0xee, 0xee, 0xbb, 0x0e, 0x0c, 0xff, 0xff, 0xee,
  0x0f, 0x0c, 0x77, 0x66, 0x44, 0x08, 0x0d, 0xff, 0xff, 0xee, 0x09, 0x0d, 0xaa, 0x99, 0x77, 0x0a,
  0x0d, 0x77, 0x66, 0x44, 0x0b, 0x0d, 0x77, 0x66, 0x44, 0x0c, 0x0d, 0x77, 0x66, 0x44, 0x0d, 0x0d,
  0xcc, 0xcc, 0x99, 0x0e, 0x0d, 0xff, 0xff, 0xee, 0x0f, 0x0d, 0x77, 0x66, 0x44, 0x07, 0x0e, 0xcc,
  0xcc, 0x99, 0x08, 0x0e, 0xee, 0xee, 0xbb, 0x09, 0x0e, 0xaa, 0x99, 0x77, 0x0a, 0x0e, 0xaa, 0x99,
  0x77, 0x0c, 0x0e, 0x44, 0x44, 0x22, 0x0d, 0x0e, 0xcc, 0xcc, 0x99, 0x0e, 0x0e, 0xee, 0xee, 0xbb,
  0x0f, 0x0e, 0xaa, 0x99, 0x77, 0x07, 0x0f, 0xee, 0xee, 0xbb, 0x08, 0x0f, 0xaa, 0x99, 0x77, 0x09,
  0x0f, 0x77, 0x66, 0x44, 0x0d, 0x0f, 0x77, 0x66, 0x44, 0x0e, 0x0f, 0xcc, 0xcc, 0x99, 0x0f, 0x0f,
  0xcc, 0xcc, 0x99, 0x07, 0x10, 0xcc, 0xcc, 0x99, 0x08, 0x10, 0x77, 0x66, 0x44, 0x09, 0x10, 0x77,
  0x66, 0x44, 0x0d, 0x10, 0x77, 0x66, 0x44, 0x0e, 0x10, 0xaa, 0x99, 0x77, 0x0f, 0x10, 0xcc, 0xcc,
  0x99, 0x10, 0x10, 0x77, 0x66, 0x44, 0x07, 0x11, 0xee, 0xee, 0xbb, 0x08, 0x11, 0x77, 0x66, 0x44,
  0x0e, 0x11, 0x77, 0x66, 0x44, 0x0f, 0x11, 0xee, 0xee, 0xbb, 0x10, 0x11, 0x77, 0x66, 0x44, 0x07,
  0x12, 0xee, 0xee, 0xbb, 0x08, 0x12, 0x77, 0x66, 0x44, 0x0e, 0x12, 0x44, 0x44, 0x22, 0x0f, 0x12,
  0xff, 0xff, 0xee, 0x10, 0x12, 0xaa, 0x99, 0x77, 0x07, 0x13, 0x66, 0x33, 0x11, 0x0f, 0x13, 0xee,
  0xee, 0xbb, 0x10, 0x13, 0x66, 0x33, 0x11, 0x06, 0x14, 0xff, 0xcc, 0x99, 0x07, 0x14, 0xff, 0xaa,
  0x66, 0x10, 0x14, 0xff, 0xaa, 0x66, 0x04, 0x15, 0xff, 0xaa, 0x66, 0x05, 0x15, 0xaa, 0x55, 0x22,
  0x06, 0x15, 0x66, 0x33, 0x11, 0x07, 0x15, 0xaa, 0x55, 0x22, 0x10, 0x15, 0xff, 0xaa, 0x66, 0x11,
  0x15, 0xff, 0xaa, 0x66, 0x05, 0x16, 0x66, 0x33, 0x11, 0x07, 0x16, 0xdd, 0x77, 0x33, 0x10, 0x16,
  0xff, 0xaa, 0x66, 0x11, 0x16, 0xff, 0xaa, 0x66
};
static const KofSprite kStance_goro_1 PROGMEM = {
  .w = 20, .h = 23, .pixelCount = 136,
  .pixels = kStance_goro_1Pixels, .fmt = 5,
};

// goro 帧 2: 20×23, 137 pixels
static const uint8_t kStance_goro_2Pixels[] PROGMEM = {
  0x0c, 0x00, 0x00, 0x00, 0x00, 0x0c, 0x01, 0xdd, 0x77, 0x33, 0x0d, 0x01, 0x77, 0x66, 0x44, 0x03,
  0x02, 0xff, 0xcc, 0x99, 0x0a, 0x02, 0xff, 0xcc, 0x99, 0x0c, 0x02, 0xff, 0xaa, 0x66, 0x0d, 0x02,
  0xaa, 0x55, 0x22, 0x0e, 0x02, 0x77, 0x66, 0x44, 0x03, 0x03, 0x66, 0x33, 0x11, 0x04, 0x03, 0xaa,
  0x55, 0x22, 0x05, 0x03, 0xff, 0xff, 0xee, 0x06, 0x03, 0xcc, 0xcc, 0x99, 0x07, 0x03, 0xff, 0xaa,
  0x66, 0x08, 0x03, 0xdd, 0x77, 0x33, 0x09, 0x03, 0xff, 0xaa, 0x66, 0x0a, 0x03, 0xdd, 0x77, 0x33,
  0x0b, 0x03, 0xdd, 0x77, 0x33, 0x0c, 0x03, 0xff, 0xff, 0xee, 0x0d, 0x03, 0xdd, 0x77, 0x33, 0x0e,
  0x03, 0xdd, 0x77, 0x33, 0x0f, 0x03, 0xff, 0xaa, 0x66, 0x05, 0x04, 0x77, 0x66, 0x44, 0x06, 0x04,
  0xdd, 0x77, 0x33, 0x07, 0x04, 0xaa, 0x55, 0x22, 0x08, 0x04, 0xdd, 0x77, 0x33, 0x09, 0x04, 0xdd,
  0x77, 0x33, 0x0a, 0x04, 0xff, 0xaa, 0x66, 0x0b, 0x04, 0x44, 0x44, 0x22, 0x0c, 0x04, 0x77, 0x66,
  0x44, 0x0d, 0x04, 0x66, 0x33, 0x11, 0x0e, 0x04, 0xaa, 0x55, 0x22, 0x0f, 0x04, 0x66, 0x33, 0x11,
  0x06, 0x05, 0x66, 0x33, 0x11, 0x07, 0x05, 0xaa, 0x55, 0x22, 0x08, 0x05, 0xaa, 0x55, 0x22, 0x09,
  0x05, 0x66, 0x33, 0x11, 0x0a, 0x05, 0xff, 0xaa, 0x66, 0x0b, 0x05, 0xdd, 0x77, 0x33, 0x0c, 0x05,
  0x66, 0x33, 0x11, 0x0d, 0x05, 0xaa, 0x55, 0x22, 0x0e, 0x05, 0x66, 0x33, 0x11, 0x0f, 0x05, 0xaa,
  0x55, 0x22, 0x0a, 0x06, 0xff, 0xaa, 0x66, 0x0b, 0x06, 0xff, 0xcc, 0x99, 0x0c, 0x06, 0xff, 0xcc,
  0x99, 0x0d, 0x06, 0xdd, 0x77, 0x33, 0x0e, 0x06, 0xaa, 0x55, 0x22, 0x0f, 0x06, 0x66, 0x33, 0x11,
  0x0a, 0x07, 0xdd, 0x77, 0x33, 0x0b, 0x07, 0xff, 0xcc, 0x99, 0x0c, 0x07, 0xff, 0xaa, 0x66, 0x0d,
  0x07, 0xdd, 0x77, 0x33, 0x0e, 0x07, 0xaa, 0x55, 0x22, 0x0a, 0x08, 0xcc, 0xcc, 0x99, 0x0b, 0x08,
  0xff, 0xcc, 0x99, 0x0c, 0x08, 0xff, 0xcc, 0x99, 0x0d, 0x08, 0xcc, 0xcc, 0x99, 0x0e, 0x08, 0x77,
  0x66, 0x44, 0x0a, 0x09, 0x00, 0x00, 0x00, 0x0b, 0x09, 0x00, 0x00, 0x00, 0x0c, 0x09, 0x00, 0x00,
  0x00, 0x0d, 0x09, 0x00, 0x00, 0x00, 0x0e, 0x09, 0x00, 0x00, 0x00, 0x0a, 0x0a, 0x00, 0x00, 0x00,
  0x0b, 0x0a, 0xff, 0xff, 0xee, 0x0c, 0x0a, 0xee, 0xee, 0xbb, 0x0d, 0x0a, 0xcc, 0xcc, 0x99, 0x0e,
  0x0a, 0xaa, 0x99, 0x77, 0x09, 0x0b, 0xee, 0xee, 0xbb, 0x0a, 0x0b, 0x00, 0x00, 0x00, 0x0b, 0x0b,
  0xff, 0xff, 0xee, 0x0c, 0x0b, 0x00, 0x00, 0x00, 0x0d, 0x0b, 0xff, 0xff, 0xee, 0x0e, 0x0b, 0xee,
  0xee, 0xbb, 0x08, 0x0c, 0xcc, 0xcc, 0x99, 0x09, 0x0c, 0xee, 0xee, 0xbb, 0x0a, 0x0c, 0x00, 0x00,
  0x00, 0x0b, 0x0c, 0x77, 0x66, 0x44, 0x0c, 0x0c, 0x00, 0x00, 0x00, 0x0d, 0x0c, 0xee, 0xee, 0xbb,
  0x0e, 0x0c, 0xff, 0xff, 0xee, 0x0f, 0x0c, 0x77, 0x66, 0x44, 0x08, 0x0d, 0xff, 0xff, 0xee, 0x09,
  0x0d, 0xaa, 0x99, 0x77, 0x0a, 0x0d, 0x77, 0x66, 0x44, 0x0b, 0x0d, 0x77, 0x66, 0x44, 0x0c, 0x0d,
  0x77, 0x66, 0x44, 0x0d, 0x0d, 0xcc, 0xcc, 0x99, 0x0e, 0x0d, 0xff, 0xff, 0xee, 0x0f, 0x0d, 0x77,
  0x66, 0x44, 0x07, 0x0e, 0xcc, 0xcc, 0x99, 0x08, 0x0e, 0xee, 0xee, 0xbb, 0x09, 0x0e, 0xaa, 0x99,
  0x77, 0x0a, 0x0e, 0xaa, 0x99, 0x77, 0x0c, 0x0e, 0x44, 0x44, 0x22, 0x0d, 0x0e, 0xcc, 0xcc, 0x99,
  0x0e, 0x0e, 0xee, 0xee, 0xbb, 0x0f, 0x0e, 0xaa, 0x99, 0x77, 0x07, 0x0f, 0xee, 0xee, 0xbb, 0x08,
  0x0f, 0xaa, 0x99, 0x77, 0x09, 0x0f, 0x77, 0x66, 0x44, 0x0d, 0x0f, 0x77, 0x66, 0x44, 0x0e, 0x0f,
  0xcc, 0xcc, 0x99, 0x0f, 0x0f, 0xcc, 0xcc, 0x99, 0x07, 0x10, 0xcc, 0xcc, 0x99, 0x08, 0x10, 0x77,
  0x66, 0x44, 0x09, 0x10, 0x77, 0x66, 0x44, 0x0d, 0x10, 0x77, 0x66, 0x44, 0x0e, 0x10, 0xaa, 0x99,
  0x77, 0x0f, 0x10, 0xcc, 0xcc, 0x99, 0x10, 0x10, 0x77, 0x66, 0x44, 0x07, 0x11, 0xee, 0xee, 0xbb,
  0x08, 0x11, 0x77, 0x66, 0x44, 0x0e, 0x11, 0x77, 0x66, 0x44, 0x0f, 0x11, 0xee, 0xee, 0xbb, 0x10,
  0x11, 0x77, 0x66, 0x44, 0x07, 0x12, 0xee, 0xee, 0xbb, 0x08, 0x12, 0x77, 0x66, 0x44, 0x0e, 0x12,
  0x44, 0x44, 0x22, 0x0f, 0x12, 0xff, 0xff, 0xee, 0x10, 0x12, 0xaa, 0x99, 0x77, 0x07, 0x13, 0x66,
  0x33, 0x11, 0x0f, 0x13, 0xee, 0xee, 0xbb, 0x10, 0x13, 0x66, 0x33, 0x11, 0x06, 0x14, 0xff, 0xcc,
  0x99, 0x07, 0x14, 0xff, 0xaa, 0x66, 0x10, 0x14, 0xff, 0xaa, 0x66, 0x04, 0x15, 0xff, 0xaa, 0x66,
  0x05, 0x15, 0xaa, 0x55, 0x22, 0x06, 0x15, 0x66, 0x33, 0x11, 0x07, 0x15, 0xaa, 0x55, 0x22, 0x10,
  0x15, 0xff, 0xaa, 0x66, 0x11, 0x15, 0xff, 0xaa, 0x66, 0x05, 0x16, 0x66, 0x33, 0x11, 0x07, 0x16,
  0xdd, 0x77, 0x33, 0x10, 0x16, 0xff, 0xaa, 0x66, 0x11, 0x16, 0xff, 0xaa, 0x66
};
static const KofSprite kStance_goro_2 PROGMEM = {
  .w = 20, .h = 23, .pixelCount = 137,
  .pixels = kStance_goro_2Pixels, .fmt = 5,
};

// goro 帧 3: 20×23, 140 pixels
static const uint8_t kStance_goro_3Pixels[] PROGMEM = {
  0x0c, 0x00, 0x00, 0x00, 0x00, 0x0c, 0x01, 0xdd, 0x77, 0x33, 0x0d, 0x01, 0x77, 0x66, 0x44, 0x03,
  0x02, 0xff, 0xcc, 0x99, 0x0a, 0x02, 0xff, 0xcc, 0x99, 0x0c, 0x02, 0xff, 0xaa, 0x66, 0x0d, 0x02,
  0xaa, 0x55, 0x22, 0x0e, 0x02, 0x77, 0x66, 0x44, 0x02, 0x03, 0xdd, 0x77, 0x33, 0x03, 0x03, 0x66,
  0x33, 0x11, 0x04, 0x03, 0xdd, 0x77, 0x33, 0x05, 0x03, 0xee, 0xee, 0xbb, 0x06, 0x03, 0xff, 0xff,
  0xee, 0x07, 0x03, 0xff, 0xaa, 0x66, 0x08, 0x03, 0xdd, 0x77, 0x33, 0x09, 0x03, 0xff, 0xaa, 0x66,
  0x0a, 0x03, 0xaa, 0x55, 0x22, 0x0b, 0x03, 0xdd, 0x77, 0x33, 0x0c, 0x03, 0xff, 0xff, 0xee, 0x0d,
  0x03, 0xff, 0xaa, 0x66, 0x0e, 0x03, 0xff, 0xaa, 0x66, 0x0f, 0x03, 0xff, 0xaa, 0x66, 0x05, 0x04,
  0x77, 0x66, 0x44, 0x06, 0x04, 0xaa, 0x55, 0x22, 0x07, 0x04, 0xdd, 0x77, 0x33, 0x08, 0x04, 0xdd,
  0x77, 0x33, 0x09, 0x04, 0xdd, 0x77, 0x33, 0x0a, 0x04, 0xff, 0xaa, 0x66, 0x0b, 0x04, 0xff, 0xaa,
  0x66, 0x0c, 0x04, 0xaa, 0x55, 0x22, 0x0d, 0x04, 0xff, 0xaa, 0x66, 0x0e, 0x04, 0xaa, 0x55, 0x22,
  0x0f, 0x04, 0xaa, 0x55, 0x22, 0x06, 0x05, 0x66, 0x33, 0x11, 0x07, 0x05, 0x66, 0x33, 0x11, 0x08,
  0x05, 0xaa, 0x55, 0x22, 0x09, 0x05, 0x66, 0x33, 0x11, 0x0a, 0x05, 0xff, 0xaa, 0x66, 0x0b, 0x05,
  0xdd, 0x77, 0x33, 0x0c, 0x05, 0xff, 0xaa, 0x66, 0x0d, 0x05, 0x66, 0x33, 0x11, 0x0e, 0x05, 0x66,
  0x33, 0x11, 0x0f, 0x05, 0xaa, 0x55, 0x22, 0x0a, 0x06, 0xff, 0xaa, 0x66, 0x0b, 0x06, 0xff, 0xcc,
  0x99, 0x0c, 0x06, 0xff, 0xaa, 0x66, 0x0d, 0x06, 0xdd, 0x77, 0x33, 0x0e, 0x06, 0xaa, 0x55, 0x22,
  0x0f, 0x06, 0x66, 0x33, 0x11, 0x0a, 0x07, 0xff, 0xaa, 0x66, 0x0b, 0x07, 0xff, 0xcc, 0x99, 0x0c,
  0x07, 0xff, 0xaa, 0x66, 0x0d, 0x07, 0xdd, 0x77, 0x33, 0x0e, 0x07, 0xaa, 0x55, 0x22, 0x0a, 0x08,
  0xff, 0xcc, 0x99, 0x0b, 0x08, 0xff, 0xcc, 0x99, 0x0c, 0x08, 0xff, 0xcc, 0x99, 0x0d, 0x08, 0xcc,
  0xcc, 0x99, 0x0e, 0x08, 0x77, 0x66, 0x44, 0x0a, 0x09, 0x00, 0x00, 0x00, 0x0b, 0x09, 0x00, 0x00,
  0x00, 0x0c, 0x09, 0x00, 0x00, 0x00, 0x0d, 0x09, 0x00, 0x00, 0x00, 0x0e, 0x09, 0x77, 0x66, 0x44,
  0x09, 0x0a, 0xaa, 0x99, 0x77, 0x0a, 0x0a, 0x00, 0x00, 0x00, 0x0b, 0x0a, 0xff, 0xff, 0xee, 0x0c,
  0x0a, 0xee, 0xee, 0xbb, 0x0d, 0x0a, 0xee, 0xee, 0xbb, 0x0e, 0x0a, 0xaa, 0x99, 0x77, 0x09, 0x0b,
  0xff, 0xff, 0xee, 0x0a, 0x0b, 0x00, 0x00, 0x00, 0x0b, 0x0b, 0xff, 0xff, 0xee, 0x0c, 0x0b, 0xee,
  0xee, 0xbb, 0x0d, 0x0b, 0xff, 0xff, 0xee, 0x0e, 0x0b, 0xcc, 0xcc, 0x99, 0x08, 0x0c, 0xee, 0xee,
  0xbb, 0x09, 0x0c, 0xff, 0xff, 0xee, 0x0a, 0x0c, 0xaa, 0x99, 0x77, 0x0b, 0x0c, 0x77, 0x66, 0x44,
  0x0c, 0x0c, 0xcc, 0xcc, 0x99, 0x0d, 0x0c, 0xee, 0xee, 0xbb, 0x0e, 0x0c, 0xee, 0xee, 0xbb, 0x07,
  0x0d, 0xaa, 0x99, 0x77, 0x08, 0x0d, 0xee, 0xee, 0xbb, 0x09, 0x0d, 0xaa, 0x99, 0x77, 0x0a, 0x0d,
  0x77, 0x66, 0x44, 0x0b, 0x0d, 0x77, 0x66, 0x44, 0x0c, 0x0d, 0x44, 0x44, 0x22, 0x0d, 0x0d, 0xcc,
  0xcc, 0x99, 0x0e, 0x0d, 0xff, 0xff, 0xee, 0x0f, 0x0d, 0x77, 0x66, 0x44, 0x07, 0x0e, 0xee, 0xee,
  0xbb, 0x08, 0x0e, 0xcc, 0xcc, 0x99, 0x09, 0x0e, 0xaa, 0x99, 0x77, 0x0a, 0x0e, 0x77, 0x66, 0x44,
  0x0c, 0x0e, 0x77, 0x66, 0x44, 0x0d, 0x0e, 0xaa, 0x99, 0x77, 0x0e, 0x0e, 0xff, 0xff, 0xee, 0x0f,
  0x0e, 0x77, 0x66, 0x44, 0x07, 0x0f, 0xff, 0xff, 0xee, 0x08, 0x0f, 0xaa, 0x99, 0x77, 0x09, 0x0f,
  0x77, 0x66, 0x44, 0x0d, 0x0f, 0xcc, 0xcc, 0x99, 0x0e, 0x0f, 0xee, 0xee, 0xbb, 0x0f, 0x0f, 0x77,
  0x66, 0x44, 0x07, 0x10, 0xcc, 0xcc, 0x99, 0x08, 0x10, 0xaa, 0x99, 0x77, 0x0d, 0x10, 0x77, 0x66,
  0x44, 0x0e, 0x10, 0x77, 0x66, 0x44, 0x0f, 0x10, 0xaa, 0x99, 0x77, 0x07, 0x11, 0xcc, 0xcc, 0x99,
  0x08, 0x11, 0x77, 0x66, 0x44, 0x0e, 0x11, 0x77, 0x66, 0x44, 0x0f, 0x11, 0xcc, 0xcc, 0x99, 0x10,
  0x11, 0x77, 0x66, 0x44, 0x07, 0x12, 0xee, 0xee, 0xbb, 0x08, 0x12, 0x77, 0x66, 0x44, 0x0e, 0x12,
  0x77, 0x66, 0x44, 0x0f, 0x12, 0xee, 0xee, 0xbb, 0x10, 0x12, 0x77, 0x66, 0x44, 0x07, 0x13, 0x66,
  0x33, 0x11, 0x0e, 0x13, 0x44, 0x44, 0x22, 0x0f, 0x13, 0x66, 0x33, 0x11, 0x10, 0x13, 0x66, 0x33,
  0x11, 0x06, 0x14, 0xff, 0xcc, 0x99, 0x07, 0x14, 0xff, 0xaa, 0x66, 0x0f, 0x14, 0x66, 0x33, 0x11,
  0x10, 0x14, 0xff, 0xaa, 0x66, 0x04, 0x15, 0xaa, 0x55, 0x22, 0x05, 0x15, 0xaa, 0x55, 0x22, 0x06,
  0x15, 0x66, 0x33, 0x11, 0x07, 0x15, 0xaa, 0x55, 0x22, 0x10, 0x15, 0xff, 0xaa, 0x66, 0x11, 0x15,
  0xff, 0xaa, 0x66, 0x05, 0x16, 0xdd, 0x77, 0x33, 0x06, 0x16, 0x66, 0x33, 0x11, 0x07, 0x16, 0xdd,
  0x77, 0x33, 0x10, 0x16, 0xff, 0xaa, 0x66, 0x11, 0x16, 0xff, 0xaa, 0x66
};
static const KofSprite kStance_goro_3 PROGMEM = {
  .w = 20, .h = 23, .pixelCount = 140,
  .pixels = kStance_goro_3Pixels, .fmt = 5,
};

// goro 帧 4: 20×23, 140 pixels
static const uint8_t kStance_goro_4Pixels[] PROGMEM = {
  0x0c, 0x00, 0x00, 0x00, 0x00, 0x0c, 0x01, 0xdd, 0x77, 0x33, 0x0d, 0x01, 0x77, 0x66, 0x44, 0x02,
  0x02, 0xff, 0xcc, 0x99, 0x03, 0x02, 0xff, 0xaa, 0x66, 0x0a, 0x02, 0xdd, 0x77, 0x33, 0x0c, 0x02,
  0xff, 0xaa, 0x66, 0x0d, 0x02, 0xaa, 0x55, 0x22, 0x0e, 0x02, 0x77, 0x66, 0x44, 0x03, 0x03, 0x66,
  0x33, 0x11, 0x04, 0x03, 0xdd, 0x77, 0x33, 0x05, 0x03, 0xee, 0xee, 0xbb, 0x06, 0x03, 0xff, 0xff,
  0xee, 0x07, 0x03, 0xff, 0xcc, 0x99, 0x08, 0x03, 0xff, 0xaa, 0x66, 0x09, 0x03, 0xff, 0xcc, 0x99,
  0x0a, 0x03, 0xaa, 0x55, 0x22, 0x0b, 0x03, 0xdd, 0x77, 0x33, 0x0c, 0x03, 0xee, 0xee, 0xbb, 0x0d,
  0x03, 0xff, 0xcc, 0x99, 0x0e, 0x03, 0xff, 0xcc, 0x99, 0x0f, 0x03, 0xdd, 0x77, 0x33, 0x05, 0x04,
  0x77, 0x66, 0x44, 0x06, 0x04, 0xaa, 0x55, 0x22, 0x07, 0x04, 0xdd, 0x77, 0x33, 0x08, 0x04, 0xdd,
  0x77, 0x33, 0x09, 0x04, 0xdd, 0x77, 0x33, 0x0a, 0x04, 0xff, 0xaa, 0x66, 0x0b, 0x04, 0xff, 0xaa,
  0x66, 0x0c, 0x04, 0xaa, 0x55, 0x22, 0x0d, 0x04, 0xaa, 0x55, 0x22, 0x0e, 0x04, 0xaa, 0x55, 0x22,
  0x0f, 0x04, 0xaa, 0x55, 0x22, 0x07, 0x05, 0x66, 0x33, 0x11, 0x08, 0x05, 0xaa, 0x55, 0x22, 0x09,
  0x05, 0x66, 0x33, 0x11, 0x0a, 0x05, 0xff, 0xaa, 0x66, 0x0b, 0x05, 0xdd, 0x77, 0x33, 0x0c, 0x05,
  0xff, 0xaa, 0x66, 0x0d, 0x05, 0xdd, 0x77, 0x33, 0x0e, 0x05, 0xaa, 0x55, 0x22, 0x0f, 0x05, 0xaa,
  0x55, 0x22, 0x0a, 0x06, 0xff, 0xaa, 0x66, 0x0b, 0x06, 0xff, 0xcc, 0x99, 0x0c, 0x06, 0xff, 0xcc,
  0x99, 0x0d, 0x06, 0xdd, 0x77, 0x33, 0x0e, 0x06, 0xaa, 0x55, 0x22, 0x0f, 0x06, 0x66, 0x33, 0x11,
  0x0a, 0x07, 0xff, 0xaa, 0x66, 0x0b, 0x07, 0xff, 0xcc, 0x99, 0x0c, 0x07, 0xff, 0xaa, 0x66, 0x0d,
  0x07, 0xaa, 0x55, 0x22, 0x0e, 0x07, 0xaa, 0x55, 0x22, 0x09, 0x08, 0xaa, 0x99, 0x77, 0x0a, 0x08,
  0xff, 0xcc, 0x99, 0x0b, 0x08, 0xff, 0xcc, 0x99, 0x0c, 0x08, 0xff, 0xcc, 0x99, 0x0d, 0x08, 0xcc,
  0xcc, 0x99, 0x0e, 0x08, 0x77, 0x66, 0x44, 0x0a, 0x09, 0x00, 0x00, 0x00, 0x0b, 0x09, 0x00, 0x00,
  0x00, 0x0c, 0x09, 0x00, 0x00, 0x00, 0x0d, 0x09, 0x00, 0x00, 0x00, 0x0e, 0x09, 0x77, 0x66, 0x44,
  0x09, 0x0a, 0xaa, 0x99, 0x77, 0x0a, 0x0a, 0x00, 0x00, 0x00, 0x0b, 0x0a, 0xff, 0xff, 0xee, 0x0c,
  0x0a, 0xee, 0xee, 0xbb, 0x0d, 0x0a, 0xee, 0xee, 0xbb, 0x0e, 0x0a, 0xaa, 0x99, 0x77, 0x09, 0x0b,
  0xff, 0xff, 0xee, 0x0a, 0x0b, 0x00, 0x00, 0x00, 0x0b, 0x0b, 0xff, 0xff, 0xee, 0x0c, 0x0b, 0xee,
  0xee, 0xbb, 0x0d, 0x0b, 0xff, 0xff, 0xee, 0x0e, 0x0b, 0xcc, 0xcc, 0x99, 0x08, 0x0c, 0xee, 0xee,
  0xbb, 0x09, 0x0c, 0xff, 0xff, 0xee, 0x0a, 0x0c, 0xaa, 0x99, 0x77, 0x0b, 0x0c, 0x77, 0x66, 0x44,
  0x0c, 0x0c, 0xcc, 0xcc, 0x99, 0x0d, 0x0c, 0xee, 0xee, 0xbb, 0x0e, 0x0c, 0xee, 0xee, 0xbb, 0x07,
  0x0d, 0xaa, 0x99, 0x77, 0x08, 0x0d, 0xee, 0xee, 0xbb, 0x09, 0x0d, 0xaa, 0x99, 0x77, 0x0a, 0x0d,
  0x77, 0x66, 0x44, 0x0b, 0x0d, 0x77, 0x66, 0x44, 0x0c, 0x0d, 0x44, 0x44, 0x22, 0x0d, 0x0d, 0xcc,
  0xcc, 0x99, 0x0e, 0x0d, 0xff, 0xff, 0xee, 0x0f, 0x0d, 0x77, 0x66, 0x44, 0x07, 0x0e, 0xee, 0xee,
  0xbb, 0x08, 0x0e, 0xcc, 0xcc, 0x99, 0x09, 0x0e, 0xaa, 0x99, 0x77, 0x0a, 0x0e, 0x77, 0x66, 0x44,
  0x0c, 0x0e, 0x77, 0x66, 0x44, 0x0d, 0x0e, 0xaa, 0x99, 0x77, 0x0e, 0x0e, 0xff, 0xff, 0xee, 0x0f,
  0x0e, 0x77, 0x66, 0x44, 0x07, 0x0f, 0xff, 0xff, 0xee, 0x08, 0x0f, 0xaa, 0x99, 0x77, 0x09, 0x0f,
  0x77, 0x66, 0x44, 0x0d, 0x0f, 0xcc, 0xcc, 0x99, 0x0e, 0x0f, 0xee, 0xee, 0xbb, 0x0f, 0x0f, 0x77,
  0x66, 0x44, 0x07, 0x10, 0xcc, 0xcc, 0x99, 0x08, 0x10, 0xaa, 0x99, 0x77, 0x0d, 0x10, 0x77, 0x66,
  0x44, 0x0e, 0x10, 0x77, 0x66, 0x44, 0x0f, 0x10, 0xaa, 0x99, 0x77, 0x07, 0x11, 0xcc, 0xcc, 0x99,
  0x08, 0x11, 0x77, 0x66, 0x44, 0x0e, 0x11, 0x77, 0x66, 0x44, 0x0f, 0x11, 0xcc, 0xcc, 0x99, 0x10,
  0x11, 0x77, 0x66, 0x44, 0x07, 0x12, 0xee, 0xee, 0xbb, 0x08, 0x12, 0x77, 0x66, 0x44, 0x0e, 0x12,
  0x77, 0x66, 0x44, 0x0f, 0x12, 0xee, 0xee, 0xbb, 0x10, 0x12, 0x77, 0x66, 0x44, 0x07, 0x13, 0x66,
  0x33, 0x11, 0x0e, 0x13, 0x44, 0x44, 0x22, 0x0f, 0x13, 0x66, 0x33, 0x11, 0x10, 0x13, 0x66, 0x33,
  0x11, 0x06, 0x14, 0xff, 0xcc, 0x99, 0x07, 0x14, 0xff, 0xaa, 0x66, 0x0f, 0x14, 0x66, 0x33, 0x11,
  0x10, 0x14, 0xff, 0xaa, 0x66, 0x04, 0x15, 0xaa, 0x55, 0x22, 0x05, 0x15, 0xaa, 0x55, 0x22, 0x06,
  0x15, 0x66, 0x33, 0x11, 0x07, 0x15, 0xaa, 0x55, 0x22, 0x10, 0x15, 0xff, 0xaa, 0x66, 0x11, 0x15,
  0xff, 0xaa, 0x66, 0x05, 0x16, 0xdd, 0x77, 0x33, 0x06, 0x16, 0x66, 0x33, 0x11, 0x07, 0x16, 0xdd,
  0x77, 0x33, 0x10, 0x16, 0xff, 0xaa, 0x66, 0x11, 0x16, 0xff, 0xaa, 0x66
};
static const KofSprite kStance_goro_4 PROGMEM = {
  .w = 20, .h = 23, .pixelCount = 140,
  .pixels = kStance_goro_4Pixels, .fmt = 5,
};

static const KofSprite* const kStance_goro_Frames[] PROGMEM = {
  &kStance_goro_0,
  &kStance_goro_1,
  &kStance_goro_2,
  &kStance_goro_3,
  &kStance_goro_4
};
static const KofStanceSet kStance_goro PROGMEM = {
  .frameCount = 5,
  .frames = kStance_goro_Frames,
};

// chang 帧 0: 20×23, 227 pixels
static const uint8_t kStance_chang_0Pixels[] PROGMEM = {
  0x0c, 0x00, 0xb0, 0x6b, 0x38, 0x0d, 0x00, 0x3a, 0x0c, 0x0b, 0x08, 0x01, 0xc9, 0x7d, 0x4a, 0x09,
  0x01, 0xcf, 0x82, 0x4f, 0x0c, 0x01, 0xa5, 0x61, 0x31, 0x0d, 0x01, 0x25, 0x0e, 0x09, 0x0e, 0x01,
  0x60, 0x59, 0x48, 0x0f, 0x01, 0x67, 0x3a, 0x1e, 0x06, 0x02, 0x71, 0x5d, 0x57, 0x07, 0x02, 0xe8,
  0x94, 0x61, 0x08, 0x02, 0xee, 0x99, 0x66, 0x09, 0x02, 0x77, 0x33, 0x22, 0x0a, 0x02, 0x66, 0x5e,
  0x4d, 0x0b, 0x02, 0x18, 0x08, 0x07, 0x0e, 0x02, 0x83, 0x43, 0x26, 0x0f, 0x02, 0xee, 0xbb, 0x88,
  0x10, 0x02, 0xee, 0xbb, 0x88, 0x05, 0x03, 0x1c, 0x0b, 0x09, 0x06, 0x03, 0x3f, 0x3e, 0x2e, 0x07,
  0x03, 0x1b, 0x07, 0x05, 0x08, 0x03, 0x4c, 0x3b, 0x33, 0x09, 0x03, 0x11, 0x00, 0x00, 0x0a, 0x03,
  0x1c, 0x0b, 0x09, 0x0b, 0x03, 0x16, 0x06, 0x05, 0x0c, 0x03, 0xfd, 0xfd, 0xfc, 0x0d, 0x03, 0xfe,
  0xfe, 0xfe, 0x0e, 0x03, 0x8a, 0x82, 0x7a, 0x0f, 0x03, 0xeb, 0x97, 0x64, 0x10, 0x03, 0xd2, 0x84,
  0x51, 0x11, 0x03, 0xee, 0xaa, 0x77, 0x04, 0x04, 0xda, 0xcf, 0xc9, 0x05, 0x04, 0x1c, 0x0b, 0x09,
  0x06, 0x04, 0x69, 0x5f, 0x4e, 0x07, 0x04, 0x11, 0x00, 0x00, 0x08, 0x04, 0x18, 0x05, 0x02, 0x09,
  0x04, 0x11, 0x00, 0x00, 0x0a, 0x04, 0x3f, 0x3e, 0x2e, 0x0b, 0x04, 0xda, 0xd9, 0xc9, 0x0c, 0x04,
  0xd0, 0xd0, 0xbf, 0x0d, 0x04, 0xc0, 0xc0, 0xaf, 0x0e, 0x04, 0xd5, 0xd5, 0xc4, 0x0f, 0x04, 0xee,
  0x99, 0x66, 0x10, 0x04, 0xaa, 0x66, 0x33, 0x11, 0x04, 0x77, 0x33, 0x22, 0x03, 0x05, 0xfe, 0xfe,
  0xfe, 0x04, 0x05, 0xf6, 0xf6, 0xed, 0x05, 0x05, 0x25, 0x15, 0x14, 0x06, 0x05, 0x5c, 0x53, 0x43,
  0x07, 0x05, 0x11, 0x00, 0x00, 0x08, 0x05, 0x11, 0x00, 0x00, 0x09, 0x05, 0x11, 0x00, 0x00, 0x0a,
  0x05, 0x66, 0x5e, 0x4d, 0x0b, 0x05, 0xff, 0xff, 0xff, 0x0c, 0x05, 0xc0, 0xc0, 0xaf, 0x0d, 0x05,
  0xbb, 0xbb, 0xaa, 0x0e, 0x05, 0x8a, 0x7a, 0x69, 0x0f, 0x05, 0x77, 0x33, 0x22, 0x10, 0x05, 0x64,
  0x20, 0x19, 0x02, 0x06, 0xda, 0xc3, 0xcb, 0x03, 0x06, 0xef, 0xef, 0xe0, 0x04, 0x06, 0xc0, 0xc0,
  0xaf, 0x05, 0x06, 0x8a, 0x7a, 0x69, 0x06, 0x06, 0x2d, 0x25, 0x1c, 0x07, 0x06, 0xff, 0xff, 0xff,
  0x08, 0x06, 0x87, 0x7f, 0x7f, 0x09, 0x06, 0xff, 0xff, 0xff, 0x0a, 0x06, 0xff, 0xff, 0xff, 0x0b,
  0x06, 0xff, 0xff, 0xff, 0x0c, 0x06, 0xef, 0xef, 0xe0, 0x0d, 0x06, 0x8a, 0x7a, 0x69, 0x0e, 0x06,
  0x6e, 0x5d, 0x4c, 0x02, 0x07, 0xf4, 0xf4, 0xec, 0x03, 0x07, 0xd5, 0xd5, 0xc4, 0x04, 0x07, 0xce,
  0xcd, 0xbc, 0x05, 0x07, 0x9d, 0x93, 0x82, 0x06, 0x07, 0x5e, 0x56, 0x46, 0x07, 0x07, 0x9c, 0x95,
  0x95, 0x08, 0x07, 0xff, 0xff, 0xff, 0x09, 0x07, 0x54, 0x54, 0x44, 0x0a, 0x07, 0x26, 0x1c, 0x15,
  0x0b, 0x07, 0xf6, 0xf6, 0xed, 0x0c, 0x07, 0xef, 0xef, 0xde, 0x0d, 0x07, 0xb9, 0xb8, 0xa7, 0x0e,
  0x07, 0x57, 0x46, 0x35, 0x02, 0x08, 0x5c, 0x1b, 0x1b, 0x03, 0x08, 0x86, 0x61, 0x59, 0x04, 0x08,
  0x88, 0x77, 0x66, 0x05, 0x08, 0xd0, 0xd0, 0xbf, 0x06, 0x08, 0xee, 0xbb, 0x88, 0x07, 0x08, 0xee,
  0x99, 0x66, 0x08, 0x08, 0x5e, 0x56, 0x46, 0x09, 0x08, 0x2e, 0x24, 0x1c, 0x0a, 0x08, 0xff, 0xff,
  0xff, 0x0b, 0x08, 0xee, 0xee, 0xdd, 0x0c, 0x08, 0xa6, 0x9e, 0x8d, 0x0d, 0x08, 0x8a, 0x7a, 0x69,
  0x0e, 0x08, 0x5a, 0x49, 0x38, 0x02, 0x09, 0xee, 0xa9, 0x76, 0x03, 0x09, 0x63, 0x1d, 0x19, 0x04,
  0x09, 0x11, 0x00, 0x00, 0x05, 0x09, 0xee, 0xba, 0x87, 0x06, 0x09, 0xee, 0xa9, 0x76, 0x07, 0x09,
  0xee, 0x99, 0x66, 0x08, 0x09, 0xf5, 0xf4, 0xf4, 0x09, 0x09, 0x87, 0x7f, 0x7f, 0x0a, 0x09, 0xff,
  0xff, 0xff, 0x0b, 0x09, 0xee, 0xee, 0xdd, 0x0c, 0x09, 0xc0, 0xc0, 0xaf, 0x0d, 0x09, 0xbb, 0xbb,
  0xaa, 0x0e, 0x09, 0x73, 0x62, 0x51, 0x02, 0x0a, 0xee, 0xa9, 0x76, 0x03, 0x0a, 0xee, 0xab, 0x78,
  0x04, 0x0a, 0x28, 0x1f, 0x17, 0x05, 0x0a, 0xc9, 0x7d, 0x4a, 0x06, 0x0a, 0x93, 0x4f, 0x2b, 0x07,
  0x0a, 0x67, 0x23, 0x1a, 0x08, 0x0a, 0x92, 0x8a, 0x8a, 0x09, 0x0a, 0x1c, 0x0c, 0x0c, 0x0a, 0x0a,
  0xbe, 0xb5, 0xac, 0x0b, 0x0a, 0xee, 0xee, 0xdd, 0x0c, 0x0a, 0xbb, 0xbb, 0xaa, 0x0d, 0x0a, 0x68,
  0x61, 0x50, 0x0e, 0x0a, 0x60, 0x59, 0x48, 0x02, 0x0b, 0xaa, 0x66, 0x33, 0x03, 0x0b, 0x77, 0x33,
  0x22, 0x04, 0x0b, 0x11, 0x00, 0x00, 0x05, 0x0b, 0x11, 0x00, 0x00, 0x06, 0x0b, 0x13, 0x03, 0x02,
  0x07, 0x0b, 0xee, 0xee, 0xdd, 0x08, 0x0b, 0xee, 0xee, 0xdd, 0x09, 0x0b, 0xee, 0xee, 0xdd, 0x0a,
  0x0b, 0x61, 0x57, 0x48, 0x0b, 0x0b, 0x9f, 0x96, 0x85, 0x0c, 0x0b, 0x6e, 0x65, 0x54, 0x0d, 0x0b,
  0x63, 0x5b, 0x4a, 0x0e, 0x0b, 0x11, 0x08, 0x22, 0x05, 0x0c, 0xda, 0xda, 0xcf, 0x06, 0x0c, 0x4d,
  0x3d, 0x36, 0x07, 0x0c, 0x88, 0x77, 0x66, 0x08, 0x0c, 0x9f, 0x96, 0x85, 0x09, 0x0c, 0x9f, 0x96,
  0x85, 0x0a, 0x0c, 0x88, 0x77, 0x66, 0x0b, 0x0c, 0x47, 0x36, 0x2f, 0x0c, 0x0c, 0xbe, 0xb5, 0xae,
  0x0d, 0x0c, 0xef, 0xef, 0xde, 0x0e, 0x0c, 0x59, 0x49, 0x38, 0x04, 0x0d, 0xef, 0xe4, 0xde, 0x05,
  0x0d, 0xf5, 0xf5, 0xf9, 0x06, 0x0d, 0xee, 0xee, 0xdd, 0x07, 0x0d, 0xce, 0xc7, 0xc0, 0x08, 0x0d,
  0x22, 0x33, 0x77, 0x09, 0x0d, 0x19, 0x09, 0x08, 0x0a, 0x0d, 0xdc, 0xdc, 0xd3, 0x0b, 0x0d, 0xd5,
  0xd5, 0xc5, 0x0c, 0x0d, 0xff, 0xff, 0xff, 0x0d, 0x0d, 0xb3, 0xab, 0x9f, 0x0e, 0x0d, 0xbb, 0xbb,
  0xaa, 0x04, 0x0e, 0xff, 0xff, 0xff, 0x05, 0x0e, 0x9c, 0x9c, 0xb2, 0x06, 0x0e, 0xe0, 0xe0, 0xd3,
  0x07, 0x0e, 0xc0, 0xc0, 0xaf, 0x08, 0x0e, 0x88, 0x81, 0x84, 0x09, 0x0e, 0xc9, 0xc1, 0xb9, 0x0a,
  0x0e, 0xf6, 0xf6, 0xed, 0x0b, 0x0e, 0x91, 0x82, 0x71, 0x0c, 0x0e, 0x19, 0x20, 0x5b, 0x0d, 0x0e,
  0xee, 0xee, 0xdd, 0x0e, 0x0e, 0xbb, 0xbb, 0xaa, 0x03, 0x0f, 0xee, 0xee, 0xdd, 0x04, 0x0f, 0xff,
  0xff, 0xff, 0x05, 0x0f, 0xd5, 0xd5, 0xc4, 0x06, 0x0f, 0xbb, 0xbb, 0xaa, 0x07, 0x0f, 0x17, 0x16,
  0x46, 0x08, 0x0f, 0x6c, 0x6b, 0x7d, 0x09, 0x0f, 0x86, 0x8f, 0xb3, 0x0a, 0x0f, 0x11, 0x11, 0x44,
  0x0b, 0x0f, 0xec, 0xec, 0xdb, 0x0c, 0x0f, 0xff, 0xff, 0xff, 0x0d, 0x0f, 0xef, 0xef, 0xe0, 0x0e,
  0x0f, 0xbb, 0xbb, 0xaa, 0x03, 0x10, 0xd2, 0xd2, 0xc1, 0x04, 0x10, 0xec, 0xec, 0xdb, 0x05, 0x10,
  0xbd, 0xbd, 0xac, 0x06, 0x10, 0x9f, 0x96, 0x85, 0x07, 0x10, 0x5a, 0x49, 0x38, 0x0b, 0x10, 0xbb,
  0xbb, 0xaa, 0x0c, 0x10, 0xf5, 0xf5, 0xeb, 0x0d, 0x10, 0xee, 0xee, 0xdd, 0x0e, 0x10, 0x86, 0x7d,
  0x6c, 0x03, 0x11, 0x93, 0x6c, 0x74, 0x04, 0x11, 0x6c, 0x5b, 0x4a, 0x05, 0x11, 0xb9, 0xb8, 0xa7,
  0x06, 0x11, 0x73, 0x63, 0x52, 0x0b, 0x11, 0x64, 0x3e, 0x45, 0x0c, 0x11, 0x88, 0x77, 0x66, 0x0d,
  0x11, 0x8d, 0x7d, 0x6c, 0x0e, 0x11, 0x88, 0x77, 0x66, 0x04, 0x12, 0xbd, 0xbd, 0xac, 0x05, 0x12,
  0x84, 0x60, 0x58, 0x06, 0x12, 0x8c, 0x85, 0x74, 0x07, 0x12, 0x57, 0x46, 0x35, 0x0c, 0x12, 0x72,
  0x56, 0x52, 0x0d, 0x12, 0xd9, 0xd9, 0xc8, 0x0e, 0x12, 0x8a, 0x7a, 0x69, 0x04, 0x13, 0x79, 0x72,
  0x68, 0x05, 0x13, 0x30, 0x08, 0x08, 0x06, 0x13, 0x2d, 0x22, 0x1a, 0x07, 0x13, 0x11, 0x00, 0x00,
  0x0d, 0x13, 0xee, 0xee, 0xdd, 0x0e, 0x13, 0x2d, 0x22, 0x1a, 0x0f, 0x13, 0x11, 0x00, 0x00, 0x05,
  0x14, 0x11, 0x00, 0x00, 0x06, 0x14, 0x6c, 0x62, 0x51, 0x07, 0x14, 0x35, 0x0c, 0x0b, 0x0d, 0x14,
  0x26, 0x1c, 0x15, 0x0e, 0x14, 0x44, 0x44, 0x33, 0x05, 0x15, 0xee, 0xbb, 0x88, 0x06, 0x15, 0xcc,
  0x80, 0x4d, 0x07, 0x15, 0xc6, 0x7b, 0x48, 0x0d, 0x15, 0x98, 0x43, 0x3d, 0x0e, 0x15, 0xee, 0xbb,
  0x88, 0x0f, 0x15, 0xb0, 0x6b, 0x38, 0x04, 0x16, 0xaa, 0x6d, 0x4d, 0x05, 0x16, 0xcc, 0x83, 0x50,
  0x06, 0x16, 0x64, 0x20, 0x19, 0x0e, 0x16, 0xb0, 0x6c, 0x39, 0x0f, 0x16, 0xad, 0x68, 0x35
};
static const KofSprite kStance_chang_0 PROGMEM = {
  .w = 20, .h = 23, .pixelCount = 227,
  .pixels = kStance_chang_0Pixels, .fmt = 5,
};

// chang 帧 1: 20×23, 225 pixels
static const uint8_t kStance_chang_1Pixels[] PROGMEM = {
  0x0b, 0x00, 0xef, 0xaa, 0x93, 0x0c, 0x00, 0xe8, 0x94, 0x61, 0x0d, 0x00, 0x47, 0x1a, 0x12, 0x0b,
  0x01, 0x80, 0x33, 0x2a, 0x0c, 0x01, 0xee, 0x99, 0x66, 0x0d, 0x01, 0x8e, 0x4a, 0x2a, 0x0e, 0x01,
  0x69, 0x60, 0x4f, 0x0f, 0x01, 0x64, 0x37, 0x1c, 0x07, 0x02, 0xcf, 0x7b, 0x55, 0x08, 0x02, 0xee,
  0x9b, 0x68, 0x09, 0x02, 0xad, 0x68, 0x35, 0x0a, 0x02, 0x53, 0x43, 0x39, 0x0c, 0x02, 0x75, 0x31,
  0x21, 0x0d, 0x02, 0x11, 0x00, 0x00, 0x0e, 0x02, 0xe1, 0x90, 0x5f, 0x0f, 0x02, 0xee, 0xbb, 0x88,
  0x10, 0x02, 0xcc, 0x80, 0x4d, 0x05, 0x03, 0x47, 0x36, 0x2f, 0x06, 0x03, 0x13, 0x03, 0x02, 0x07,
  0x03, 0xee, 0xab, 0x78, 0x08, 0x03, 0x76, 0x46, 0x2f, 0x09, 0x03, 0x83, 0x43, 0x26, 0x0a, 0x03,
  0x1c, 0x0b, 0x09, 0x0b, 0x03, 0x16, 0x06, 0x05, 0x0c, 0x03, 0xfd, 0xfd, 0xfc, 0x0d, 0x03, 0xf6,
  0xf6, 0xed, 0x0e, 0x03, 0x4f, 0x0f, 0x0f, 0x0f, 0x03, 0xeb, 0x97, 0x64, 0x10, 0x03, 0xad, 0x68,
  0x35, 0x11, 0x03, 0xc9, 0x7d, 0x4a, 0x05, 0x04, 0x9a, 0x9a, 0x8a, 0x06, 0x04, 0x61, 0x59, 0x48,
  0x07, 0x04, 0x6c, 0x4d, 0x38, 0x08, 0x04, 0xad, 0x62, 0x41, 0x09, 0x04, 0x11, 0x00, 0x00, 0x0a,
  0x04, 0x2a, 0x22, 0x19, 0x0b, 0x04, 0x70, 0x68, 0x5f, 0x0c, 0x04, 0xee, 0xee, 0xdd, 0x0d, 0x04,
  0xf0, 0xf0, 0xe6, 0x0e, 0x04, 0xee, 0xee, 0xdd, 0x0f, 0x04, 0xc9, 0x7d, 0x4a, 0x10, 0x04, 0x91,
  0x4d, 0x2b, 0x11, 0x04, 0x77, 0x33, 0x22, 0x03, 0x05, 0xf7, 0xf7, 0xef, 0x04, 0x05, 0xff, 0xff,
  0xff, 0x05, 0x05, 0x3f, 0x3e, 0x2e, 0x06, 0x05, 0x5c, 0x53, 0x43, 0x07, 0x05, 0x11, 0x00, 0x00,
  0x08, 0x05, 0x11, 0x00, 0x00, 0x09, 0x05, 0x11, 0x00, 0x00, 0x0a, 0x05, 0x16, 0x06, 0x05, 0x0b,
  0x05, 0xf8, 0xf8, 0xf1, 0x0c, 0x05, 0xb6, 0xb5, 0xa4, 0x0d, 0x05, 0x8d, 0x7d, 0x6c, 0x0e, 0x05,
  0x88, 0x77, 0x66, 0x0f, 0x05, 0x64, 0x20, 0x19, 0x10, 0x05, 0x30, 0x08, 0x08, 0x02, 0x06, 0xe9,
  0xe9, 0xd8, 0x03, 0x06, 0xf7, 0xf7, 0xee, 0x04, 0x06, 0xc0, 0xc0, 0xaf, 0x05, 0x06, 0x53, 0x43,
  0x3a, 0x06, 0x06, 0x2c, 0x25, 0x1b, 0x07, 0x06, 0xff, 0xff, 0xff, 0x08, 0x06, 0x11, 0x00, 0x00,
  0x09, 0x06, 0x87, 0x7f, 0x7f, 0x0a, 0x06, 0xf5, 0xf4, 0xf4, 0x0b, 0x06, 0xff, 0xff, 0xff, 0x0c,
  0x06, 0xbb, 0xbb, 0xaa, 0x0d, 0x06, 0xa1, 0x99, 0x88, 0x0e, 0x06, 0x6c, 0x5b, 0x4a, 0x02, 0x07,
  0xee, 0xee, 0xdd, 0x03, 0x07, 0xee, 0xee, 0xdd, 0x04, 0x07, 0xd6, 0xd6, 0xc5, 0x05, 0x07, 0x5b,
  0x4c, 0x42, 0x06, 0x07, 0xff, 0xff, 0xff, 0x07, 0x07, 0xff, 0xff, 0xff, 0x08, 0x07, 0x22, 0x33,
  0x77, 0x09, 0x07, 0xff, 0xff, 0xff, 0x0a, 0x07, 0x88, 0x77, 0x68, 0x0b, 0x07, 0xff, 0xff, 0xff,
  0x0c, 0x07, 0xee, 0xee, 0xdd, 0x0d, 0x07, 0x8d, 0x7d, 0x6c, 0x02, 0x08, 0xff, 0xff, 0xff, 0x03,
  0x08, 0xec, 0xec, 0xdb, 0x04, 0x08, 0x88, 0x77, 0x66, 0x05, 0x08, 0xfd, 0xfd, 0xfc, 0x06, 0x08,
  0xe6, 0xbc, 0xa1, 0x07, 0x08, 0x9e, 0x6f, 0x4c, 0x08, 0x08, 0xf6, 0xf6, 0xee, 0x09, 0x08, 0x16,
  0x06, 0x05, 0x0a, 0x08, 0xd2, 0xd2, 0xc1, 0x0b, 0x08, 0xd2, 0xd2, 0xc1, 0x0c, 0x08, 0xbb, 0xbb,
  0xaa, 0x0d, 0x08, 0x8a, 0x7a, 0x69, 0x0e, 0x08, 0x5a, 0x49, 0x38, 0x02, 0x09, 0xee, 0xbb, 0x88,
  0x03, 0x09, 0x63, 0x1d, 0x19, 0x04, 0x09, 0x2a, 0x22, 0x19, 0x05, 0x09, 0xee, 0xbb, 0x88, 0x06,
  0x09, 0xeb, 0xa6, 0x73, 0x07, 0x09, 0xc9, 0x7d, 0x4a, 0x08, 0x09, 0x26, 0x1c, 0x15, 0x09, 0x09,
  0x13, 0x03, 0x02, 0x0a, 0x09, 0xff, 0xff, 0xff, 0x0b, 0x09, 0xee, 0xee, 0xdd, 0x0c, 0x09, 0xbb,
  0xbb, 0xaa, 0x0d, 0x09, 0x8d, 0x7d, 0x6c, 0x02, 0x0a, 0xee, 0xa9, 0x76, 0x03, 0x0a, 0xee, 0xab,
  0x78, 0x04, 0x0a, 0x11, 0x00, 0x00, 0x05, 0x0a, 0xaa, 0x66, 0x33, 0x06, 0x0a, 0xad, 0x62, 0x40,
  0x07, 0x0a, 0x77, 0x33, 0x22, 0x08, 0x0a, 0x3f, 0x3e, 0x2e, 0x09, 0x0a, 0x53, 0x43, 0x39, 0x0a,
  0x0a, 0x99, 0x99, 0x90, 0x0b, 0x0a, 0xee, 0xee, 0xdd, 0x0c, 0x0a, 0x9f, 0x96, 0x85, 0x0d, 0x0a,
  0x47, 0x36, 0x2f, 0x0e, 0x0a, 0x85, 0x75, 0x64, 0x02, 0x0b, 0xad, 0x68, 0x35, 0x03, 0x0b, 0x8e,
  0x4a, 0x2a, 0x04, 0x0b, 0x14, 0x01, 0x01, 0x05, 0x0b, 0x11, 0x00, 0x00, 0x06, 0x0b, 0x89, 0x81,
  0x78, 0x07, 0x0b, 0xee, 0xee, 0xdd, 0x08, 0x0b, 0xee, 0xee, 0xdd, 0x09, 0x0b, 0xee, 0xee, 0xdd,
  0x0a, 0x0b, 0x47, 0x36, 0x2f, 0x0b, 0x0b, 0xb7, 0xad, 0x9c, 0x0c, 0x0b, 0x73, 0x72, 0x62, 0x0d,
  0x0b, 0x28, 0x1f, 0x17, 0x0e, 0x0b, 0x3b, 0x2a, 0x20, 0x05, 0x0c, 0xa5, 0x92, 0x8e, 0x06, 0x0c,
  0x82, 0x71, 0x61, 0x07, 0x0c, 0xbb, 0xbb, 0xaa, 0x08, 0x0c, 0xbb, 0xbb, 0xaa, 0x09, 0x0c, 0xbb,
  0xbb, 0xaa, 0x0a, 0x0c, 0xbb, 0xbb, 0xaa, 0x0b, 0x0c, 0x8a, 0x7a, 0x69, 0x0c, 0x0c, 0x70, 0x68,
  0x5e, 0x0d, 0x0c, 0xbb, 0xb2, 0xa1, 0x0e, 0x0c, 0x71, 0x60, 0x4f, 0x05, 0x0d, 0xf6, 0xf6, 0xed,
  0x06, 0x0d, 0xef, 0xef, 0xdf, 0x07, 0x0d, 0xf3, 0xf3, 0xe9, 0x08, 0x0d, 0x11, 0x09, 0x25, 0x09,
  0x0d, 0x11, 0x08, 0x22, 0x0a, 0x0d, 0xc3, 0xbc, 0xb5, 0x0b, 0x0d, 0xf1, 0xf1, 0xe8, 0x0c, 0x0d,
  0xff, 0xff, 0xff, 0x0d, 0x0d, 0x67, 0x65, 0x78, 0x0e, 0x0d, 0x8d, 0x7d, 0x6c, 0x04, 0x0e, 0xff,
  0xff, 0xff, 0x05, 0x0e, 0x9c, 0x9c, 0xb2, 0x06, 0x0e, 0x5f, 0x60, 0x79, 0x07, 0x0e, 0xd0, 0xd0,
  0xbf, 0x08, 0x0e, 0xb8, 0xb0, 0xa9, 0x09, 0x0e, 0xc9, 0xc1, 0xb9, 0x0a, 0x0e, 0xf6, 0xf6, 0xed,
  0x0b, 0x0e, 0xbb, 0xb2, 0xa1, 0x0c, 0x0e, 0xf5, 0xf5, 0xf7, 0x0d, 0x0e, 0xee, 0xee, 0xdd, 0x0e,
  0x0e, 0xbb, 0xbb, 0xaa, 0x03, 0x0f, 0xef, 0xe4, 0xde, 0x04, 0x0f, 0xff, 0xff, 0xff, 0x05, 0x0f,
  0xee, 0xee, 0xdd, 0x06, 0x0f, 0xbd, 0xbd, 0xac, 0x07, 0x0f, 0xe4, 0xe4, 0xd6, 0x08, 0x0f, 0xc5,
  0xc3, 0xb4, 0x09, 0x0f, 0xef, 0xef, 0xdf, 0x0a, 0x0f, 0x76, 0x76, 0x8a, 0x0b, 0x0f, 0xee, 0xee,
  0xdd, 0x0c, 0x0f, 0xff, 0xff, 0xff, 0x0d, 0x0f, 0xee, 0xee, 0xdd, 0x0e, 0x0f, 0xbb, 0xbb, 0xaa,
  0x03, 0x10, 0xf6, 0xf6, 0xed, 0x04, 0x10, 0xee, 0xee, 0xdd, 0x05, 0x10, 0xd7, 0xd7, 0xc6, 0x06,
  0x10, 0xa4, 0x9c, 0x8b, 0x07, 0x10, 0x57, 0x46, 0x35, 0x0b, 0x10, 0xee, 0xee, 0xdd, 0x0c, 0x10,
  0xff, 0xff, 0xff, 0x0d, 0x10, 0xee, 0xee, 0xdd, 0x0e, 0x10, 0x8a, 0x7a, 0x69, 0x03, 0x11, 0xd0,
  0xce, 0xbd, 0x04, 0x11, 0x88, 0x77, 0x66, 0x05, 0x11, 0x9b, 0x91, 0x80, 0x06, 0x11, 0x57, 0x46,
  0x35, 0x08, 0x11, 0x12, 0x05, 0x0b, 0x09, 0x11, 0x26, 0x00, 0x17, 0x0b, 0x11, 0xb4, 0xab, 0x9a,
  0x0c, 0x11, 0xb6, 0xb5, 0xa4, 0x0d, 0x11, 0x88, 0x77, 0x66, 0x0e, 0x11, 0x88, 0x77, 0x66, 0x04,
  0x12, 0x88, 0x77, 0x66, 0x05, 0x12, 0x6c, 0x5b, 0x4a, 0x06, 0x12, 0x6c, 0x5b, 0x4a, 0x0c, 0x12,
  0xb4, 0xb3, 0xa2, 0x0d, 0x12, 0xbb, 0xbb, 0xaa, 0x0e, 0x12, 0x88, 0x77, 0x66, 0x04, 0x13, 0xe4,
  0xe3, 0xd3, 0x05, 0x13, 0x57, 0x15, 0x15, 0x06, 0x13, 0x67, 0x23, 0x1a, 0x07, 0x13, 0x11, 0x00,
  0x00, 0x0c, 0x13, 0xb6, 0xaa, 0xa6, 0x0d, 0x13, 0xee, 0xee, 0xdd, 0x0e, 0x13, 0x43, 0x18, 0x10,
  0x05, 0x14, 0x11, 0x00, 0x00, 0x06, 0x14, 0x82, 0x72, 0x61, 0x07, 0x14, 0x6d, 0x28, 0x1d, 0x0d,
  0x14, 0x11, 0x00, 0x00, 0x0e, 0x14, 0x4c, 0x2b, 0x22, 0x05, 0x15, 0xee, 0xbb, 0x88, 0x06, 0x15,
  0xee, 0xaa, 0x77, 0x07, 0x15, 0xee, 0x99, 0x66, 0x0d, 0x15, 0xe8, 0x94, 0x61, 0x0e, 0x15, 0xee,
  0xbb, 0x88, 0x0f, 0x15, 0x7c, 0x38, 0x23, 0x04, 0x16, 0xcc, 0x83, 0x50, 0x05, 0x16, 0xcc, 0x81,
  0x4e, 0x06, 0x16, 0x79, 0x35, 0x23, 0x0d, 0x16, 0xb2, 0x5d, 0x45, 0x0e, 0x16, 0xeb, 0xb6, 0x83,
  0x0f, 0x16, 0xc9, 0x7d, 0x4a
};
static const KofSprite kStance_chang_1 PROGMEM = {
  .w = 20, .h = 23, .pixelCount = 225,
  .pixels = kStance_chang_1Pixels, .fmt = 5,
};

// chang 帧 2: 20×23, 227 pixels
static const uint8_t kStance_chang_2Pixels[] PROGMEM = {
  0x0c, 0x00, 0xb0, 0x6e, 0x3b, 0x0d, 0x00, 0x9b, 0x55, 0x30, 0x0c, 0x01, 0x66, 0x22, 0x19, 0x0d,
  0x01, 0x20, 0x09, 0x06, 0x0e, 0x01, 0x63, 0x5b, 0x4a, 0x0f, 0x01, 0x89, 0x53, 0x37, 0x08, 0x02,
  0xee, 0xbb, 0x88, 0x09, 0x02, 0xad, 0x68, 0x35, 0x0a, 0x02, 0x11, 0x00, 0x00, 0x0e, 0x02, 0x11,
  0x00, 0x00, 0x0f, 0x02, 0xee, 0x99, 0x66, 0x10, 0x02, 0xee, 0xb9, 0x86, 0x11, 0x02, 0xcf, 0x83,
  0x50, 0x07, 0x03, 0x1c, 0x00, 0x0c, 0x08, 0x03, 0xee, 0xa9, 0x76, 0x09, 0x03, 0x7c, 0x38, 0x23,
  0x0a, 0x03, 0x11, 0x00, 0x00, 0x0b, 0x03, 0x11, 0x00, 0x00, 0x0c, 0x03, 0xf6, 0xf6, 0xee, 0x0d,
  0x03, 0xc1, 0xc1, 0xb2, 0x0e, 0x03, 0x70, 0x68, 0x5f, 0x0f, 0x03, 0xaa, 0x66, 0x33, 0x10, 0x03,
  0xee, 0xa7, 0x74, 0x11, 0x03, 0xeb, 0xa5, 0x72, 0x05, 0x04, 0x57, 0x4d, 0x46, 0x06, 0x04, 0x19,
  0x08, 0x07, 0x07, 0x04, 0x11, 0x00, 0x00, 0x08, 0x04, 0xb0, 0x64, 0x42, 0x09, 0x04, 0x1a, 0x05,
  0x03, 0x0a, 0x04, 0x11, 0x00, 0x00, 0x0b, 0x04, 0x7f, 0x76, 0x6e, 0x0c, 0x04, 0xf9, 0xf9, 0xf7,
  0x0d, 0x04, 0xd5, 0xd5, 0xc5, 0x0e, 0x04, 0xee, 0xee, 0xdd, 0x0f, 0x04, 0xee, 0xa9, 0x76, 0x10,
  0x04, 0xaa, 0x66, 0x33, 0x11, 0x04, 0x77, 0x33, 0x22, 0x03, 0x05, 0xd7, 0xcc, 0xc7, 0x04, 0x05,
  0xff, 0xff, 0xff, 0x05, 0x05, 0xee, 0xee, 0xdd, 0x06, 0x05, 0x53, 0x43, 0x39, 0x07, 0x05, 0x11,
  0x00, 0x00, 0x08, 0x05, 0x11, 0x00, 0x00, 0x09, 0x05, 0x11, 0x00, 0x00, 0x0a, 0x05, 0x11, 0x00,
  0x00, 0x0b, 0x05, 0xea, 0xe8, 0xe8, 0x0c, 0x05, 0xbb, 0xbb, 0xaa, 0x0d, 0x05, 0x8d, 0x7d, 0x6c,
  0x0e, 0x05, 0xb6, 0xb5, 0xa4, 0x0f, 0x05, 0x65, 0x23, 0x1c, 0x10, 0x05, 0x77, 0x33, 0x22, 0x03,
  0x06, 0xfd, 0xfd, 0xfc, 0x04, 0x06, 0xfe, 0xfe, 0xfd, 0x05, 0x06, 0xbb, 0xbb, 0xaa, 0x06, 0x06,
  0x5c, 0x53, 0x43, 0x07, 0x06, 0xff, 0xff, 0xff, 0x08, 0x06, 0x11, 0x00, 0x00, 0x09, 0x06, 0x87,
  0x7f, 0x7f, 0x0a, 0x06, 0xff, 0xff, 0xff, 0x0b, 0x06, 0xff, 0xff, 0xff, 0x0c, 0x06, 0xef, 0xef,
  0xe0, 0x0d, 0x06, 0xd4, 0xd4, 0xc3, 0x0e, 0x06, 0x83, 0x72, 0x61, 0x0f, 0x06, 0x57, 0x46, 0x35,
  0x02, 0x07, 0xda, 0xc3, 0xcb, 0x03, 0x07, 0xfe, 0xfe, 0xfd, 0x04, 0x07, 0xc0, 0xc0, 0xaf, 0x05,
  0x07, 0x8a, 0x7a, 0x69, 0x06, 0x07, 0xff, 0xff, 0xff, 0x07, 0x07, 0xee, 0xee, 0xed, 0x08, 0x07,
  0x91, 0x9a, 0xbc, 0x09, 0x07, 0x7e, 0x87, 0xaf, 0x0a, 0x07, 0x2b, 0x22, 0x1a, 0x0b, 0x07, 0x4a,
  0x49, 0x39, 0x0c, 0x07, 0xff, 0xff, 0xff, 0x0d, 0x07, 0xc0, 0xc0, 0xaf, 0x0e, 0x07, 0x88, 0x77,
  0x66, 0x02, 0x08, 0xec, 0xec, 0xdb, 0x03, 0x08, 0xf0, 0xed, 0xe6, 0x04, 0x08, 0xc4, 0xbd, 0xac,
  0x05, 0x08, 0x6e, 0x5d, 0x4c, 0x06, 0x08, 0xe7, 0xa6, 0x75, 0x07, 0x08, 0xc9, 0x7f, 0x4c, 0x08,
  0x08, 0x79, 0x35, 0x23, 0x09, 0x08, 0xba, 0xb2, 0xad, 0x0a, 0x08, 0xff, 0xff, 0xff, 0x0b, 0x08,
  0xbb, 0xbb, 0xaa, 0x0c, 0x08, 0xbb, 0xbb, 0xaa, 0x0d, 0x08, 0x8a, 0x7a, 0x69, 0x0e, 0x08, 0x88,
  0x77, 0x66, 0x02, 0x09, 0x5c, 0x1a, 0x1a, 0x03, 0x09, 0xaf, 0x75, 0x57, 0x04, 0x09, 0xa2, 0x99,
  0x88, 0x05, 0x09, 0x2d, 0x25, 0x1c, 0x06, 0x09, 0xcc, 0x81, 0x4e, 0x07, 0x09, 0xcf, 0x83, 0x50,
  0x08, 0x09, 0x8e, 0x4a, 0x2a, 0x09, 0x09, 0xf5, 0xf4, 0xf4, 0x0a, 0x09, 0x13, 0x03, 0x02, 0x0b,
  0x09, 0xef, 0xef, 0xe0, 0x0c, 0x09, 0xbd, 0xbd, 0xac, 0x0d, 0x09, 0xbb, 0xbb, 0xaa, 0x0e, 0x09,
  0x88, 0x77, 0x66, 0x02, 0x0a, 0xe8, 0x94, 0x61, 0x03, 0x0a, 0xcc, 0x81, 0x4e, 0x04, 0x0a, 0xee,
  0xa9, 0x76, 0x05, 0x0a, 0x11, 0x00, 0x00, 0x06, 0x0a, 0xaa, 0x66, 0x33, 0x07, 0x0a, 0x79, 0x35,
  0x23, 0x08, 0x0a, 0x45, 0x32, 0x2b, 0x09, 0x0a, 0x2c, 0x25, 0x1b, 0x0a, 0x0a, 0xbe, 0xb5, 0xac,
  0x0b, 0x0a, 0xee, 0xee, 0xdd, 0x0c, 0x0a, 0xa4, 0x9b, 0x8a, 0x0d, 0x0a, 0x47, 0x36, 0x2f, 0x0e,
  0x0a, 0x66, 0x5e, 0x4d, 0x0f, 0x0a, 0x13, 0x03, 0x02, 0x02, 0x0b, 0xee, 0x99, 0x66, 0x03, 0x0b,
  0xaa, 0x66, 0x33, 0x04, 0x0b, 0x64, 0x20, 0x19, 0x05, 0x0b, 0x11, 0x00, 0x00, 0x06, 0x0b, 0xb4,
  0xb3, 0xa3, 0x07, 0x0b, 0x13, 0x03, 0x02, 0x08, 0x0b, 0xee, 0xee, 0xdd, 0x09, 0x0b, 0xf6, 0xf6,
  0xed, 0x0a, 0x0b, 0x92, 0x92, 0x81, 0x0b, 0x0b, 0xee, 0xee, 0xdd, 0x0c, 0x0b, 0x7a, 0x7a, 0x69,
  0x0d, 0x0b, 0x28, 0x1f, 0x17, 0x0e, 0x0b, 0x88, 0x77, 0x66, 0x06, 0x0c, 0x82, 0x71, 0x61, 0x07,
  0x0c, 0xbb, 0xbb, 0xaa, 0x08, 0x0c, 0xbb, 0xbb, 0xaa, 0x09, 0x0c, 0xbb, 0xbb, 0xaa, 0x0a, 0x0c,
  0xbb, 0xbb, 0xaa, 0x0b, 0x0c, 0xbb, 0xbb, 0xaa, 0x0c, 0x0c, 0x88, 0x77, 0x66, 0x0d, 0x0c, 0x32,
  0x21, 0x19, 0x0e, 0x0c, 0x11, 0x11, 0x44, 0x05, 0x0d, 0x11, 0x11, 0x44, 0x06, 0x0d, 0xef, 0xef,
  0xe0, 0x07, 0x0d, 0xcd, 0xc6, 0xbe, 0x08, 0x0d, 0x2d, 0x1c, 0x15, 0x09, 0x0d, 0x48, 0x41, 0x56,
  0x0a, 0x0d, 0x47, 0x36, 0x2f, 0x0b, 0x0d, 0xcb, 0xca, 0xba, 0x0c, 0x0d, 0xfe, 0xfe, 0xfe, 0x0d,
  0x0d, 0xff, 0xff, 0xff, 0x0e, 0x0d, 0xb6, 0xb6, 0xa8, 0x0f, 0x0d, 0x11, 0x11, 0x44, 0x04, 0x0e,
  0xef, 0xe4, 0xde, 0x05, 0x0e, 0x24, 0x2c, 0x64, 0x06, 0x0e, 0xbd, 0xb4, 0xa5, 0x07, 0x0e, 0xd9,
  0xd9, 0xc8, 0x08, 0x0e, 0x2d, 0x3c, 0x78, 0x09, 0x0e, 0x92, 0x8a, 0x8a, 0x0a, 0x0e, 0x22, 0x33,
  0x77, 0x0b, 0x0e, 0xd5, 0xd5, 0xc5, 0x0c, 0x0e, 0x87, 0x90, 0xb5, 0x0d, 0x0e, 0x19, 0x20, 0x5b,
  0x0e, 0x0e, 0xee, 0xee, 0xdd, 0x0f, 0x0e, 0x17, 0x16, 0x42, 0x04, 0x0f, 0xff, 0xff, 0xff, 0x05,
  0x0f, 0xef, 0xef, 0xde, 0x06, 0x0f, 0xee, 0xee, 0xdd, 0x07, 0x0f, 0x11, 0x11, 0x44, 0x08, 0x0f,
  0x12, 0x12, 0x46, 0x09, 0x0f, 0xd2, 0xd2, 0xc1, 0x0a, 0x0f, 0x11, 0x11, 0x44, 0x0b, 0x0f, 0x65,
  0x65, 0x77, 0x0c, 0x0f, 0xff, 0xff, 0xff, 0x0d, 0x0f, 0xff, 0xff, 0xff, 0x0e, 0x0f, 0xee, 0xee,
  0xdd, 0x03, 0x10, 0xe9, 0xe9, 0xd8, 0x04, 0x10, 0xee, 0xee, 0xdd, 0x05, 0x10, 0xd7, 0xd7, 0xc6,
  0x06, 0x10, 0x9f, 0x96, 0x85, 0x07, 0x10, 0x6f, 0x5e, 0x4d, 0x08, 0x10, 0x11, 0x11, 0x44, 0x0a,
  0x10, 0x11, 0x11, 0x44, 0x0b, 0x10, 0xbb, 0xbb, 0xaa, 0x0c, 0x10, 0xfd, 0xfd, 0xfc, 0x0d, 0x10,
  0xff, 0xff, 0xff, 0x0e, 0x10, 0xc0, 0xc0, 0xaf, 0x03, 0x11, 0x8e, 0x71, 0x6d, 0x04, 0x11, 0x86,
  0x75, 0x64, 0x05, 0x11, 0x8c, 0x85, 0x74, 0x06, 0x11, 0x55, 0x44, 0x33, 0x08, 0x11, 0x1a, 0x23,
  0x60, 0x0a, 0x11, 0x1a, 0x23, 0x60, 0x0b, 0x11, 0x64, 0x3e, 0x45, 0x0c, 0x11, 0x9f, 0x96, 0x85,
  0x0d, 0x11, 0xb6, 0xb5, 0xa4, 0x0e, 0x11, 0x88, 0x77, 0x66, 0x04, 0x12, 0xbd, 0xbd, 0xac, 0x05,
  0x12, 0x73, 0x62, 0x51, 0x06, 0x12, 0x8c, 0x85, 0x74, 0x07, 0x12, 0x88, 0x77, 0x66, 0x0c, 0x12,
  0x86, 0x75, 0x64, 0x0d, 0x12, 0xe3, 0xe1, 0xd0, 0x0e, 0x12, 0x88, 0x77, 0x66, 0x0f, 0x12, 0x35,
  0x22, 0x1a, 0x04, 0x13, 0xed, 0xe1, 0xdc, 0x05, 0x13, 0xd7, 0xd7, 0xc6, 0x06, 0x13, 0x44, 0x1a,
  0x11, 0x07, 0x13, 0x13, 0x03, 0x02, 0x0d, 0x13, 0xe1, 0xe1, 0xd0, 0x0e, 0x13, 0xb0, 0xac, 0x9c,
  0x0f, 0x13, 0x11, 0x00, 0x00, 0x05, 0x14, 0x1c, 0x00, 0x0c, 0x06, 0x14, 0x44, 0x44, 0x33, 0x07,
  0x14, 0x44, 0x44, 0x33, 0x0d, 0x14, 0x1c, 0x00, 0x0c, 0x0e, 0x14, 0x82, 0x72, 0x61, 0x0f, 0x14,
  0x33, 0x08, 0x08, 0x05, 0x15, 0xee, 0xaa, 0x77, 0x06, 0x15, 0xee, 0x9c, 0x69, 0x07, 0x15, 0xaa,
  0x66, 0x33, 0x08, 0x15, 0x7c, 0x38, 0x23, 0x0e, 0x15, 0xee, 0xbb, 0x88, 0x0f, 0x15, 0xee, 0xaa,
  0x77, 0x04, 0x16, 0xb1, 0x5d, 0x49, 0x05, 0x16, 0xeb, 0xa9, 0x76, 0x06, 0x16, 0x64, 0x20, 0x19,
  0x0e, 0x16, 0xee, 0xad, 0x7a, 0x0f, 0x16, 0xeb, 0xa9, 0x76, 0x10, 0x16, 0x91, 0x4c, 0x2c
};
static const KofSprite kStance_chang_2 PROGMEM = {
  .w = 20, .h = 23, .pixelCount = 227,
  .pixels = kStance_chang_2Pixels, .fmt = 5,
};

// chang 帧 3: 20×23, 231 pixels
static const uint8_t kStance_chang_3Pixels[] PROGMEM = {
  0x0c, 0x00, 0xb0, 0x6b, 0x38, 0x0d, 0x00, 0x3a, 0x0c, 0x0b, 0x08, 0x01, 0xc9, 0x7d, 0x4a, 0x0c,
  0x01, 0xc6, 0x7b, 0x48, 0x0d, 0x01, 0x6c, 0x3c, 0x20, 0x0e, 0x01, 0x88, 0x77, 0x66, 0x0f, 0x01,
  0x67, 0x3a, 0x1e, 0x07, 0x02, 0xee, 0xbb, 0x88, 0x08, 0x02, 0xcc, 0x80, 0x4d, 0x09, 0x02, 0x79,
  0x35, 0x23, 0x0a, 0x02, 0x26, 0x1c, 0x15, 0x0d, 0x02, 0x19, 0x03, 0x02, 0x0e, 0x02, 0xb8, 0x72,
  0x43, 0x0f, 0x02, 0xee, 0xbb, 0x88, 0x10, 0x02, 0xeb, 0x98, 0x65, 0x05, 0x03, 0x66, 0x5c, 0x4c,
  0x06, 0x03, 0x16, 0x06, 0x05, 0x07, 0x03, 0xa6, 0x65, 0x34, 0x08, 0x03, 0x64, 0x37, 0x1c, 0x09,
  0x03, 0xc2, 0x77, 0x47, 0x0a, 0x03, 0x1c, 0x0b, 0x09, 0x0b, 0x03, 0x16, 0x06, 0x05, 0x0c, 0x03,
  0xfd, 0xfd, 0xfc, 0x0d, 0x03, 0xff, 0xff, 0xff, 0x0e, 0x03, 0x89, 0x81, 0x78, 0x0f, 0x03, 0xeb,
  0x97, 0x64, 0x10, 0x03, 0xd2, 0x84, 0x51, 0x11, 0x03, 0xee, 0xb9, 0x86, 0x04, 0x04, 0xec, 0xec,
  0xdb, 0x05, 0x04, 0x97, 0x96, 0x8e, 0x06, 0x04, 0x19, 0x08, 0x07, 0x07, 0x04, 0x7b, 0x48, 0x30,
  0x08, 0x04, 0x11, 0x00, 0x00, 0x09, 0x04, 0x11, 0x00, 0x00, 0x0a, 0x04, 0x3f, 0x3e, 0x2e, 0x0b,
  0x04, 0xda, 0xd9, 0xc9, 0x0c, 0x04, 0xd0, 0xd0, 0xbf, 0x0d, 0x04, 0xc0, 0xc0, 0xaf, 0x0e, 0x04,
  0xef, 0xef, 0xde, 0x0f, 0x04, 0xaf, 0x61, 0x43, 0x10, 0x04, 0xaa, 0x66, 0x33, 0x11, 0x04, 0x77,
  0x33, 0x22, 0x03, 0x05, 0xf7, 0xf7, 0xef, 0x04, 0x05, 0xee, 0xee, 0xdd, 0x05, 0x05, 0xee, 0xee,
  0xdd, 0x06, 0x05, 0x7f, 0x6f, 0x5f, 0x07, 0x05, 0x11, 0x00, 0x00, 0x08, 0x05, 0x11, 0x00, 0x00,
  0x09, 0x05, 0x11, 0x00, 0x00, 0x0a, 0x05, 0x66, 0x5e, 0x4d, 0x0b, 0x05, 0xff, 0xff, 0xff, 0x0c,
  0x05, 0x8d, 0x7d, 0x6c, 0x0d, 0x05, 0xb9, 0xb8, 0xa7, 0x0e, 0x05, 0x8a, 0x7a, 0x69, 0x0f, 0x05,
  0x77, 0x33, 0x22, 0x10, 0x05, 0x64, 0x20, 0x19, 0x02, 0x06, 0xec, 0xec, 0xdb, 0x03, 0x06, 0xef,
  0xef, 0xde, 0x04, 0x06, 0xd0, 0xd0, 0xbf, 0x05, 0x06, 0x90, 0x8f, 0x7e, 0x06, 0x06, 0x7d, 0x6c,
  0x5d, 0x07, 0x06, 0x1c, 0x0c, 0x0c, 0x08, 0x06, 0x87, 0x7f, 0x7f, 0x09, 0x06, 0xf5, 0xf4, 0xf4,
  0x0a, 0x06, 0xf5, 0xf4, 0xf4, 0x0b, 0x06, 0xf5, 0xf4, 0xf4, 0x0c, 0x06, 0xd9, 0xd9, 0xc8, 0x0d,
  0x06, 0x88, 0x77, 0x66, 0x0e, 0x06, 0x83, 0x72, 0x61, 0x0f, 0x06, 0x6c, 0x5b, 0x4a, 0x02, 0x07,
  0xfd, 0xfd, 0xfc, 0x03, 0x07, 0xee, 0xee, 0xdd, 0x04, 0x07, 0xa4, 0x9c, 0x8b, 0x05, 0x07, 0x59,
  0x49, 0x3f, 0x06, 0x07, 0xff, 0xff, 0xff, 0x07, 0x07, 0xff, 0xff, 0xff, 0x08, 0x07, 0x22, 0x33,
  0x77, 0x09, 0x07, 0x42, 0x41, 0x31, 0x0a, 0x07, 0x7d, 0x6c, 0x5d, 0x0b, 0x07, 0xff, 0xff, 0xff,
  0x0c, 0x07, 0xee, 0xee, 0xdd, 0x0d, 0x07, 0x8f, 0x7f, 0x6e, 0x0e, 0x07, 0x6a, 0x59, 0x48, 0x02,
  0x08, 0xff, 0xff, 0xff, 0x03, 0x08, 0xd9, 0xd9, 0xc8, 0x04, 0x08, 0x6f, 0x5e, 0x4d, 0x05, 0x08,
  0xf5, 0xf5, 0xeb, 0x06, 0x08, 0x26, 0x1c, 0x15, 0x07, 0x08, 0x26, 0x1c, 0x15, 0x08, 0x08, 0x22,
  0x33, 0x77, 0x09, 0x08, 0x8c, 0x84, 0x83, 0x0a, 0x08, 0xe0, 0xe0, 0xd8, 0x0b, 0x08, 0x9f, 0x96,
  0x85, 0x0c, 0x08, 0x8a, 0x7a, 0x69, 0x0d, 0x08, 0x88, 0x77, 0x66, 0x0e, 0x08, 0x6f, 0x5e, 0x4d,
  0x02, 0x09, 0xee, 0xbb, 0x88, 0x03, 0x09, 0xb6, 0xb3, 0xa3, 0x04, 0x09, 0x11, 0x00, 0x00, 0x05,
  0x09, 0xee, 0xba, 0x87, 0x06, 0x09, 0xee, 0xa9, 0x76, 0x07, 0x09, 0xee, 0x99, 0x66, 0x08, 0x09,
  0x28, 0x1f, 0x17, 0x09, 0x09, 0xff, 0xff, 0xff, 0x0a, 0x09, 0xff, 0xff, 0xff, 0x0b, 0x09, 0xee,
  0xee, 0xdd, 0x0c, 0x09, 0xbb, 0xbb, 0xaa, 0x0d, 0x09, 0xbb, 0xbb, 0xaa, 0x0e, 0x09, 0x73, 0x62,
  0x51, 0x02, 0x0a, 0xee, 0xbb, 0x88, 0x03, 0x0a, 0xee, 0xab, 0x78, 0x04, 0x0a, 0x47, 0x46, 0x35,
  0x05, 0x0a, 0xd2, 0x84, 0x51, 0x06, 0x0a, 0xcc, 0x80, 0x4d, 0x07, 0x0a, 0xc9, 0x7d, 0x4a, 0x08,
  0x0a, 0x89, 0x81, 0x81, 0x09, 0x0a, 0xbe, 0xb5, 0xac, 0x0a, 0x0a, 0xff, 0xff, 0xff, 0x0b, 0x0a,
  0xee, 0xee, 0xdd, 0x0c, 0x0a, 0xbb, 0xbb, 0xaa, 0x0d, 0x0a, 0xbb, 0xbb, 0xaa, 0x0e, 0x0a, 0x88,
  0x77, 0x66, 0x02, 0x0b, 0xee, 0x99, 0x66, 0x03, 0x0b, 0xc9, 0x7d, 0x4a, 0x04, 0x0b, 0x11, 0x00,
  0x00, 0x05, 0x0b, 0x3b, 0x15, 0x0e, 0x06, 0x0b, 0x64, 0x20, 0x19, 0x07, 0x0b, 0xee, 0xee, 0xdd,
  0x08, 0x0b, 0xf6, 0xf6, 0xed, 0x09, 0x0b, 0xee, 0xee, 0xdd, 0x0a, 0x0b, 0x52, 0x41, 0x37, 0x0b,
  0x0b, 0xd2, 0xd2, 0xc1, 0x0c, 0x0b, 0x16, 0x06, 0x05, 0x0d, 0x0b, 0x88, 0x77, 0x66, 0x0e, 0x0b,
  0x73, 0x62, 0x51, 0x02, 0x0c, 0x64, 0x20, 0x19, 0x05, 0x0c, 0x59, 0x49, 0x3f, 0x06, 0x0c, 0x86,
  0x75, 0x64, 0x07, 0x0c, 0xbb, 0xbb, 0xaa, 0x08, 0x0c, 0xbb, 0xbb, 0xaa, 0x09, 0x0c, 0xbb, 0xbb,
  0xaa, 0x0a, 0x0c, 0xbb, 0xbb, 0xaa, 0x0b, 0x0c, 0x8a, 0x7a, 0x69, 0x0c, 0x0c, 0x6b, 0x5a, 0x4a,
  0x0d, 0x0c, 0x86, 0x75, 0x64, 0x0e, 0x0c, 0x71, 0x60, 0x4f, 0x05, 0x0d, 0xff, 0xff, 0xff, 0x06,
  0x0d, 0xf9, 0xf9, 0xf7, 0x07, 0x0d, 0x47, 0x36, 0x2f, 0x08, 0x0d, 0x88, 0x77, 0x66, 0x09, 0x0d,
  0x88, 0x77, 0x66, 0x0a, 0x0d, 0x47, 0x36, 0x2f, 0x0b, 0x0d, 0xaf, 0xa6, 0x96, 0x0c, 0x0d, 0xff,
  0xff, 0xff, 0x0d, 0x0d, 0xee, 0xee, 0xdd, 0x0e, 0x0d, 0xbb, 0xbb, 0xaa, 0x03, 0x0e, 0xef, 0xe4,
  0xde, 0x04, 0x0e, 0xff, 0xff, 0xff, 0x05, 0x0e, 0x21, 0x31, 0x75, 0x06, 0x0e, 0xec, 0xea, 0xe0,
  0x07, 0x0e, 0xcd, 0xc6, 0xbe, 0x08, 0x0e, 0xd9, 0xd9, 0xcf, 0x09, 0x0e, 0x20, 0x1e, 0x39, 0x0a,
  0x0e, 0xc5, 0xbd, 0xb5, 0x0b, 0x0e, 0x91, 0x82, 0x71, 0x0c, 0x0e, 0x88, 0x89, 0xa3, 0x0d, 0x0e,
  0xee, 0xee, 0xdd, 0x0e, 0x0e, 0xbb, 0xbb, 0xaa, 0x03, 0x0f, 0xff, 0xff, 0xff, 0x04, 0x0f, 0xee,
  0xee, 0xdd, 0x05, 0x0f, 0xd5, 0xd5, 0xc4, 0x06, 0x0f, 0xbb, 0xbb, 0xaa, 0x07, 0x0f, 0x1a, 0x1a,
  0x4b, 0x08, 0x0f, 0xbd, 0xbd, 0xac, 0x09, 0x0f, 0x23, 0x13, 0x12, 0x0a, 0x0f, 0x6c, 0x6c, 0x83,
  0x0b, 0x0f, 0xee, 0xee, 0xdd, 0x0c, 0x0f, 0xff, 0xff, 0xff, 0x0d, 0x0f, 0xef, 0xef, 0xdf, 0x0e,
  0x0f, 0xbb, 0xbb, 0xaa, 0x02, 0x10, 0xa8, 0x88, 0x90, 0x03, 0x10, 0xd2, 0xd2, 0xc1, 0x04, 0x10,
  0xb9, 0xb1, 0xa0, 0x05, 0x10, 0xbb, 0xbb, 0xaa, 0x06, 0x10, 0x8a, 0x7a, 0x69, 0x07, 0x10, 0x17,
  0x16, 0x42, 0x09, 0x10, 0x1c, 0x01, 0x0f, 0x0b, 0x10, 0xd0, 0xd0, 0xbf, 0x0c, 0x10, 0xff, 0xff,
  0xff, 0x0d, 0x10, 0xef, 0xef, 0xde, 0x0e, 0x10, 0xa4, 0x9c, 0x8b, 0x03, 0x11, 0x6c, 0x5b, 0x4a,
  0x04, 0x11, 0x8f, 0x87, 0x76, 0x05, 0x11, 0x55, 0x44, 0x33, 0x09, 0x11, 0x26, 0x00, 0x17, 0x0b,
  0x11, 0xb7, 0xae, 0x9d, 0x0c, 0x11, 0x9f, 0x96, 0x85, 0x0d, 0x11, 0x88, 0x78, 0x66, 0x0e, 0x11,
  0x71, 0x60, 0x4f, 0x03, 0x12, 0xbb, 0xbb, 0xaa, 0x04, 0x12, 0x88, 0x77, 0x66, 0x05, 0x12, 0x73,
  0x63, 0x52, 0x06, 0x12, 0x88, 0x77, 0x66, 0x0c, 0x12, 0x88, 0x77, 0x66, 0x0d, 0x12, 0xbb, 0xbb,
  0xaa, 0x0e, 0x12, 0x71, 0x60, 0x4f, 0x04, 0x13, 0xbd, 0xbd, 0xac, 0x05, 0x13, 0x75, 0x31, 0x21,
  0x06, 0x13, 0x30, 0x27, 0x1e, 0x07, 0x13, 0x11, 0x00, 0x00, 0x0c, 0x13, 0x26, 0x00, 0x17, 0x0d,
  0x13, 0xee, 0xee, 0xdd, 0x0e, 0x13, 0x3c, 0x18, 0x16, 0x0f, 0x13, 0x11, 0x00, 0x00, 0x05, 0x14,
  0x36, 0x09, 0x09, 0x06, 0x14, 0xa0, 0x57, 0x3d, 0x07, 0x14, 0xc7, 0x7b, 0x4b, 0x0d, 0x14, 0x3e,
  0x08, 0x14, 0x0e, 0x14, 0x50, 0x2a, 0x23, 0x0f, 0x14, 0x7c, 0x38, 0x23, 0x04, 0x15, 0xcf, 0x7b,
  0x55, 0x05, 0x15, 0xee, 0xbb, 0x88, 0x06, 0x15, 0xad, 0x68, 0x35, 0x07, 0x15, 0xc9, 0x7d, 0x4a,
  0x0d, 0x15, 0x83, 0x2e, 0x36, 0x0e, 0x15, 0xee, 0xbb, 0x88, 0x0f, 0x15, 0xb0, 0x6b, 0x38, 0x04,
  0x16, 0xe5, 0xa0, 0x6f, 0x05, 0x16, 0x8e, 0x4a, 0x2a, 0x0e, 0x16, 0xc9, 0x7f, 0x4c, 0x0f, 0x16,
  0xad, 0x68, 0x35
};
static const KofSprite kStance_chang_3 PROGMEM = {
  .w = 20, .h = 23, .pixelCount = 231,
  .pixels = kStance_chang_3Pixels, .fmt = 5,
};

// chang 帧 4: 20×23, 240 pixels
static const uint8_t kStance_chang_4Pixels[] PROGMEM = {
  0x0b, 0x00, 0xef, 0x99, 0x82, 0x0c, 0x00, 0xb0, 0x6b, 0x38, 0x0d, 0x00, 0x3a, 0x0c, 0x0b, 0x08,
  0x01, 0xc9, 0x7d, 0x4a, 0x0c, 0x01, 0x67, 0x23, 0x1a, 0x0d, 0x01, 0xa8, 0x64, 0x32, 0x0e, 0x01,
  0x42, 0x41, 0x31, 0x0f, 0x01, 0x13, 0x03, 0x02, 0x07, 0x02, 0xee, 0xbb, 0x88, 0x08, 0x02, 0xee,
  0x99, 0x66, 0x09, 0x02, 0x44, 0x1a, 0x11, 0x0a, 0x02, 0x2c, 0x22, 0x1a, 0x0b, 0x02, 0x51, 0x41,
  0x37, 0x0d, 0x02, 0x19, 0x03, 0x02, 0x0e, 0x02, 0xb8, 0x72, 0x43, 0x0f, 0x02, 0xee, 0xbb, 0x88,
  0x10, 0x02, 0xee, 0x9b, 0x68, 0x05, 0x03, 0x1c, 0x0b, 0x09, 0x06, 0x03, 0x16, 0x06, 0x05, 0x07,
  0x03, 0x9b, 0x57, 0x32, 0x08, 0x03, 0xee, 0x9c, 0x69, 0x09, 0x03, 0x50, 0x2a, 0x15, 0x0a, 0x03,
  0x11, 0x00, 0x00, 0x0b, 0x03, 0x4a, 0x49, 0x39, 0x0c, 0x03, 0xef, 0xef, 0xe0, 0x0d, 0x03, 0xef,
  0xef, 0xe0, 0x0e, 0x03, 0x59, 0x1b, 0x1a, 0x0f, 0x03, 0xc6, 0x7b, 0x48, 0x10, 0x03, 0xd2, 0x85,
  0x52, 0x11, 0x03, 0xee, 0xbb, 0x88, 0x04, 0x04, 0xd7, 0xcc, 0xc7, 0x05, 0x04, 0xf4, 0xf3, 0xf1,
  0x06, 0x04, 0x1c, 0x0b, 0x09, 0x07, 0x04, 0x5a, 0x31, 0x19, 0x08, 0x04, 0x11, 0x00, 0x00, 0x09,
  0x04, 0x11, 0x00, 0x00, 0x0a, 0x04, 0x11, 0x00, 0x00, 0x0b, 0x04, 0x87, 0x7f, 0x7f, 0x0c, 0x04,
  0xc0, 0xc0, 0xaf, 0x0d, 0x04, 0xf0, 0xf0, 0xe6, 0x0e, 0x04, 0xf7, 0xf7, 0xee, 0x0f, 0x04, 0x8b,
  0x46, 0x28, 0x10, 0x04, 0xc9, 0x7d, 0x4a, 0x11, 0x04, 0x8e, 0x4a, 0x2a, 0x03, 0x05, 0xf7, 0xf7,
  0xef, 0x04, 0x05, 0xf7, 0xf7, 0xee, 0x05, 0x05, 0xee, 0xee, 0xdd, 0x06, 0x05, 0x11, 0x00, 0x00,
  0x07, 0x05, 0x11, 0x00, 0x00, 0x08, 0x05, 0x11, 0x00, 0x00, 0x09, 0x05, 0x52, 0x41, 0x37, 0x0a,
  0x05, 0x18, 0x08, 0x07, 0x0b, 0x05, 0xff, 0xff, 0xff, 0x0c, 0x05, 0xbb, 0xbb, 0xaa, 0x0d, 0x05,
  0x8d, 0x7d, 0x6c, 0x0e, 0x05, 0x88, 0x67, 0x5e, 0x0f, 0x05, 0x8e, 0x4a, 0x2a, 0x10, 0x05, 0x77,
  0x33, 0x22, 0x02, 0x06, 0xfd, 0xfd, 0xfc, 0x03, 0x06, 0xee, 0xee, 0xdd, 0x04, 0x06, 0xc0, 0xc0,
  0xaf, 0x05, 0x06, 0xbb, 0xbb, 0xaa, 0x06, 0x06, 0x2c, 0x25, 0x1b, 0x07, 0x06, 0x11, 0x00, 0x00,
  0x08, 0x06, 0xff, 0xff, 0xff, 0x09, 0x06, 0xff, 0xff, 0xff, 0x0a, 0x06, 0xff, 0xff, 0xff, 0x0b,
  0x06, 0xff, 0xff, 0xff, 0x0c, 0x06, 0xee, 0xee, 0xdd, 0x0d, 0x06, 0xa1, 0x99, 0x88, 0x0e, 0x06,
  0x88, 0x77, 0x66, 0x0f, 0x06, 0x88, 0x77, 0x66, 0x02, 0x07, 0xfe, 0xfe, 0xfd, 0x03, 0x07, 0xec,
  0xec, 0xdb, 0x04, 0x07, 0xe9, 0xe9, 0xd8, 0x05, 0x07, 0xb6, 0xb5, 0xa4, 0x06, 0x07, 0x31, 0x28,
  0x21, 0x07, 0x07, 0x31, 0x28, 0x21, 0x08, 0x07, 0xff, 0xff, 0xff, 0x09, 0x07, 0x26, 0x1c, 0x15,
  0x0a, 0x07, 0xff, 0xff, 0xff, 0x0b, 0x07, 0xff, 0xff, 0xff, 0x0c, 0x07, 0xee, 0xee, 0xdd, 0x0d,
  0x07, 0x8d, 0x7d, 0x6c, 0x0e, 0x07, 0x57, 0x46, 0x35, 0x01, 0x08, 0xc1, 0xaa, 0xb2, 0x02, 0x08,
  0xef, 0xef, 0xe0, 0x03, 0x08, 0xbb, 0xbb, 0xaa, 0x04, 0x08, 0x88, 0x77, 0x66, 0x05, 0x08, 0xe9,
  0xe9, 0xd8, 0x06, 0x08, 0xff, 0xff, 0xff, 0x07, 0x08, 0x13, 0x03, 0x02, 0x08, 0x08, 0x69, 0x5f,
  0x4e, 0x09, 0x08, 0xf7, 0xf7, 0xef, 0x0a, 0x08, 0xbb, 0xbb, 0xaa, 0x0b, 0x08, 0xbb, 0xbb, 0xaa,
  0x0c, 0x08, 0x9f, 0x96, 0x85, 0x0d, 0x08, 0x88, 0x77, 0x66, 0x0e, 0x08, 0x5a, 0x49, 0x38, 0x01,
  0x09, 0xa7, 0x5e, 0x44, 0x02, 0x09, 0xaf, 0x75, 0x57, 0x03, 0x09, 0xbb, 0xbb, 0xaa, 0x04, 0x09,
  0x88, 0x77, 0x66, 0x05, 0x09, 0xa4, 0x9c, 0x8b, 0x06, 0x09, 0xee, 0xa9, 0x76, 0x07, 0x09, 0x7f,
  0x3a, 0x26, 0x08, 0x09, 0x89, 0x81, 0x81, 0x09, 0x09, 0xf1, 0xf0, 0xef, 0x0a, 0x09, 0xff, 0xff,
  0xff, 0x0b, 0x09, 0xee, 0xee, 0xdd, 0x0c, 0x09, 0xbb, 0xbb, 0xaa, 0x0d, 0x09, 0x8d, 0x7d, 0x6c,
  0x0e, 0x09, 0x57, 0x46, 0x35, 0x01, 0x0a, 0xe8, 0x94, 0x61, 0x02, 0x0a, 0xee, 0xbb, 0x88, 0x03,
  0x0a, 0xee, 0xab, 0x78, 0x04, 0x0a, 0x63, 0x5b, 0x4a, 0x05, 0x0a, 0xcc, 0x80, 0x4d, 0x06, 0x0a,
  0xee, 0x9a, 0x67, 0x07, 0x0a, 0x79, 0x35, 0x23, 0x08, 0x0a, 0xff, 0xff, 0xff, 0x09, 0x0a, 0x92,
  0x8a, 0x8a, 0x0a, 0x0a, 0xb6, 0xad, 0xa3, 0x0b, 0x0a, 0xee, 0xee, 0xdd, 0x0c, 0x0a, 0xbb, 0xbb,
  0xaa, 0x0d, 0x0a, 0x8a, 0x7a, 0x69, 0x0e, 0x0a, 0x5a, 0x49, 0x38, 0x01, 0x0b, 0xee, 0x99, 0x66,
  0x02, 0x0b, 0xc9, 0x7d, 0x4a, 0x03, 0x0b, 0xaa, 0x66, 0x33, 0x04, 0x0b, 0x11, 0x00, 0x00, 0x05,
  0x0b, 0x72, 0x31, 0x20, 0x06, 0x0b, 0x77, 0x33, 0x22, 0x07, 0x0b, 0xee, 0xee, 0xdd, 0x08, 0x0b,
  0xee, 0xee, 0xdd, 0x09, 0x0b, 0xee, 0xee, 0xdd, 0x0a, 0x0b, 0x92, 0x8b, 0x81, 0x0b, 0x0b, 0x61,
  0x58, 0x48, 0x0c, 0x0b, 0xb9, 0xb8, 0xa7, 0x0d, 0x0b, 0x8a, 0x7a, 0x69, 0x0e, 0x0b, 0x47, 0x36,
  0x2f, 0x0f, 0x0b, 0x47, 0x36, 0x2f, 0x01, 0x0c, 0x64, 0x20, 0x19, 0x02, 0x0c, 0x77, 0x33, 0x22,
  0x05, 0x0c, 0x9e, 0x95, 0x85, 0x06, 0x0c, 0x9f, 0x96, 0x85, 0x07, 0x0c, 0xbb, 0xbb, 0xaa, 0x08,
  0x0c, 0xbb, 0xbb, 0xaa, 0x09, 0x0c, 0xbb, 0xbb, 0xaa, 0x0a, 0x0c, 0xbb, 0xbb, 0xaa, 0x0b, 0x0c,
  0x9f, 0x96, 0x85, 0x0c, 0x0c, 0x35, 0x24, 0x1c, 0x0d, 0x0c, 0x84, 0x7c, 0x72, 0x0e, 0x0c, 0x88,
  0x77, 0x66, 0x04, 0x0d, 0xef, 0xe4, 0xde, 0x05, 0x0d, 0xee, 0xee, 0xdd, 0x06, 0x0d, 0xd2, 0xd2,
  0xc1, 0x07, 0x0d, 0x57, 0x47, 0x3f, 0x08, 0x0d, 0x11, 0x09, 0x25, 0x09, 0x0d, 0x11, 0x0f, 0x3e,
  0x0a, 0x0d, 0xc3, 0xbc, 0xb5, 0x0b, 0x0d, 0xc5, 0xbd, 0xb5, 0x0c, 0x0d, 0xff, 0xff, 0xff, 0x0d,
  0x0d, 0x8c, 0x7c, 0x6b, 0x0e, 0x0d, 0xa6, 0x9f, 0x8e, 0x03, 0x0e, 0xf6, 0xf6, 0xee, 0x04, 0x0e,
  0xff, 0xff, 0xff, 0x05, 0x0e, 0x94, 0x94, 0xa1, 0x06, 0x0e, 0xee, 0xee, 0xdd, 0x07, 0x0e, 0x2b,
  0x3b, 0x7b, 0x08, 0x0e, 0xc9, 0xc1, 0xb9, 0x09, 0x0e, 0xc9, 0xc1, 0xb9, 0x0a, 0x0e, 0xe3, 0xe4,
  0xe2, 0x0b, 0x0e, 0x2a, 0x39, 0x79, 0x0c, 0x0e, 0xff, 0xff, 0xff, 0x0d, 0x0e, 0xee, 0xee, 0xdd,
  0x0e, 0x0e, 0xbb, 0xbb, 0xaa, 0x03, 0x0f, 0xff, 0xff, 0xff, 0x04, 0x0f, 0xf7, 0xf7, 0xee, 0x05,
  0x0f, 0xee, 0xee, 0xdd, 0x06, 0x0f, 0x6d, 0x6d, 0x7b, 0x07, 0x0f, 0x11, 0x11, 0x44, 0x08, 0x0f,
  0xbd, 0xbd, 0xac, 0x09, 0x0f, 0xd4, 0xd4, 0xc3, 0x0a, 0x0f, 0x11, 0x11, 0x44, 0x0b, 0x0f, 0xe9,
  0xe9, 0xd8, 0x0c, 0x0f, 0xff, 0xff, 0xff, 0x0d, 0x0f, 0xee, 0xee, 0xdd, 0x0e, 0x0f, 0xbb, 0xbb,
  0xaa, 0x02, 0x10, 0xa8, 0x88, 0x90, 0x03, 0x10, 0xd2, 0xd2, 0xc1, 0x04, 0x10, 0xee, 0xee, 0xdd,
  0x05, 0x10, 0xd9, 0xd9, 0xc8, 0x06, 0x10, 0x8a, 0x7a, 0x69, 0x07, 0x10, 0x11, 0x11, 0x44, 0x0b,
  0x10, 0xbb, 0xbb, 0xaa, 0x0c, 0x10, 0xfe, 0xfe, 0xfd, 0x0d, 0x10, 0xee, 0xee, 0xdd, 0x0e, 0x10,
  0xa4, 0x9c, 0x8b, 0x03, 0x11, 0x73, 0x62, 0x51, 0x04, 0x11, 0x88, 0x77, 0x66, 0x05, 0x11, 0x8c,
  0x85, 0x74, 0x07, 0x11, 0x22, 0x33, 0x77, 0x0b, 0x11, 0x72, 0x56, 0x52, 0x0c, 0x11, 0x88, 0x77,
  0x66, 0x0d, 0x11, 0x6c, 0x5b, 0x4a, 0x0e, 0x11, 0x88, 0x77, 0x66, 0x03, 0x12, 0xec, 0xec, 0xdb,
  0x04, 0x12, 0x8a, 0x7a, 0x69, 0x05, 0x12, 0x9f, 0x96, 0x85, 0x06, 0x12, 0x88, 0x77, 0x66, 0x0c,
  0x12, 0x86, 0x75, 0x64, 0x0d, 0x12, 0xbb, 0xbb, 0xaa, 0x0e, 0x12, 0x6f, 0x44, 0x3c, 0x03, 0x13,
  0xc1, 0xaa, 0xb2, 0x04, 0x13, 0xd9, 0xd9, 0xc8, 0x05, 0x13, 0x63, 0x1f, 0x18, 0x06, 0x13, 0x2d,
  0x22, 0x1a, 0x0d, 0x13, 0xee, 0xee, 0xdd, 0x0e, 0x13, 0x43, 0x18, 0x10, 0x0f, 0x13, 0x11, 0x00,
  0x00, 0x05, 0x14, 0x11, 0x00, 0x00, 0x06, 0x14, 0x52, 0x2f, 0x27, 0x07, 0x14, 0x58, 0x14, 0x12,
  0x0d, 0x14, 0x11, 0x00, 0x00, 0x0e, 0x14, 0x4c, 0x2b, 0x22, 0x0f, 0x14, 0x6a, 0x26, 0x1b, 0x05,
  0x15, 0xee, 0xbb, 0x88, 0x06, 0x15, 0xaa, 0x66, 0x33, 0x07, 0x15, 0x94, 0x4f, 0x2d, 0x0d, 0x15,
  0xe3, 0x90, 0x60, 0x0e, 0x15, 0xee, 0xbb, 0x88, 0x0f, 0x15, 0xee, 0x9c, 0x69, 0x03, 0x16, 0xab,
  0x66, 0x34, 0x04, 0x16, 0xcc, 0x83, 0x50, 0x05, 0x16, 0xcc, 0x81, 0x4e, 0x06, 0x16, 0x66, 0x22,
  0x1a, 0x0d, 0x16, 0xb2, 0x5d, 0x45, 0x0e, 0x16, 0xeb, 0xb6, 0x83, 0x0f, 0x16, 0xcc, 0x8f, 0x5c
};
static const KofSprite kStance_chang_4 PROGMEM = {
  .w = 20, .h = 23, .pixelCount = 240,
  .pixels = kStance_chang_4Pixels, .fmt = 5,
};

// chang 帧 5: 20×23, 233 pixels
static const uint8_t kStance_chang_5Pixels[] PROGMEM = {
  0x0c, 0x00, 0xe8, 0x94, 0x61, 0x0d, 0x00, 0xe8, 0x94, 0x63, 0x08, 0x01, 0xc9, 0x7d, 0x4a, 0x0c,
  0x01, 0x63, 0x1f, 0x18, 0x0d, 0x01, 0x89, 0x51, 0x36, 0x0e, 0x01, 0x7e, 0x5a, 0x38, 0x07, 0x02,
  0xee, 0xb9, 0x86, 0x08, 0x02, 0xb0, 0x6b, 0x38, 0x09, 0x02, 0x40, 0x17, 0x10, 0x0a, 0x02, 0x2c,
  0x22, 0x1a, 0x0b, 0x02, 0x11, 0x00, 0x00, 0x0c, 0x02, 0x68, 0x27, 0x1f, 0x0d, 0x02, 0x11, 0x00,
  0x00, 0x0e, 0x02, 0x2b, 0x22, 0x1a, 0x0f, 0x02, 0xee, 0xbb, 0x88, 0x06, 0x03, 0x11, 0x00, 0x00,
  0x07, 0x03, 0xeb, 0xa9, 0x76, 0x08, 0x03, 0xcc, 0x80, 0x4d, 0x09, 0x03, 0x18, 0x04, 0x02, 0x0a,
  0x03, 0x11, 0x00, 0x00, 0x0b, 0x03, 0xf5, 0xf4, 0xf4, 0x0c, 0x03, 0xfd, 0xfd, 0xfc, 0x0d, 0x03,
  0xfd, 0xfd, 0xfc, 0x0e, 0x03, 0x11, 0x00, 0x00, 0x0f, 0x03, 0xee, 0x99, 0x66, 0x10, 0x03, 0xee,
  0xa9, 0x76, 0x11, 0x03, 0xd2, 0x85, 0x52, 0x04, 0x04, 0xf7, 0xf7, 0xef, 0x05, 0x04, 0x26, 0x17,
  0x17, 0x06, 0x04, 0x28, 0x1f, 0x17, 0x07, 0x04, 0x85, 0x61, 0x46, 0x08, 0x04, 0x11, 0x00, 0x00,
  0x09, 0x04, 0x11, 0x00, 0x00, 0x0a, 0x04, 0x11, 0x00, 0x00, 0x0b, 0x04, 0xef, 0xef, 0xdf, 0x0c,
  0x04, 0xd0, 0xd0, 0xbf, 0x0d, 0x04, 0xee, 0xee, 0xdd, 0x0e, 0x04, 0xee, 0xee, 0xdd, 0x0f, 0x04,
  0x64, 0x20, 0x19, 0x10, 0x04, 0xaa, 0x66, 0x33, 0x11, 0x04, 0x79, 0x35, 0x23, 0x03, 0x05, 0xee,
  0xee, 0xdd, 0x04, 0x05, 0xff, 0xff, 0xff, 0x05, 0x05, 0xee, 0xee, 0xdd, 0x06, 0x05, 0x25, 0x15,
  0x14, 0x07, 0x05, 0x11, 0x00, 0x00, 0x08, 0x05, 0x11, 0x00, 0x00, 0x09, 0x05, 0x3f, 0x3e, 0x2e,
  0x0a, 0x05, 0x93, 0x83, 0x74, 0x0b, 0x05, 0xff, 0xff, 0xff, 0x0c, 0x05, 0xa2, 0x99, 0x88, 0x0d,
  0x05, 0xb6, 0xb5, 0xa4, 0x0e, 0x05, 0xbb, 0xbb, 0xaa, 0x0f, 0x05, 0xaa, 0x66, 0x33, 0x10, 0x05,
  0x79, 0x35, 0x23, 0x11, 0x05, 0x66, 0x22, 0x1a, 0x02, 0x06, 0xec, 0xec, 0xdb, 0x03, 0x06, 0xef,
  0xef, 0xde, 0x04, 0x06, 0xd0, 0xd0, 0xbf, 0x05, 0x06, 0xa2, 0x99, 0x88, 0x06, 0x06, 0x13, 0x03,
  0x02, 0x07, 0x06, 0x3f, 0x3e, 0x2e, 0x08, 0x06, 0xff, 0xff, 0xff, 0x09, 0x06, 0xff, 0xff, 0xff,
  0x0a, 0x06, 0xea, 0xe8, 0xe8, 0x0b, 0x06, 0xff, 0xff, 0xff, 0x0c, 0x06, 0xaa, 0xa3, 0x92, 0x0d,
  0x06, 0x88, 0x77, 0x66, 0x0e, 0x06, 0x83, 0x72, 0x61, 0x0f, 0x06, 0x88, 0x77, 0x66, 0x02, 0x07,
  0xf5, 0xf5, 0xeb, 0x03, 0x07, 0xee, 0xee, 0xdd, 0x04, 0x07, 0xa4, 0x9c, 0x8b, 0x05, 0x07, 0x88,
  0x77, 0x66, 0x06, 0x07, 0xff, 0xff, 0xff, 0x07, 0x07, 0xf9, 0xf9, 0xf8, 0x08, 0x07, 0x61, 0x59,
  0x48, 0x09, 0x07, 0xf5, 0xf4, 0xf4, 0x0a, 0x07, 0xff, 0xff, 0xff, 0x0b, 0x07, 0xff, 0xff, 0xff,
  0x0c, 0x07, 0xee, 0xee, 0xdd, 0x0d, 0x07, 0x88, 0x77, 0x66, 0x0e, 0x07, 0x6a, 0x59, 0x48, 0x02,
  0x08, 0xff, 0xff, 0xff, 0x03, 0x08, 0xd9, 0xd9, 0xc8, 0x04, 0x08, 0x88, 0x77, 0x66, 0x05, 0x08,
  0xb6, 0xb5, 0xa4, 0x06, 0x08, 0xf6, 0xf6, 0xed, 0x07, 0x08, 0x26, 0x16, 0x15, 0x08, 0x08, 0x87,
  0x7f, 0x7f, 0x09, 0x08, 0xff, 0xff, 0xff, 0x0a, 0x08, 0xe3, 0xe3, 0xdc, 0x0b, 0x08, 0x9f, 0x96,
  0x85, 0x0c, 0x08, 0x88, 0x77, 0x66, 0x0d, 0x08, 0x88, 0x77, 0x66, 0x0e, 0x08, 0x6f, 0x5e, 0x4d,
  0x01, 0x09, 0x9e, 0x7c, 0x73, 0x02, 0x09, 0xee, 0xbb, 0x88, 0x03, 0x09, 0xbb, 0xbb, 0xaa, 0x04,
  0x09, 0x55, 0x44, 0x33, 0x05, 0x09, 0x88, 0x77, 0x66, 0x06, 0x09, 0xef, 0x9d, 0x6d, 0x07, 0x09,
  0xb0, 0x65, 0x43, 0x08, 0x09, 0xf6, 0xf6, 0xf5, 0x09, 0x09, 0x5e, 0x56, 0x46, 0x0a, 0x09, 0xff,
  0xff, 0xff, 0x0b, 0x09, 0xee, 0xee, 0xdd, 0x0c, 0x09, 0xbb, 0xbb, 0xaa, 0x0d, 0x09, 0x88, 0x77,
  0x66, 0x0e, 0x09, 0x73, 0x62, 0x51, 0x01, 0x0a, 0xe8, 0x94, 0x61, 0x02, 0x0a, 0xee, 0xbb, 0x88,
  0x03, 0x0a, 0xee, 0x99, 0x66, 0x04, 0x0a, 0x69, 0x60, 0x4f, 0x05, 0x0a, 0xee, 0xaa, 0x77, 0x06,
  0x0a, 0xc9, 0x7d, 0x4a, 0x07, 0x0a, 0x94, 0x4f, 0x2d, 0x08, 0x0a, 0xff, 0xff, 0xff, 0x09, 0x0a,
  0x9c, 0x95, 0x95, 0x0a, 0x0a, 0x11, 0x00, 0x00, 0x0b, 0x0a, 0xee, 0xee, 0xdd, 0x0c, 0x0a, 0xbb,
  0xbb, 0xaa, 0x0d, 0x0a, 0x88, 0x77, 0x66, 0x0e, 0x0a, 0x88, 0x77, 0x66, 0x01, 0x0b, 0xee, 0x99,
  0x66, 0x02, 0x0b, 0xc9, 0x7d, 0x4a, 0x03, 0x0b, 0xaa, 0x66, 0x33, 0x04, 0x0b, 0x11, 0x00, 0x00,
  0x05, 0x0b, 0xaa, 0x66, 0x33, 0x06, 0x0b, 0x91, 0x4c, 0x2c, 0x07, 0x0b, 0xe0, 0xda, 0xcb, 0x08,
  0x0b, 0xee, 0xee, 0xdd, 0x09, 0x0b, 0xee, 0xee, 0xdd, 0x0a, 0x0b, 0xee, 0xee, 0xdd, 0x0b, 0x0b,
  0x47, 0x36, 0x2f, 0x0c, 0x0b, 0x8a, 0x7a, 0x69, 0x0d, 0x0b, 0x7d, 0x6c, 0x5d, 0x0e, 0x0b, 0x71,
  0x60, 0x4f, 0x02, 0x0c, 0x64, 0x20, 0x19, 0x04, 0x0c, 0x11, 0x00, 0x00, 0x05, 0x0c, 0xda, 0xd9,
  0xcc, 0x06, 0x0c, 0x38, 0x28, 0x21, 0x07, 0x0c, 0x88, 0x77, 0x66, 0x08, 0x0c, 0x9f, 0x96, 0x85,
  0x09, 0x0c, 0x9f, 0x96, 0x85, 0x0a, 0x0c, 0x88, 0x77, 0x66, 0x0b, 0x0c, 0x32, 0x21, 0x19, 0x0c,
  0x0c, 0xa4, 0x9b, 0x8a, 0x0d, 0x0c, 0x89, 0x91, 0xaa, 0x0e, 0x0c, 0x59, 0x49, 0x38, 0x04, 0x0d,
  0x2d, 0x36, 0x6b, 0x05, 0x0d, 0x87, 0x90, 0xb5, 0x06, 0x0d, 0xee, 0xee, 0xdd, 0x07, 0x0d, 0xce,
  0xcd, 0xbc, 0x08, 0x0d, 0x65, 0x5d, 0x57, 0x09, 0x0d, 0x21, 0x31, 0x71, 0x0a, 0x0d, 0xdc, 0xdc,
  0xd3, 0x0b, 0x0d, 0xd5, 0xd5, 0xc5, 0x0c, 0x0d, 0xff, 0xff, 0xff, 0x0d, 0x0d, 0x2b, 0x39, 0x75,
  0x0e, 0x0d, 0xbb, 0xbb, 0xaa, 0x04, 0x0e, 0xff, 0xff, 0xff, 0x05, 0x0e, 0xff, 0xff, 0xff, 0x06,
  0x0e, 0xe0, 0xe0, 0xd3, 0x07, 0x0e, 0xec, 0xec, 0xdb, 0x08, 0x0e, 0xc9, 0xc1, 0xb9, 0x09, 0x0e,
  0x97, 0x90, 0x8f, 0x0a, 0x0e, 0x22, 0x33, 0x77, 0x0b, 0x0e, 0x91, 0x82, 0x71, 0x0c, 0x0e, 0x92,
  0x92, 0xaa, 0x0d, 0x0e, 0xee, 0xee, 0xdd, 0x0e, 0x0e, 0xbb, 0xbb, 0xaa, 0x03, 0x0f, 0xff, 0xff,
  0xff, 0x04, 0x0f, 0xef, 0xef, 0xde, 0x05, 0x0f, 0xee, 0xee, 0xdd, 0x06, 0x0f, 0xbb, 0xbb, 0xaa,
  0x07, 0x0f, 0x11, 0x11, 0x44, 0x08, 0x0f, 0x87, 0x90, 0xb5, 0x09, 0x0f, 0x77, 0x77, 0x8b, 0x0a,
  0x0f, 0x11, 0x11, 0x44, 0x0b, 0x0f, 0xee, 0xee, 0xdd, 0x0c, 0x0f, 0xff, 0xff, 0xff, 0x0d, 0x0f,
  0xee, 0xee, 0xdd, 0x0e, 0x0f, 0xbb, 0xbb, 0xaa, 0x03, 0x10, 0xa2, 0x99, 0x88, 0x04, 0x10, 0xd0,
  0xcf, 0xbe, 0x05, 0x10, 0xd7, 0xd7, 0xc7, 0x06, 0x10, 0x88, 0x77, 0x66, 0x07, 0x10, 0x26, 0x0f,
  0x55, 0x0a, 0x10, 0x11, 0x11, 0x44, 0x0b, 0x10, 0xbb, 0xbb, 0xaa, 0x0c, 0x10, 0xff, 0xff, 0xff,
  0x0d, 0x10, 0xd5, 0xd5, 0xc4, 0x0e, 0x10, 0x9d, 0x94, 0x83, 0x03, 0x11, 0xd4, 0xd4, 0xc3, 0x04,
  0x11, 0x88, 0x77, 0x66, 0x05, 0x11, 0xbb, 0xbb, 0xaa, 0x06, 0x11, 0x88, 0x78, 0x67, 0x0b, 0x11,
  0x5d, 0x41, 0x3d, 0x0c, 0x11, 0x6f, 0x5e, 0x4d, 0x0d, 0x11, 0x86, 0x75, 0x64, 0x0e, 0x11, 0x88,
  0x77, 0x66, 0x03, 0x12, 0xd1, 0xc4, 0xc0, 0x04, 0x12, 0x88, 0x77, 0x66, 0x05, 0x12, 0x6c, 0x5b,
  0x4a, 0x06, 0x12, 0x8a, 0x81, 0x70, 0x0c, 0x12, 0x70, 0x5f, 0x4e, 0x0d, 0x12, 0xa6, 0x9f, 0x8e,
  0x0e, 0x12, 0x88, 0x77, 0x66, 0x04, 0x13, 0xd9, 0xd9, 0xc8, 0x05, 0x13, 0x6c, 0x40, 0x38, 0x06,
  0x13, 0x35, 0x0a, 0x09, 0x0d, 0x13, 0x63, 0x25, 0x23, 0x0e, 0x13, 0x6f, 0x31, 0x27, 0x05, 0x14,
  0x11, 0x00, 0x00, 0x06, 0x14, 0x88, 0x77, 0x66, 0x07, 0x14, 0x76, 0x31, 0x21, 0x0d, 0x14, 0x3f,
  0x3e, 0x2e, 0x0e, 0x14, 0x4a, 0x49, 0x38, 0x04, 0x15, 0xcf, 0x7b, 0x55, 0x05, 0x15, 0xee, 0xbb,
  0x88, 0x06, 0x15, 0xad, 0x68, 0x35, 0x07, 0x15, 0xc9, 0x7d, 0x4a, 0x0d, 0x15, 0xee, 0xa7, 0x74,
  0x0e, 0x15, 0xee, 0xbb, 0x88, 0x0f, 0x15, 0xb0, 0x6b, 0x38, 0x03, 0x16, 0xb4, 0x59, 0x52, 0x04,
  0x16, 0xcf, 0x92, 0x5f, 0x05, 0x16, 0xeb, 0xa6, 0x73, 0x06, 0x16, 0x77, 0x33, 0x22, 0x0d, 0x16,
  0xe8, 0x94, 0x61, 0x0e, 0x16, 0xc9, 0x7e, 0x4a, 0x0f, 0x16, 0xc9, 0x7f, 0x4c
};
static const KofSprite kStance_chang_5 PROGMEM = {
  .w = 20, .h = 23, .pixelCount = 233,
  .pixels = kStance_chang_5Pixels, .fmt = 5,
};

static const KofSprite* const kStance_chang_Frames[] PROGMEM = {
  &kStance_chang_0,
  &kStance_chang_1,
  &kStance_chang_2,
  &kStance_chang_3,
  &kStance_chang_4,
  &kStance_chang_5
};
static const KofStanceSet kStance_chang PROGMEM = {
  .frameCount = 6,
  .frames = kStance_chang_Frames,
};

// choi 帧 0: 20×23, 133 pixels
static const uint8_t kStance_choi_0Pixels[] PROGMEM = {
  0x0a, 0x06, 0x77, 0x44, 0x44, 0x0b, 0x06, 0x33, 0x22, 0x11, 0x09, 0x07, 0x55, 0x33, 0x33, 0x0a,
  0x07, 0x77, 0x44, 0x44, 0x0b, 0x07, 0x33, 0x22, 0x11, 0x0c, 0x07, 0x11, 0x11, 0x44, 0x0d, 0x07,
  0x00, 0x00, 0x00, 0x0e, 0x07, 0x00, 0x00, 0x00, 0x08, 0x08, 0x33, 0x22, 0x11, 0x09, 0x08, 0x77,
  0x44, 0x44, 0x0a, 0x08, 0x22, 0x33, 0x77, 0x0b, 0x08, 0x22, 0x33, 0x77, 0x0c, 0x08, 0x33, 0x22,
  0x11, 0x0d, 0x08, 0x33, 0x22, 0x11, 0x0e, 0x08, 0xee, 0xee, 0xdd, 0x0f, 0x08, 0xee, 0xee, 0xdd,
  0x07, 0x09, 0xee, 0xbb, 0x77, 0x08, 0x09, 0xbb, 0x88, 0x44, 0x09, 0x09, 0x00, 0x00, 0x00, 0x0a,
  0x09, 0x00, 0x00, 0x00, 0x0b, 0x09, 0xbb, 0x88, 0x44, 0x0c, 0x09, 0xbb, 0x88, 0x44, 0x0d, 0x09,
  0x22, 0x33, 0x77, 0x0e, 0x09, 0xee, 0xee, 0xdd, 0x0f, 0x09, 0xee, 0xbb, 0x77, 0x10, 0x09, 0x88,
  0x77, 0x66, 0x11, 0x09, 0xbb, 0xbb, 0xaa, 0x04, 0x0a, 0x55, 0x33, 0x33, 0x05, 0x0a, 0x55, 0x33,
  0x33, 0x06, 0x0a, 0x88, 0x44, 0x11, 0x07, 0x0a, 0x66, 0x22, 0x00, 0x09, 0x0a, 0xee, 0xbb, 0x77,
  0x0a, 0x0a, 0xee, 0xbb, 0x77, 0x0b, 0x0a, 0xbb, 0x88, 0x44, 0x0c, 0x0a, 0x88, 0x44, 0x11, 0x0d,
  0x0a, 0x11, 0x11, 0x44, 0x0e, 0x0a, 0xbb, 0x88, 0x44, 0x0f, 0x0a, 0xee, 0xbb, 0x77, 0x10, 0x0a,
  0xbb, 0x88, 0x44, 0x11, 0x0a, 0xbb, 0xbb, 0xaa, 0x02, 0x0b, 0x77, 0x44, 0x44, 0x03, 0x0b, 0x00,
  0x00, 0x00, 0x04, 0x0b, 0xee, 0xbb, 0x77, 0x05, 0x0b, 0x00, 0x00, 0x00, 0x0a, 0x0b, 0x88, 0x44,
  0x11, 0x0b, 0x0b, 0x88, 0x44, 0x11, 0x0c, 0x0b, 0x77, 0x44, 0x44, 0x0d, 0x0b, 0xee, 0xbb, 0x77,
  0x0e, 0x0b, 0xbb, 0x88, 0x44, 0x0f, 0x0b, 0x66, 0x22, 0x00, 0x10, 0x0b, 0x88, 0x77, 0x66, 0x11,
  0x0b, 0x88, 0x77, 0x66, 0x12, 0x0b, 0x55, 0x44, 0x33, 0x01, 0x0c, 0x33, 0x22, 0x11, 0x09, 0x0c,
  0x00, 0x00, 0x00, 0x0a, 0x0c, 0x00, 0x00, 0x00, 0x0b, 0x0c, 0x77, 0x44, 0x44, 0x0c, 0x0c, 0x00,
  0x00, 0x00, 0x0d, 0x0c, 0x88, 0x77, 0x66, 0x0e, 0x0c, 0x88, 0x77, 0x66, 0x0f, 0x0c, 0x55, 0x44,
  0x33, 0x10, 0x0c, 0x88, 0x77, 0x66, 0x11, 0x0c, 0x88, 0x77, 0x66, 0x12, 0x0c, 0x00, 0x00, 0x00,
  0x00, 0x0d, 0x33, 0x22, 0x11, 0x01, 0x0d, 0x00, 0x00, 0x00, 0x07, 0x0d, 0x00, 0x00, 0x00, 0x08,
  0x0d, 0x33, 0x22, 0x11, 0x09, 0x0d, 0x55, 0x33, 0x33, 0x0a, 0x0d, 0x00, 0x00, 0x00, 0x0e, 0x0d,
  0xbb, 0xbb, 0xaa, 0x0f, 0x0d, 0x00, 0x00, 0x00, 0x10, 0x0d, 0x00, 0x00, 0x00, 0x11, 0x0d, 0xbb,
  0xbb, 0xaa, 0x12, 0x0d, 0x33, 0x22, 0x11, 0x08, 0x0e, 0x00, 0x00, 0x00, 0x0d, 0x0e, 0x55, 0x33,
  0x33, 0x0e, 0x0e, 0x22, 0x33, 0x77, 0x0f, 0x0e, 0xbb, 0xbb, 0xaa, 0x10, 0x0e, 0xee, 0xee, 0xdd,
  0x11, 0x0e, 0x77, 0x44, 0x44, 0x12, 0x0e, 0x33, 0x22, 0x11, 0x13, 0x0e, 0x88, 0x77, 0x66, 0x0c,
  0x0f, 0x77, 0x44, 0x44, 0x0d, 0x0f, 0x77, 0x44, 0x44, 0x0e, 0x0f, 0x11, 0x11, 0x44, 0x0f, 0x0f,
  0xee, 0xee, 0xdd, 0x10, 0x0f, 0x77, 0x44, 0x44, 0x11, 0x0f, 0x77, 0x44, 0x44, 0x12, 0x0f, 0x33,
  0x22, 0x11, 0x13, 0x0f, 0x88, 0x77, 0x66, 0x0b, 0x10, 0x77, 0x44, 0x44, 0x0c, 0x10, 0x55, 0x33,
  0x33, 0x0d, 0x10, 0x33, 0x22, 0x11, 0x0e, 0x10, 0x11, 0x11, 0x44, 0x0f, 0x10, 0xbb, 0xbb, 0xaa,
  0x10, 0x10, 0x77, 0x44, 0x44, 0x11, 0x10, 0x55, 0x33, 0x33, 0x12, 0x10, 0x00, 0x00, 0x00, 0x13,
  0x10, 0x88, 0x77, 0x66, 0x0b, 0x11, 0x00, 0x00, 0x00, 0x0c, 0x11, 0x33, 0x22, 0x11, 0x0d, 0x11,
  0x33, 0x22, 0x11, 0x10, 0x11, 0x77, 0x44, 0x44, 0x11, 0x11, 0x55, 0x33, 0x33, 0x12, 0x11, 0x00,
  0x00, 0x00, 0x0b, 0x12, 0x00, 0x00, 0x00, 0x0c, 0x12, 0x00, 0x00, 0x00, 0x0d, 0x12, 0x55, 0x33,
  0x33, 0x10, 0x12, 0x00, 0x00, 0x00, 0x11, 0x12, 0x00, 0x00, 0x00, 0x12, 0x12, 0x33, 0x22, 0x11,
  0x0c, 0x13, 0x00, 0x00, 0x00, 0x0d, 0x13, 0x00, 0x00, 0x00, 0x0e, 0x13, 0x33, 0x22, 0x11, 0x11,
  0x13, 0x00, 0x00, 0x00, 0x12, 0x13, 0x00, 0x00, 0x00, 0x0d, 0x14, 0x00, 0x00, 0x00, 0x0e, 0x14,
  0x33, 0x22, 0x11, 0x11, 0x14, 0x00, 0x00, 0x00, 0x12, 0x14, 0x33, 0x22, 0x11, 0x13, 0x14, 0x66,
  0x22, 0x00, 0x0d, 0x15, 0xbb, 0x88, 0x44, 0x0e, 0x15, 0x11, 0x11, 0x44, 0x0f, 0x15, 0x88, 0x44,
  0x11, 0x12, 0x15, 0xbb, 0x88, 0x44, 0x13, 0x15, 0x66, 0x22, 0x00, 0x0c, 0x16, 0xbb, 0x88, 0x44,
  0x0d, 0x16, 0x88, 0x44, 0x11, 0x0e, 0x16, 0x00, 0x00, 0x00, 0x11, 0x16, 0xbb, 0x88, 0x44, 0x12,
  0x16, 0xbb, 0x88, 0x44, 0x13, 0x16, 0x00, 0x00, 0x00
};
static const KofSprite kStance_choi_0 PROGMEM = {
  .w = 20, .h = 23, .pixelCount = 133,
  .pixels = kStance_choi_0Pixels, .fmt = 5,
};

// choi 帧 1: 20×23, 126 pixels
static const uint8_t kStance_choi_1Pixels[] PROGMEM = {
  0x0a, 0x07, 0x55, 0x33, 0x33, 0x0b, 0x07, 0x55, 0x33, 0x33, 0x0c, 0x07, 0x00, 0x00, 0x00, 0x0a,
  0x08, 0x77, 0x44, 0x44, 0x0b, 0x08, 0x55, 0x33, 0x33, 0x0c, 0x08, 0x33, 0x22, 0x11, 0x0d, 0x08,
  0x00, 0x00, 0x00, 0x0e, 0x08, 0x00, 0x00, 0x00, 0x08, 0x09, 0x55, 0x33, 0x33, 0x09, 0x09, 0x55,
  0x33, 0x33, 0x0a, 0x09, 0x77, 0x44, 0x44, 0x0b, 0x09, 0x55, 0x33, 0x33, 0x0c, 0x09, 0x33, 0x22,
  0x11, 0x0d, 0x09, 0x11, 0x11, 0x44, 0x0e, 0x09, 0xff, 0xff, 0xff, 0x0f, 0x09, 0xee, 0xee, 0xdd,
  0x10, 0x09, 0xee, 0xee, 0xdd, 0x09, 0x0a, 0x00, 0x00, 0x00, 0x0a, 0x0a, 0x00, 0x00, 0x00, 0x0b,
  0x0a, 0xbb, 0x88, 0x44, 0x0c, 0x0a, 0x66, 0x22, 0x00, 0x0d, 0x0a, 0x22, 0x33, 0x77, 0x0e, 0x0a,
  0xee, 0xee, 0xdd, 0x0f, 0x0a, 0xbb, 0x88, 0x44, 0x10, 0x0a, 0xbb, 0x88, 0x44, 0x11, 0x0a, 0xbb,
  0xbb, 0xaa, 0x06, 0x0b, 0xee, 0xbb, 0x77, 0x07, 0x0b, 0xee, 0xbb, 0x77, 0x08, 0x0b, 0xbb, 0x88,
  0x44, 0x09, 0x0b, 0x66, 0x22, 0x00, 0x0a, 0x0b, 0x66, 0x22, 0x00, 0x0b, 0x0b, 0x88, 0x44, 0x11,
  0x0c, 0x0b, 0x88, 0x44, 0x11, 0x0d, 0x0b, 0x11, 0x11, 0x44, 0x0e, 0x0b, 0xee, 0xbb, 0x77, 0x0f,
  0x0b, 0xbb, 0x88, 0x44, 0x10, 0x0b, 0x88, 0x44, 0x11, 0x11, 0x0b, 0xbb, 0xbb, 0xaa, 0x03, 0x0c,
  0x55, 0x33, 0x33, 0x04, 0x0c, 0x33, 0x22, 0x11, 0x05, 0x0c, 0xbb, 0x88, 0x44, 0x08, 0x0c, 0x00,
  0x00, 0x00, 0x09, 0x0c, 0x00, 0x00, 0x00, 0x0a, 0x0c, 0x00, 0x00, 0x00, 0x0b, 0x0c, 0x77, 0x44,
  0x44, 0x0c, 0x0c, 0x33, 0x22, 0x11, 0x0d, 0x0c, 0x88, 0x44, 0x11, 0x0e, 0x0c, 0x55, 0x44, 0x33,
  0x0f, 0x0c, 0x00, 0x00, 0x00, 0x10, 0x0c, 0x88, 0x77, 0x66, 0x11, 0x0c, 0x88, 0x77, 0x66, 0x12,
  0x0c, 0x55, 0x44, 0x33, 0x01, 0x0d, 0x55, 0x33, 0x33, 0x02, 0x0d, 0x00, 0x00, 0x00, 0x03, 0x0d,
  0x00, 0x00, 0x00, 0x04, 0x0d, 0xbb, 0x88, 0x44, 0x08, 0x0d, 0x00, 0x00, 0x00, 0x0a, 0x0d, 0x00,
  0x00, 0x00, 0x0b, 0x0d, 0x77, 0x44, 0x44, 0x0d, 0x0d, 0x55, 0x44, 0x33, 0x0e, 0x0d, 0x11, 0x11,
  0x44, 0x0f, 0x0d, 0x88, 0x77, 0x66, 0x10, 0x0d, 0x55, 0x44, 0x33, 0x11, 0x0d, 0x00, 0x00, 0x00,
  0x12, 0x0d, 0x22, 0x33, 0x77, 0x00, 0x0e, 0x33, 0x22, 0x11, 0x01, 0x0e, 0x00, 0x00, 0x00, 0x02,
  0x0e, 0x55, 0x33, 0x33, 0x0a, 0x0e, 0x00, 0x00, 0x00, 0x0e, 0x0e, 0x22, 0x33, 0x77, 0x0f, 0x0e,
  0x00, 0x00, 0x00, 0x10, 0x0e, 0x00, 0x00, 0x00, 0x11, 0x0e, 0x22, 0x33, 0x77, 0x12, 0x0e, 0x33,
  0x22, 0x11, 0x01, 0x0f, 0x00, 0x00, 0x00, 0x02, 0x0f, 0x00, 0x00, 0x00, 0x09, 0x0f, 0x00, 0x00,
  0x00, 0x0d, 0x0f, 0x77, 0x44, 0x44, 0x0e, 0x0f, 0x22, 0x33, 0x77, 0x0f, 0x0f, 0x00, 0x00, 0x00,
  0x10, 0x0f, 0x22, 0x33, 0x77, 0x11, 0x0f, 0x77, 0x44, 0x44, 0x12, 0x0f, 0x33, 0x22, 0x11, 0x13,
  0x0f, 0x88, 0x77, 0x66, 0x0c, 0x10, 0x77, 0x44, 0x44, 0x0d, 0x10, 0x55, 0x33, 0x33, 0x0e, 0x10,
  0x33, 0x22, 0x11, 0x0f, 0x10, 0x55, 0x44, 0x33, 0x10, 0x10, 0x55, 0x33, 0x33, 0x11, 0x10, 0x55,
  0x33, 0x33, 0x12, 0x10, 0x00, 0x00, 0x00, 0x13, 0x10, 0x88, 0x77, 0x66, 0x0b, 0x11, 0x55, 0x33,
  0x33, 0x0c, 0x11, 0x55, 0x33, 0x33, 0x0d, 0x11, 0x00, 0x00, 0x00, 0x0f, 0x11, 0x11, 0x11, 0x44,
  0x10, 0x11, 0x77, 0x44, 0x44, 0x11, 0x11, 0x33, 0x22, 0x11, 0x12, 0x11, 0x00, 0x00, 0x00, 0x13,
  0x11, 0x11, 0x11, 0x44, 0x0b, 0x12, 0x00, 0x00, 0x00, 0x0c, 0x12, 0x00, 0x00, 0x00, 0x0d, 0x12,
  0x55, 0x33, 0x33, 0x10, 0x12, 0x00, 0x00, 0x00, 0x11, 0x12, 0x00, 0x00, 0x00, 0x12, 0x12, 0x33,
  0x22, 0x11, 0x0c, 0x13, 0x00, 0x00, 0x00, 0x0d, 0x13, 0x00, 0x00, 0x00, 0x0e, 0x13, 0x33, 0x22,
  0x11, 0x11, 0x13, 0x00, 0x00, 0x00, 0x12, 0x13, 0x00, 0x00, 0x00, 0x0d, 0x14, 0x00, 0x00, 0x00,
  0x0e, 0x14, 0x55, 0x33, 0x33, 0x11, 0x14, 0x00, 0x00, 0x00, 0x12, 0x14, 0x00, 0x00, 0x00, 0x0d,
  0x15, 0x88, 0x44, 0x11, 0x0e, 0x15, 0x11, 0x11, 0x44, 0x0f, 0x15, 0x88, 0x44, 0x11, 0x12, 0x15,
  0xbb, 0x88, 0x44, 0x13, 0x15, 0x66, 0x22, 0x00, 0x0c, 0x16, 0xbb, 0x88, 0x44, 0x0d, 0x16, 0x88,
  0x44, 0x11, 0x0e, 0x16, 0x00, 0x00, 0x00, 0x11, 0x16, 0xbb, 0x88, 0x44, 0x12, 0x16, 0xbb, 0x88,
  0x44, 0x13, 0x16, 0x00, 0x00, 0x00
};
static const KofSprite kStance_choi_1 PROGMEM = {
  .w = 20, .h = 23, .pixelCount = 126,
  .pixels = kStance_choi_1Pixels, .fmt = 5,
};

// choi 帧 2: 20×23, 121 pixels
static const uint8_t kStance_choi_2Pixels[] PROGMEM = {
  0x0a, 0x08, 0x55, 0x33, 0x33, 0x0b, 0x08, 0x55, 0x33, 0x33, 0x0c, 0x08, 0x00, 0x00, 0x00, 0x0a,
  0x09, 0x77, 0x44, 0x44, 0x0b, 0x09, 0x55, 0x33, 0x33, 0x0c, 0x09, 0x33, 0x22, 0x11, 0x0d, 0x09,
  0x00, 0x00, 0x00, 0x0e, 0x09, 0x00, 0x00, 0x00, 0x09, 0x0a, 0x55, 0x33, 0x33, 0x0a, 0x0a, 0x77,
  0x44, 0x44, 0x0b, 0x0a, 0x55, 0x33, 0x33, 0x0c, 0x0a, 0x33, 0x22, 0x11, 0x0d, 0x0a, 0x11, 0x11,
  0x44, 0x0e, 0x0a, 0xbb, 0xbb, 0xaa, 0x0f, 0x0a, 0xbb, 0xbb, 0xaa, 0x10, 0x0a, 0xee, 0xee, 0xdd,
  0x08, 0x0b, 0xbb, 0x88, 0x44, 0x09, 0x0b, 0xee, 0xbb, 0x77, 0x0a, 0x0b, 0xee, 0xbb, 0x77, 0x0b,
  0x0b, 0xee, 0xbb, 0x77, 0x0c, 0x0b, 0x88, 0x44, 0x11, 0x0d, 0x0b, 0x22, 0x33, 0x77, 0x0e, 0x0b,
  0xee, 0xee, 0xdd, 0x0f, 0x0b, 0xbb, 0x88, 0x44, 0x10, 0x0b, 0x88, 0x44, 0x11, 0x11, 0x0b, 0xee,
  0xee, 0xdd, 0x06, 0x0c, 0xbb, 0x88, 0x44, 0x07, 0x0c, 0xbb, 0x88, 0x44, 0x08, 0x0c, 0x88, 0x44,
  0x11, 0x09, 0x0c, 0x66, 0x22, 0x00, 0x0b, 0x0c, 0x55, 0x33, 0x33, 0x0c, 0x0c, 0x88, 0x44, 0x11,
  0x0d, 0x0c, 0xee, 0xbb, 0x77, 0x0e, 0x0c, 0xbb, 0x88, 0x44, 0x0f, 0x0c, 0xbb, 0x88, 0x44, 0x10,
  0x0c, 0x88, 0x44, 0x11, 0x11, 0x0c, 0x88, 0x77, 0x66, 0x01, 0x0d, 0x33, 0x22, 0x11, 0x02, 0x0d,
  0x00, 0x00, 0x00, 0x03, 0x0d, 0x00, 0x00, 0x00, 0x04, 0x0d, 0x77, 0x44, 0x44, 0x05, 0x0d, 0x00,
  0x00, 0x00, 0x06, 0x0d, 0x00, 0x00, 0x00, 0x08, 0x0d, 0x55, 0x33, 0x33, 0x09, 0x0d, 0x00, 0x00,
  0x00, 0x0a, 0x0d, 0x77, 0x44, 0x44, 0x0b, 0x0d, 0x88, 0x44, 0x11, 0x0d, 0x0d, 0x88, 0x77, 0x66,
  0x0e, 0x0d, 0x88, 0x77, 0x66, 0x0f, 0x0d, 0x88, 0x77, 0x66, 0x10, 0x0d, 0x88, 0x77, 0x66, 0x11,
  0x0d, 0x88, 0x77, 0x66, 0x12, 0x0d, 0x00, 0x00, 0x00, 0x01, 0x0e, 0x00, 0x00, 0x00, 0x02, 0x0e,
  0x00, 0x00, 0x00, 0x04, 0x0e, 0xee, 0xbb, 0x77, 0x08, 0x0e, 0x55, 0x33, 0x33, 0x0e, 0x0e, 0x88,
  0x77, 0x66, 0x0f, 0x0e, 0x88, 0x77, 0x66, 0x10, 0x0e, 0x88, 0x77, 0x66, 0x11, 0x0e, 0x00, 0x00,
  0x00, 0x12, 0x0e, 0x00, 0x00, 0x00, 0x00, 0x0f, 0x33, 0x22, 0x11, 0x01, 0x0f, 0x33, 0x22, 0x11,
  0x02, 0x0f, 0x00, 0x00, 0x00, 0x08, 0x0f, 0x00, 0x00, 0x00, 0x0e, 0x0f, 0x11, 0x11, 0x44, 0x0f,
  0x0f, 0x00, 0x00, 0x00, 0x10, 0x0f, 0x00, 0x00, 0x00, 0x11, 0x0f, 0x22, 0x33, 0x77, 0x12, 0x0f,
  0x00, 0x00, 0x00, 0x01, 0x10, 0x33, 0x22, 0x11, 0x07, 0x10, 0x00, 0x00, 0x00, 0x09, 0x10, 0x33,
  0x22, 0x11, 0x0c, 0x10, 0x55, 0x33, 0x33, 0x0d, 0x10, 0x77, 0x44, 0x44, 0x0e, 0x10, 0x22, 0x33,
  0x77, 0x0f, 0x10, 0x00, 0x00, 0x00, 0x10, 0x10, 0xbb, 0xbb, 0xaa, 0x11, 0x10, 0x77, 0x44, 0x44,
  0x12, 0x10, 0x33, 0x22, 0x11, 0x13, 0x10, 0x88, 0x77, 0x66, 0x09, 0x11, 0x00, 0x00, 0x00, 0x0b,
  0x11, 0x77, 0x44, 0x44, 0x0c, 0x11, 0x55, 0x33, 0x33, 0x0d, 0x11, 0x33, 0x22, 0x11, 0x0e, 0x11,
  0x33, 0x22, 0x11, 0x0f, 0x11, 0x00, 0x00, 0x00, 0x10, 0x11, 0x77, 0x44, 0x44, 0x11, 0x11, 0x55,
  0x33, 0x33, 0x12, 0x11, 0x00, 0x00, 0x00, 0x13, 0x11, 0x88, 0x77, 0x66, 0x0b, 0x12, 0x33, 0x22,
  0x11, 0x0c, 0x12, 0x55, 0x33, 0x33, 0x0d, 0x12, 0x00, 0x00, 0x00, 0x0f, 0x12, 0x00, 0x00, 0x00,
  0x10, 0x12, 0x77, 0x44, 0x44, 0x11, 0x12, 0x33, 0x22, 0x11, 0x12, 0x12, 0x55, 0x44, 0x33, 0x13,
  0x12, 0x11, 0x11, 0x44, 0x0c, 0x13, 0x00, 0x00, 0x00, 0x0d, 0x13, 0x00, 0x00, 0x00, 0x0f, 0x13,
  0x00, 0x00, 0x00, 0x10, 0x13, 0x00, 0x00, 0x00, 0x11, 0x13, 0x00, 0x00, 0x00, 0x12, 0x13, 0x00,
  0x00, 0x00, 0x0c, 0x14, 0x00, 0x00, 0x00, 0x0d, 0x14, 0x33, 0x22, 0x11, 0x0e, 0x14, 0x00, 0x00,
  0x00, 0x11, 0x14, 0x00, 0x00, 0x00, 0x12, 0x14, 0x00, 0x00, 0x00, 0x0d, 0x15, 0x00, 0x00, 0x00,
  0x0e, 0x15, 0x11, 0x11, 0x44, 0x0f, 0x15, 0x66, 0x22, 0x00, 0x12, 0x15, 0x33, 0x22, 0x11, 0x13,
  0x15, 0x66, 0x22, 0x00, 0x0c, 0x16, 0xbb, 0x88, 0x44, 0x0d, 0x16, 0xbb, 0x88, 0x44, 0x0e, 0x16,
  0x66, 0x22, 0x00, 0x12, 0x16, 0x88, 0x44, 0x11, 0x13, 0x16, 0x00, 0x00, 0x00
};
static const KofSprite kStance_choi_2 PROGMEM = {
  .w = 20, .h = 23, .pixelCount = 121,
  .pixels = kStance_choi_2Pixels, .fmt = 5,
};

// choi 帧 3: 20×23, 141 pixels
static const uint8_t kStance_choi_3Pixels[] PROGMEM = {
  0x09, 0x07, 0x55, 0x33, 0x33, 0x0a, 0x07, 0x55, 0x33, 0x33, 0x0b, 0x07, 0x33, 0x22, 0x11, 0x0c,
  0x07, 0x00, 0x00, 0x00, 0x0d, 0x07, 0x00, 0x00, 0x00, 0x08, 0x08, 0x33, 0x22, 0x11, 0x09, 0x08,
  0x22, 0x33, 0x77, 0x0a, 0x08, 0x22, 0x33, 0x77, 0x0b, 0x08, 0x22, 0x33, 0x77, 0x0c, 0x08, 0x11,
  0x11, 0x44, 0x0d, 0x08, 0x00, 0x00, 0x00, 0x0e, 0x08, 0xee, 0xee, 0xdd, 0x0f, 0x08, 0xee, 0xee,
  0xdd, 0x08, 0x09, 0x77, 0x44, 0x44, 0x09, 0x09, 0x77, 0x44, 0x44, 0x0a, 0x09, 0x55, 0x33, 0x33,
  0x0b, 0x09, 0x66, 0x22, 0x00, 0x0c, 0x09, 0xbb, 0x88, 0x44, 0x0d, 0x09, 0x22, 0x33, 0x77, 0x0e,
  0x09, 0xbb, 0x88, 0x44, 0x0f, 0x09, 0xbb, 0x88, 0x44, 0x10, 0x09, 0xbb, 0xbb, 0xaa, 0x08, 0x0a,
  0xee, 0xbb, 0x77, 0x09, 0x0a, 0xbb, 0x88, 0x44, 0x0a, 0x0a, 0xee, 0xbb, 0x77, 0x0b, 0x0a, 0x88,
  0x44, 0x11, 0x0c, 0x0a, 0x66, 0x22, 0x00, 0x0d, 0x0a, 0x11, 0x11, 0x44, 0x0e, 0x0a, 0xee, 0xbb,
  0x77, 0x0f, 0x0a, 0x66, 0x22, 0x00, 0x10, 0x0a, 0xee, 0xee, 0xdd, 0x11, 0x0a, 0xee, 0xee, 0xdd,
  0x02, 0x0b, 0x00, 0x00, 0x00, 0x03, 0x0b, 0x00, 0x00, 0x00, 0x04, 0x0b, 0x77, 0x44, 0x44, 0x05,
  0x0b, 0x77, 0x44, 0x44, 0x06, 0x0b, 0x00, 0x00, 0x00, 0x07, 0x0b, 0x00, 0x00, 0x00, 0x0a, 0x0b,
  0xbb, 0x88, 0x44, 0x0b, 0x0b, 0xee, 0xbb, 0x77, 0x0c, 0x0b, 0xbb, 0x88, 0x44, 0x0d, 0x0b, 0xbb,
  0x88, 0x44, 0x0e, 0x0b, 0x88, 0x44, 0x11, 0x0f, 0x0b, 0x00, 0x00, 0x00, 0x10, 0x0b, 0x88, 0x77,
  0x66, 0x11, 0x0b, 0x88, 0x77, 0x66, 0x12, 0x0b, 0x88, 0x77, 0x66, 0x00, 0x0c, 0x00, 0x00, 0x00,
  0x01, 0x0c, 0x00, 0x00, 0x00, 0x02, 0x0c, 0x33, 0x22, 0x11, 0x03, 0x0c, 0x00, 0x00, 0x00, 0x06,
  0x0c, 0xbb, 0x88, 0x44, 0x07, 0x0c, 0x77, 0x44, 0x44, 0x08, 0x0c, 0x55, 0x33, 0x33, 0x09, 0x0c,
  0x00, 0x00, 0x00, 0x0a, 0x0c, 0x88, 0x44, 0x11, 0x0b, 0x0c, 0x66, 0x22, 0x00, 0x0c, 0x0c, 0x88,
  0x77, 0x66, 0x0d, 0x0c, 0x88, 0x77, 0x66, 0x0e, 0x0c, 0x55, 0x44, 0x33, 0x0f, 0x0c, 0x88, 0x77,
  0x66, 0x10, 0x0c, 0x88, 0x77, 0x66, 0x11, 0x0c, 0x88, 0x77, 0x66, 0x12, 0x0c, 0x88, 0x77, 0x66,
  0x05, 0x0d, 0x00, 0x00, 0x00, 0x06, 0x0d, 0x00, 0x00, 0x00, 0x07, 0x0d, 0x00, 0x00, 0x00, 0x08,
  0x0d, 0x88, 0x44, 0x11, 0x0d, 0x0d, 0x55, 0x44, 0x33, 0x0e, 0x0d, 0x88, 0x77, 0x66, 0x0f, 0x0d,
  0x88, 0x77, 0x66, 0x10, 0x0d, 0x88, 0x77, 0x66, 0x11, 0x0d, 0x00, 0x00, 0x00, 0x12, 0x0d, 0x00,
  0x00, 0x00, 0x13, 0x0d, 0x88, 0x77, 0x66, 0x05, 0x0e, 0x55, 0x33, 0x33, 0x06, 0x0e, 0x00, 0x00,
  0x00, 0x07, 0x0e, 0x55, 0x33, 0x33, 0x0c, 0x0e, 0x55, 0x33, 0x33, 0x0d, 0x0e, 0x77, 0x44, 0x44,
  0x0e, 0x0e, 0xee, 0xee, 0xdd, 0x0f, 0x0e, 0xbb, 0xbb, 0xaa, 0x10, 0x0e, 0x00, 0x00, 0x00, 0x11,
  0x0e, 0x77, 0x44, 0x44, 0x12, 0x0e, 0x55, 0x33, 0x33, 0x13, 0x0e, 0x11, 0x11, 0x44, 0x07, 0x0f,
  0x33, 0x22, 0x11, 0x0b, 0x0f, 0x77, 0x44, 0x44, 0x0c, 0x0f, 0x77, 0x44, 0x44, 0x0d, 0x0f, 0x55,
  0x33, 0x33, 0x0e, 0x0f, 0x22, 0x33, 0x77, 0x0f, 0x0f, 0xbb, 0xbb, 0xaa, 0x10, 0x0f, 0x22, 0x33,
  0x77, 0x11, 0x0f, 0x55, 0x33, 0x33, 0x12, 0x0f, 0x33, 0x22, 0x11, 0x13, 0x0f, 0x11, 0x11, 0x44,
  0x0a, 0x10, 0x77, 0x44, 0x44, 0x0b, 0x10, 0x55, 0x33, 0x33, 0x0c, 0x10, 0x33, 0x22, 0x11, 0x0d,
  0x10, 0x00, 0x00, 0x00, 0x0e, 0x10, 0x11, 0x11, 0x44, 0x0f, 0x10, 0xee, 0xee, 0xdd, 0x10, 0x10,
  0x77, 0x44, 0x44, 0x11, 0x10, 0x55, 0x33, 0x33, 0x12, 0x10, 0x00, 0x00, 0x00, 0x13, 0x10, 0x11,
  0x11, 0x44, 0x0a, 0x11, 0x00, 0x00, 0x00, 0x0b, 0x11, 0x00, 0x00, 0x00, 0x0c, 0x11, 0x00, 0x00,
  0x00, 0x0e, 0x11, 0x11, 0x11, 0x44, 0x0f, 0x11, 0x55, 0x33, 0x33, 0x10, 0x11, 0x77, 0x44, 0x44,
  0x11, 0x11, 0x55, 0x33, 0x33, 0x12, 0x11, 0x00, 0x00, 0x00, 0x13, 0x11, 0x11, 0x11, 0x44, 0x0b,
  0x12, 0x00, 0x00, 0x00, 0x0c, 0x12, 0x00, 0x00, 0x00, 0x0d, 0x12, 0x33, 0x22, 0x11, 0x10, 0x12,
  0x00, 0x00, 0x00, 0x11, 0x12, 0x00, 0x00, 0x00, 0x12, 0x12, 0x33, 0x22, 0x11, 0x0c, 0x13, 0x00,
  0x00, 0x00, 0x0d, 0x13, 0x00, 0x00, 0x00, 0x0e, 0x13, 0x33, 0x22, 0x11, 0x11, 0x13, 0x00, 0x00,
  0x00, 0x12, 0x13, 0x00, 0x00, 0x00, 0x13, 0x13, 0x00, 0x00, 0x00, 0x0d, 0x14, 0x00, 0x00, 0x00,
  0x0e, 0x14, 0x66, 0x22, 0x00, 0x11, 0x14, 0x00, 0x00, 0x00, 0x12, 0x14, 0x00, 0x00, 0x00, 0x13,
  0x14, 0x66, 0x22, 0x00, 0x0c, 0x15, 0x88, 0x44, 0x11, 0x0d, 0x15, 0xbb, 0x88, 0x44, 0x0e, 0x15,
  0x66, 0x22, 0x00, 0x12, 0x15, 0xbb, 0x88, 0x44, 0x13, 0x15, 0x66, 0x22, 0x00, 0x0c, 0x16, 0x55,
  0x33, 0x33, 0x0d, 0x16, 0x00, 0x00, 0x00, 0x11, 0x16, 0xbb, 0x88, 0x44, 0x12, 0x16, 0xbb, 0x88,
  0x44
};
static const KofSprite kStance_choi_3 PROGMEM = {
  .w = 20, .h = 23, .pixelCount = 141,
  .pixels = kStance_choi_3Pixels, .fmt = 5,
};

// choi 帧 4: 20×23, 143 pixels
static const uint8_t kStance_choi_4Pixels[] PROGMEM = {
  0x09, 0x06, 0x77, 0x44, 0x44, 0x0a, 0x06, 0x55, 0x33, 0x33, 0x0b, 0x06, 0x00, 0x00, 0x00, 0x09,
  0x07, 0x77, 0x44, 0x44, 0x0a, 0x07, 0x55, 0x33, 0x33, 0x0b, 0x07, 0x33, 0x22, 0x11, 0x0c, 0x07,
  0x11, 0x11, 0x44, 0x08, 0x08, 0x55, 0x33, 0x33, 0x09, 0x08, 0x22, 0x33, 0x77, 0x0a, 0x08, 0x22,
  0x33, 0x77, 0x0b, 0x08, 0x33, 0x22, 0x11, 0x0c, 0x08, 0x33, 0x22, 0x11, 0x0d, 0x08, 0x33, 0x22,
  0x11, 0x0e, 0x08, 0xff, 0xff, 0xff, 0x0f, 0x08, 0xbb, 0xbb, 0xaa, 0x10, 0x08, 0xee, 0xee, 0xdd,
  0x07, 0x09, 0x55, 0x33, 0x33, 0x08, 0x09, 0x77, 0x44, 0x44, 0x09, 0x09, 0x77, 0x44, 0x44, 0x0a,
  0x09, 0x55, 0x33, 0x33, 0x0b, 0x09, 0x66, 0x22, 0x00, 0x0c, 0x09, 0x66, 0x22, 0x00, 0x0d, 0x09,
  0xbb, 0xbb, 0xaa, 0x0e, 0x09, 0xee, 0xbb, 0x77, 0x0f, 0x09, 0xbb, 0xbb, 0xaa, 0x10, 0x09, 0xee,
  0xee, 0xdd, 0x01, 0x0a, 0x33, 0x22, 0x11, 0x02, 0x0a, 0x55, 0x33, 0x33, 0x03, 0x0a, 0x00, 0x00,
  0x00, 0x04, 0x0a, 0x00, 0x00, 0x00, 0x05, 0x0a, 0x00, 0x00, 0x00, 0x06, 0x0a, 0x00, 0x00, 0x00,
  0x07, 0x0a, 0x33, 0x22, 0x11, 0x09, 0x0a, 0x66, 0x22, 0x00, 0x0a, 0x0a, 0x88, 0x44, 0x11, 0x0b,
  0x0a, 0x88, 0x44, 0x11, 0x0c, 0x0a, 0x88, 0x44, 0x11, 0x0d, 0x0a, 0xee, 0xbb, 0x77, 0x0e, 0x0a,
  0xbb, 0x88, 0x44, 0x0f, 0x0a, 0x66, 0x22, 0x00, 0x10, 0x0a, 0x55, 0x44, 0x33, 0x11, 0x0a, 0xbb,
  0xbb, 0xaa, 0x00, 0x0b, 0x00, 0x00, 0x00, 0x01, 0x0b, 0x00, 0x00, 0x00, 0x02, 0x0b, 0x55, 0x33,
  0x33, 0x06, 0x0b, 0xbb, 0x88, 0x44, 0x0a, 0x0b, 0xbb, 0x88, 0x44, 0x0b, 0x0b, 0xee, 0xbb, 0x77,
  0x0c, 0x0b, 0x88, 0x44, 0x11, 0x0d, 0x0b, 0x88, 0x44, 0x11, 0x0e, 0x0b, 0x00, 0x00, 0x00, 0x0f,
  0x0b, 0x88, 0x77, 0x66, 0x10, 0x0b, 0x88, 0x77, 0x66, 0x11, 0x0b, 0x88, 0x77, 0x66, 0x12, 0x0b,
  0x55, 0x44, 0x33, 0x01, 0x0c, 0x00, 0x00, 0x00, 0x07, 0x0c, 0x00, 0x00, 0x00, 0x08, 0x0c, 0x55,
  0x33, 0x33, 0x09, 0x0c, 0x88, 0x44, 0x11, 0x0a, 0x0c, 0x66, 0x22, 0x00, 0x0b, 0x0c, 0x66, 0x22,
  0x00, 0x0c, 0x0c, 0x55, 0x44, 0x33, 0x0d, 0x0c, 0x88, 0x77, 0x66, 0x0e, 0x0c, 0x88, 0x77, 0x66,
  0x0f, 0x0c, 0x55, 0x44, 0x33, 0x10, 0x0c, 0x88, 0x77, 0x66, 0x11, 0x0c, 0x55, 0x44, 0x33, 0x12,
  0x0c, 0x00, 0x00, 0x00, 0x05, 0x0d, 0x77, 0x44, 0x44, 0x06, 0x0d, 0x77, 0x44, 0x44, 0x07, 0x0d,
  0x00, 0x00, 0x00, 0x08, 0x0d, 0x33, 0x22, 0x11, 0x0e, 0x0d, 0x55, 0x44, 0x33, 0x0f, 0x0d, 0x88,
  0x77, 0x66, 0x10, 0x0d, 0x00, 0x00, 0x00, 0x11, 0x0d, 0x22, 0x33, 0x77, 0x12, 0x0d, 0x22, 0x33,
  0x77, 0x05, 0x0e, 0x00, 0x00, 0x00, 0x0c, 0x0e, 0x55, 0x33, 0x33, 0x0d, 0x0e, 0x77, 0x44, 0x44,
  0x0e, 0x0e, 0xee, 0xee, 0xdd, 0x0f, 0x0e, 0xee, 0xee, 0xdd, 0x10, 0x0e, 0x22, 0x33, 0x77, 0x11,
  0x0e, 0x55, 0x33, 0x33, 0x12, 0x0e, 0x33, 0x22, 0x11, 0x13, 0x0e, 0x88, 0x77, 0x66, 0x05, 0x0f,
  0x00, 0x00, 0x00, 0x0b, 0x0f, 0x77, 0x44, 0x44, 0x0c, 0x0f, 0x55, 0x33, 0x33, 0x0d, 0x0f, 0x55,
  0x33, 0x33, 0x0e, 0x0f, 0x88, 0x77, 0x66, 0x0f, 0x0f, 0xbb, 0xbb, 0xaa, 0x10, 0x0f, 0x77, 0x44,
  0x44, 0x11, 0x0f, 0x55, 0x33, 0x33, 0x12, 0x0f, 0x33, 0x22, 0x11, 0x13, 0x0f, 0x88, 0x77, 0x66,
  0x04, 0x10, 0x00, 0x00, 0x00, 0x0a, 0x10, 0x77, 0x44, 0x44, 0x0b, 0x10, 0x33, 0x22, 0x11, 0x0c,
  0x10, 0x33, 0x22, 0x11, 0x0d, 0x10, 0x00, 0x00, 0x00, 0x0e, 0x10, 0x00, 0x00, 0x00, 0x0f, 0x10,
  0x55, 0x33, 0x33, 0x10, 0x10, 0x77, 0x44, 0x44, 0x11, 0x10, 0x33, 0x22, 0x11, 0x12, 0x10, 0x00,
  0x00, 0x00, 0x13, 0x10, 0x88, 0x77, 0x66, 0x0a, 0x11, 0x00, 0x00, 0x00, 0x0b, 0x11, 0x33, 0x22,
  0x11, 0x0c, 0x11, 0x33, 0x22, 0x11, 0x0e, 0x11, 0x00, 0x00, 0x00, 0x0f, 0x11, 0x55, 0x33, 0x33,
  0x10, 0x11, 0x77, 0x44, 0x44, 0x11, 0x11, 0x55, 0x33, 0x33, 0x12, 0x11, 0x00, 0x00, 0x00, 0x13,
  0x11, 0x11, 0x11, 0x44, 0x0b, 0x12, 0x00, 0x00, 0x00, 0x0c, 0x12, 0x33, 0x22, 0x11, 0x0d, 0x12,
  0x00, 0x00, 0x00, 0x10, 0x12, 0x00, 0x00, 0x00, 0x11, 0x12, 0x00, 0x00, 0x00, 0x12, 0x12, 0x33,
  0x22, 0x11, 0x0b, 0x13, 0x00, 0x00, 0x00, 0x0c, 0x13, 0x00, 0x00, 0x00, 0x0d, 0x13, 0x33, 0x22,
  0x11, 0x0e, 0x13, 0x00, 0x00, 0x00, 0x11, 0x13, 0x00, 0x00, 0x00, 0x12, 0x13, 0x00, 0x00, 0x00,
  0x0c, 0x14, 0x00, 0x00, 0x00, 0x0d, 0x14, 0x11, 0x11, 0x44, 0x0e, 0x14, 0x88, 0x44, 0x11, 0x11,
  0x14, 0x00, 0x00, 0x00, 0x12, 0x14, 0x33, 0x22, 0x11, 0x13, 0x14, 0x66, 0x22, 0x00, 0x0c, 0x15,
  0x88, 0x44, 0x11, 0x0d, 0x15, 0x66, 0x22, 0x00, 0x0e, 0x15, 0x66, 0x22, 0x00, 0x12, 0x15, 0x88,
  0x44, 0x11, 0x13, 0x15, 0x00, 0x00, 0x00, 0x0b, 0x16, 0x33, 0x22, 0x11, 0x0c, 0x16, 0x33, 0x22,
  0x11, 0x11, 0x16, 0xbb, 0x88, 0x44, 0x12, 0x16, 0xbb, 0x88, 0x44
};
static const KofSprite kStance_choi_4 PROGMEM = {
  .w = 20, .h = 23, .pixelCount = 143,
  .pixels = kStance_choi_4Pixels, .fmt = 5,
};

// choi 帧 5: 20×23, 137 pixels
static const uint8_t kStance_choi_5Pixels[] PROGMEM = {
  0x0a, 0x06, 0x55, 0x33, 0x33, 0x0b, 0x06, 0x33, 0x22, 0x11, 0x09, 0x07, 0x55, 0x33, 0x33, 0x0a,
  0x07, 0x55, 0x33, 0x33, 0x0b, 0x07, 0x33, 0x22, 0x11, 0x0c, 0x07, 0x00, 0x00, 0x00, 0x0d, 0x07,
  0x00, 0x00, 0x00, 0x08, 0x08, 0x55, 0x33, 0x33, 0x09, 0x08, 0x77, 0x44, 0x44, 0x0a, 0x08, 0x22,
  0x33, 0x77, 0x0b, 0x08, 0x22, 0x33, 0x77, 0x0c, 0x08, 0x33, 0x22, 0x11, 0x0d, 0x08, 0x33, 0x22,
  0x11, 0x0e, 0x08, 0xee, 0xee, 0xdd, 0x0f, 0x08, 0xbb, 0xbb, 0xaa, 0x07, 0x09, 0xee, 0xbb, 0x77,
  0x08, 0x09, 0xbb, 0x88, 0x44, 0x09, 0x09, 0x00, 0x00, 0x00, 0x0a, 0x09, 0x00, 0x00, 0x00, 0x0b,
  0x09, 0xbb, 0x88, 0x44, 0x0c, 0x09, 0xbb, 0x88, 0x44, 0x0d, 0x09, 0xff, 0xff, 0xff, 0x0e, 0x09,
  0xee, 0xee, 0xdd, 0x0f, 0x09, 0xbb, 0x88, 0x44, 0x10, 0x09, 0xbb, 0xbb, 0xaa, 0x11, 0x09, 0xbb,
  0xbb, 0xaa, 0x02, 0x0a, 0x55, 0x33, 0x33, 0x03, 0x0a, 0x00, 0x00, 0x00, 0x04, 0x0a, 0x00, 0x00,
  0x00, 0x05, 0x0a, 0x00, 0x00, 0x00, 0x06, 0x0a, 0x00, 0x00, 0x00, 0x07, 0x0a, 0x66, 0x22, 0x00,
  0x09, 0x0a, 0xee, 0xbb, 0x77, 0x0a, 0x0a, 0xbb, 0x88, 0x44, 0x0b, 0x0a, 0x88, 0x44, 0x11, 0x0c,
  0x0a, 0x66, 0x22, 0x00, 0x0d, 0x0a, 0xee, 0xee, 0xdd, 0x0e, 0x0a, 0xbb, 0x88, 0x44, 0x0f, 0x0a,
  0xbb, 0x88, 0x44, 0x10, 0x0a, 0xbb, 0xbb, 0xaa, 0x11, 0x0a, 0xbb, 0xbb, 0xaa, 0x01, 0x0b, 0x00,
  0x00, 0x00, 0x02, 0x0b, 0x00, 0x00, 0x00, 0x0a, 0x0b, 0xbb, 0x88, 0x44, 0x0b, 0x0b, 0x88, 0x44,
  0x11, 0x0c, 0x0b, 0xbb, 0x88, 0x44, 0x0d, 0x0b, 0xbb, 0x88, 0x44, 0x0e, 0x0b, 0x88, 0x44, 0x11,
  0x0f, 0x0b, 0x00, 0x00, 0x00, 0x10, 0x0b, 0x55, 0x44, 0x33, 0x11, 0x0b, 0x88, 0x77, 0x66, 0x12,
  0x0b, 0x55, 0x44, 0x33, 0x01, 0x0c, 0x00, 0x00, 0x00, 0x02, 0x0c, 0x33, 0x22, 0x11, 0x08, 0x0c,
  0x33, 0x22, 0x11, 0x09, 0x0c, 0x77, 0x44, 0x44, 0x0a, 0x0c, 0xbb, 0x88, 0x44, 0x0b, 0x0c, 0x88,
  0x44, 0x11, 0x0c, 0x0c, 0x88, 0x44, 0x11, 0x0d, 0x0c, 0x66, 0x22, 0x00, 0x0e, 0x0c, 0x88, 0x77,
  0x66, 0x0f, 0x0c, 0x55, 0x44, 0x33, 0x10, 0x0c, 0x88, 0x77, 0x66, 0x11, 0x0c, 0x88, 0x77, 0x66,
  0x12, 0x0c, 0x00, 0x00, 0x00, 0x02, 0x0d, 0x33, 0x22, 0x11, 0x06, 0x0d, 0x00, 0x00, 0x00, 0x07,
  0x0d, 0x00, 0x00, 0x00, 0x08, 0x0d, 0x00, 0x00, 0x00, 0x09, 0x0d, 0x00, 0x00, 0x00, 0x0e, 0x0d,
  0x55, 0x44, 0x33, 0x0f, 0x0d, 0x55, 0x44, 0x33, 0x10, 0x0d, 0x00, 0x00, 0x00, 0x11, 0x0d, 0xbb,
  0xbb, 0xaa, 0x12, 0x0d, 0x33, 0x22, 0x11, 0x05, 0x0e, 0x00, 0x00, 0x00, 0x06, 0x0e, 0x00, 0x00,
  0x00, 0x0d, 0x0e, 0x55, 0x33, 0x33, 0x0e, 0x0e, 0x22, 0x33, 0x77, 0x0f, 0x0e, 0xbb, 0xbb, 0xaa,
  0x10, 0x0e, 0xee, 0xee, 0xdd, 0x11, 0x0e, 0x77, 0x44, 0x44, 0x12, 0x0e, 0x33, 0x22, 0x11, 0x13,
  0x0e, 0x88, 0x77, 0x66, 0x04, 0x0f, 0x00, 0x00, 0x00, 0x05, 0x0f, 0x00, 0x00, 0x00, 0x0c, 0x0f,
  0x77, 0x44, 0x44, 0x0d, 0x0f, 0x55, 0x33, 0x33, 0x0e, 0x0f, 0x11, 0x11, 0x44, 0x0f, 0x0f, 0xee,
  0xee, 0xdd, 0x10, 0x0f, 0x77, 0x44, 0x44, 0x11, 0x0f, 0x55, 0x33, 0x33, 0x12, 0x0f, 0x33, 0x22,
  0x11, 0x13, 0x0f, 0x88, 0x77, 0x66, 0x0b, 0x10, 0x77, 0x44, 0x44, 0x0c, 0x10, 0x55, 0x33, 0x33,
  0x0d, 0x10, 0x33, 0x22, 0x11, 0x0e, 0x10, 0x11, 0x11, 0x44, 0x0f, 0x10, 0xbb, 0xbb, 0xaa, 0x10,
  0x10, 0x77, 0x44, 0x44, 0x11, 0x10, 0x55, 0x33, 0x33, 0x12, 0x10, 0x00, 0x00, 0x00, 0x13, 0x10,
  0x88, 0x77, 0x66, 0x0a, 0x11, 0x33, 0x22, 0x11, 0x0b, 0x11, 0x33, 0x22, 0x11, 0x0c, 0x11, 0x00,
  0x00, 0x00, 0x0f, 0x11, 0x22, 0x33, 0x77, 0x10, 0x11, 0x77, 0x44, 0x44, 0x11, 0x11, 0x55, 0x33,
  0x33, 0x12, 0x11, 0x00, 0x00, 0x00, 0x0b, 0x12, 0x00, 0x00, 0x00, 0x0c, 0x12, 0x00, 0x00, 0x00,
  0x0d, 0x12, 0x00, 0x00, 0x00, 0x10, 0x12, 0x00, 0x00, 0x00, 0x11, 0x12, 0x00, 0x00, 0x00, 0x12,
  0x12, 0x00, 0x00, 0x00, 0x0c, 0x13, 0x00, 0x00, 0x00, 0x0d, 0x13, 0x33, 0x22, 0x11, 0x0e, 0x13,
  0x00, 0x00, 0x00, 0x11, 0x13, 0x00, 0x00, 0x00, 0x12, 0x13, 0x00, 0x00, 0x00, 0x0d, 0x14, 0x33,
  0x22, 0x11, 0x0e, 0x14, 0x11, 0x11, 0x44, 0x11, 0x14, 0x00, 0x00, 0x00, 0x12, 0x14, 0x33, 0x22,
  0x11, 0x13, 0x14, 0x66, 0x22, 0x00, 0x0c, 0x15, 0x88, 0x44, 0x11, 0x0d, 0x15, 0xbb, 0x88, 0x44,
  0x0e, 0x15, 0x66, 0x22, 0x00, 0x12, 0x15, 0xbb, 0x88, 0x44, 0x13, 0x15, 0x66, 0x22, 0x00, 0x0c,
  0x16, 0xbb, 0x88, 0x44, 0x0d, 0x16, 0x88, 0x44, 0x11, 0x0e, 0x16, 0x00, 0x00, 0x00, 0x11, 0x16,
  0xbb, 0x88, 0x44, 0x12, 0x16, 0xbb, 0x88, 0x44, 0x13, 0x16, 0x00, 0x00, 0x00
};
static const KofSprite kStance_choi_5 PROGMEM = {
  .w = 20, .h = 23, .pixelCount = 137,
  .pixels = kStance_choi_5Pixels, .fmt = 5,
};

static const KofSprite* const kStance_choi_Frames[] PROGMEM = {
  &kStance_choi_0,
  &kStance_choi_1,
  &kStance_choi_2,
  &kStance_choi_3,
  &kStance_choi_4,
  &kStance_choi_5
};
static const KofStanceSet kStance_choi PROGMEM = {
  .frameCount = 6,
  .frames = kStance_choi_Frames,
};

// shermie 帧 0: 20×23, 84 pixels
static const uint8_t kStance_shermie_0Pixels[] PROGMEM = {
  0x09, 0x00, 0x27, 0x00, 0x00, 0x07, 0x01, 0x66, 0x00, 0x00, 0x08, 0x01, 0x3f, 0x00, 0x00, 0x09,
  0x01, 0x00, 0x00, 0x00, 0x0a, 0x01, 0x5c, 0x35, 0x21, 0x0b, 0x01, 0xff, 0xbe, 0x9e, 0x0c, 0x01,
  0xf5, 0xa9, 0x76, 0x06, 0x02, 0xff, 0xf2, 0xf2, 0x07, 0x02, 0x63, 0x48, 0x42, 0x08, 0x02, 0xff,
  0xb1, 0x8b, 0x09, 0x02, 0xff, 0xdd, 0xdd, 0x0a, 0x02, 0xff, 0xbb, 0xaa, 0x0b, 0x02, 0xeb, 0xa1,
  0x90, 0x0c, 0x02, 0x77, 0x22, 0x00, 0x06, 0x03, 0xff, 0xd0, 0xc9, 0x07, 0x03, 0xff, 0xf2, 0xf2,
  0x08, 0x03, 0xd1, 0x8d, 0x7c, 0x09, 0x03, 0xe0, 0xac, 0xa1, 0x0a, 0x03, 0xff, 0xff, 0xff, 0x0b,
  0x03, 0xff, 0xbb, 0xaa, 0x07, 0x04, 0xe0, 0x9e, 0x94, 0x08, 0x04, 0xac, 0x76, 0x8c, 0x09, 0x04,
  0xcc, 0x77, 0x66, 0x0a, 0x04, 0xff, 0xbb, 0xaa, 0x0b, 0x04, 0xff, 0xd0, 0xc9, 0x07, 0x05, 0x00,
  0x00, 0x00, 0x08, 0x05, 0x9c, 0x88, 0x68, 0x09, 0x05, 0xff, 0xff, 0xff, 0x0a, 0x05, 0xb6, 0x7f,
  0x75, 0x0b, 0x05, 0xcc, 0x77, 0x66, 0x07, 0x06, 0xff, 0xdd, 0xdd, 0x08, 0x06, 0xff, 0xbb, 0xaa,
  0x09, 0x06, 0xeb, 0xa1, 0x90, 0x0a, 0x06, 0xcc, 0x77, 0x66, 0x0b, 0x06, 0xb2, 0x63, 0x52, 0x09,
  0x07, 0x00, 0x00, 0x00, 0x0b, 0x07, 0x00, 0x00, 0x00, 0x09, 0x08, 0x00, 0x00, 0x00, 0x0b, 0x08,
  0x00, 0x00, 0x00, 0x07, 0x09, 0xff, 0xd0, 0xc9, 0x08, 0x09, 0xff, 0xf2, 0xf2, 0x09, 0x09, 0xff,
  0xd0, 0xc9, 0x0a, 0x09, 0xc5, 0x6a, 0x4c, 0x0b, 0x09, 0x00, 0x00, 0x00, 0x0c, 0x09, 0x00, 0x00,
  0x00, 0x07, 0x0a, 0xff, 0xbb, 0xaa, 0x08, 0x0a, 0xff, 0xd0, 0xc9, 0x09, 0x0a, 0xff, 0xc8, 0xbe,
  0x0a, 0x0a, 0xcc, 0x77, 0x66, 0x0b, 0x0a, 0x88, 0x44, 0x33, 0x0c, 0x0a, 0x00, 0x00, 0x00, 0x07,
  0x0b, 0xff, 0xbb, 0xaa, 0x08, 0x0b, 0xff, 0xdd, 0xdd, 0x09, 0x0b, 0xff, 0xbb, 0xaa, 0x0a, 0x0b,
  0xc5, 0x6a, 0x4c, 0x0b, 0x0b, 0x88, 0x44, 0x33, 0x08, 0x0c, 0xbb, 0x55, 0x22, 0x09, 0x0c, 0xe5,
  0xa8, 0x95, 0x0a, 0x0c, 0xc5, 0x6a, 0x4c, 0x0b, 0x0c, 0x00, 0x00, 0x00, 0x08, 0x0d, 0xff, 0xaa,
  0x77, 0x09, 0x0d, 0xff, 0xaa, 0x77, 0x0a, 0x0d, 0xbb, 0x55, 0x22, 0x09, 0x0e, 0xee, 0x88, 0x55,
  0x0a, 0x0e, 0x77, 0x22, 0x00, 0x09, 0x0f, 0xee, 0x88, 0x55, 0x09, 0x10, 0xf5, 0x95, 0x62, 0x0a,
  0x10, 0xa1, 0x41, 0x15, 0x09, 0x11, 0xff, 0xdd, 0xaa, 0x0a, 0x11, 0xbb, 0x55, 0x22, 0x09, 0x12,
  0xff, 0xc8, 0xbe, 0x0a, 0x12, 0xa2, 0x58, 0x47, 0x0b, 0x12, 0x88, 0x44, 0x33, 0x09, 0x13, 0xff,
  0xdd, 0xdd, 0x0a, 0x13, 0x88, 0x44, 0x33, 0x0b, 0x13, 0x88, 0x44, 0x33, 0x09, 0x14, 0xff, 0xd0,
  0xc9, 0x0a, 0x14, 0xff, 0xbb, 0xaa, 0x0b, 0x14, 0x88, 0x44, 0x33, 0x09, 0x15, 0xb6, 0x72, 0x61,
  0x0a, 0x15, 0xd1, 0xa2, 0x9b, 0x0b, 0x15, 0xcc, 0x77, 0x66, 0x08, 0x16, 0xff, 0xd0, 0xc9, 0x09,
  0x16, 0x53, 0x2a, 0x1f
};
static const KofSprite kStance_shermie_0 PROGMEM = {
  .w = 20, .h = 23, .pixelCount = 84,
  .pixels = kStance_shermie_0Pixels, .fmt = 5,
};

// shermie 帧 1: 20×23, 81 pixels
static const uint8_t kStance_shermie_1Pixels[] PROGMEM = {
  0x09, 0x00, 0x27, 0x00, 0x00, 0x07, 0x01, 0x66, 0x00, 0x00, 0x08, 0x01, 0x3f, 0x00, 0x00, 0x09,
  0x01, 0x00, 0x00, 0x00, 0x0a, 0x01, 0x00, 0x00, 0x00, 0x07, 0x02, 0x63, 0x63, 0x63, 0x08, 0x02,
  0xff, 0xbe, 0x8b, 0x09, 0x02, 0xac, 0x5d, 0x42, 0x0a, 0x02, 0xe5, 0xbd, 0xaa, 0x0b, 0x02, 0xff,
  0xdd, 0xaa, 0x06, 0x03, 0xff, 0xd0, 0xc9, 0x07, 0x03, 0xeb, 0xa1, 0x90, 0x08, 0x03, 0xff, 0xdd,
  0xdd, 0x09, 0x03, 0xff, 0xbb, 0xaa, 0x0a, 0x03, 0xb2, 0x63, 0x52, 0x0b, 0x03, 0xac, 0x77, 0x63,
  0x06, 0x04, 0xff, 0xd0, 0xc9, 0x07, 0x04, 0x88, 0x44, 0x33, 0x08, 0x04, 0xff, 0xc8, 0xbe, 0x09,
  0x04, 0xeb, 0xa1, 0x90, 0x0a, 0x04, 0xff, 0xdd, 0xdd, 0x0b, 0x04, 0xff, 0xe5, 0xde, 0x07, 0x05,
  0x00, 0x00, 0x00, 0x08, 0x05, 0x9c, 0x68, 0x49, 0x09, 0x05, 0xb2, 0x63, 0x52, 0x0a, 0x05, 0xcc,
  0x77, 0x66, 0x0b, 0x05, 0xeb, 0xa1, 0x90, 0x07, 0x06, 0xff, 0xdd, 0xdd, 0x08, 0x06, 0xff, 0xbb,
  0xaa, 0x09, 0x06, 0xeb, 0xa1, 0x90, 0x0a, 0x06, 0xcc, 0x77, 0x66, 0x0b, 0x06, 0xb2, 0x63, 0x52,
  0x09, 0x07, 0x00, 0x00, 0x00, 0x0b, 0x07, 0x00, 0x00, 0x00, 0x09, 0x08, 0x00, 0x00, 0x00, 0x0b,
  0x08, 0x00, 0x00, 0x00, 0x07, 0x09, 0xff, 0xd0, 0xc9, 0x08, 0x09, 0xff, 0xf2, 0xf2, 0x09, 0x09,
  0xff, 0xd0, 0xc9, 0x0a, 0x09, 0xc5, 0x6a, 0x4c, 0x0b, 0x09, 0x00, 0x00, 0x00, 0x0c, 0x09, 0x00,
  0x00, 0x00, 0x07, 0x0a, 0xff, 0xbb, 0xaa, 0x08, 0x0a, 0xff, 0xd0, 0xc9, 0x09, 0x0a, 0xff, 0xc8,
  0xbe, 0x0a, 0x0a, 0xcc, 0x77, 0x66, 0x0b, 0x0a, 0x88, 0x44, 0x33, 0x0c, 0x0a, 0x00, 0x00, 0x00,
  0x07, 0x0b, 0xff, 0xbb, 0xaa, 0x08, 0x0b, 0xff, 0xdd, 0xdd, 0x09, 0x0b, 0xff, 0xbb, 0xaa, 0x0a,
  0x0b, 0xc5, 0x6a, 0x4c, 0x0b, 0x0b, 0x88, 0x44, 0x33, 0x08, 0x0c, 0xbb, 0x55, 0x22, 0x09, 0x0c,
  0xe5, 0xa8, 0x95, 0x0a, 0x0c, 0xc5, 0x6a, 0x4c, 0x0b, 0x0c, 0x00, 0x00, 0x00, 0x08, 0x0d, 0xff,
  0xaa, 0x77, 0x09, 0x0d, 0xff, 0xaa, 0x77, 0x0a, 0x0d, 0xbb, 0x55, 0x22, 0x09, 0x0e, 0xee, 0x88,
  0x55, 0x0a, 0x0e, 0x77, 0x22, 0x00, 0x09, 0x0f, 0xee, 0x88, 0x55, 0x09, 0x10, 0xf5, 0x95, 0x62,
  0x0a, 0x10, 0xa1, 0x41, 0x15, 0x09, 0x11, 0xff, 0xdd, 0xaa, 0x0a, 0x11, 0xbb, 0x55, 0x22, 0x09,
  0x12, 0xff, 0xc8, 0xbe, 0x0a, 0x12, 0xa2, 0x58, 0x47, 0x0b, 0x12, 0x88, 0x44, 0x33, 0x09, 0x13,
  0xff, 0xdd, 0xdd, 0x0a, 0x13, 0x88, 0x44, 0x33, 0x0b, 0x13, 0x88, 0x44, 0x33, 0x09, 0x14, 0xff,
  0xd0, 0xc9, 0x0a, 0x14, 0xff, 0xbb, 0xaa, 0x0b, 0x14, 0x88, 0x44, 0x33, 0x09, 0x15, 0xb6, 0x72,
  0x61, 0x0a, 0x15, 0xd1, 0xa2, 0x9b, 0x0b, 0x15, 0xcc, 0x77, 0x66, 0x08, 0x16, 0xff, 0xd0, 0xc9,
  0x09, 0x16, 0x53, 0x2a, 0x1f
};
static const KofSprite kStance_shermie_1 PROGMEM = {
  .w = 20, .h = 23, .pixelCount = 81,
  .pixels = kStance_shermie_1Pixels, .fmt = 5,
};

// shermie 帧 2: 20×23, 71 pixels
static const uint8_t kStance_shermie_2Pixels[] PROGMEM = {
  0x09, 0x00, 0x66, 0x00, 0x00, 0x08, 0x01, 0x3f, 0x00, 0x00, 0x09, 0x01, 0x3f, 0x00, 0x00, 0x0a,
  0x01, 0x3f, 0x00, 0x00, 0x09, 0x02, 0x00, 0x00, 0x00, 0x0a, 0x02, 0x91, 0x36, 0x0d, 0x08, 0x03,
  0xbb, 0x55, 0x22, 0x09, 0x03, 0xd5, 0x76, 0x43, 0x0a, 0x03, 0xff, 0xd0, 0xc9, 0x0b, 0x03, 0xca,
  0x75, 0x49, 0x0c, 0x03, 0xff, 0xd0, 0xc9, 0x07, 0x04, 0xff, 0xbb, 0xaa, 0x08, 0x04, 0xff, 0xd0,
  0xc9, 0x09, 0x04, 0xff, 0xdd, 0xdd, 0x0a, 0x04, 0xa2, 0x58, 0x47, 0x0b, 0x04, 0xff, 0xea, 0xea,
  0x0c, 0x04, 0xe0, 0x91, 0x80, 0x07, 0x05, 0xff, 0xdd, 0xdd, 0x08, 0x05, 0xff, 0xbb, 0xaa, 0x09,
  0x05, 0xff, 0xdd, 0xdd, 0x0a, 0x05, 0x88, 0x44, 0x33, 0x0b, 0x05, 0xff, 0xd0, 0xc9, 0x0c, 0x05,
  0xeb, 0xa1, 0x90, 0x07, 0x06, 0xb2, 0x63, 0x52, 0x08, 0x06, 0xe0, 0x9e, 0x94, 0x09, 0x06, 0xb2,
  0x63, 0x52, 0x0a, 0x06, 0xa2, 0x58, 0x47, 0x0b, 0x06, 0xcc, 0x77, 0x66, 0x08, 0x07, 0x2e, 0x21,
  0x3b, 0x09, 0x07, 0x9c, 0x88, 0x88, 0x0a, 0x07, 0x00, 0x00, 0x00, 0x0c, 0x07, 0x00, 0x00, 0x00,
  0x0a, 0x08, 0x00, 0x00, 0x00, 0x08, 0x09, 0xff, 0xdd, 0xdd, 0x09, 0x09, 0xff, 0xe5, 0xde, 0x0a,
  0x09, 0xff, 0xbb, 0xaa, 0x0b, 0x09, 0x88, 0x44, 0x33, 0x08, 0x0a, 0xff, 0xbb, 0xaa, 0x09, 0x0a,
  0xff, 0xc8, 0xbe, 0x0a, 0x0a, 0xff, 0xbb, 0xaa, 0x0b, 0x0a, 0xcc, 0x77, 0x66, 0x08, 0x0b, 0xff,
  0xbb, 0xaa, 0x09, 0x0b, 0xff, 0xea, 0xea, 0x0a, 0x0b, 0xff, 0xbb, 0xaa, 0x0b, 0x0b, 0xcc, 0x77,
  0x66, 0x08, 0x0c, 0xcf, 0x69, 0x36, 0x09, 0x0c, 0xe5, 0xbd, 0xaa, 0x0a, 0x0c, 0xe5, 0x94, 0x75,
  0x09, 0x0d, 0xff, 0xdd, 0xaa, 0x0a, 0x0d, 0xee, 0x88, 0x55, 0x09, 0x0e, 0xff, 0xaa, 0x77, 0x0a,
  0x0e, 0xee, 0x88, 0x55, 0x09, 0x0f, 0xf5, 0x95, 0x62, 0x0a, 0x0f, 0xbb, 0x55, 0x22, 0x09, 0x10,
  0xda, 0x74, 0x41, 0x0a, 0x10, 0xee, 0x88, 0x55, 0x0a, 0x11, 0xff, 0xaa, 0x77, 0x0b, 0x11, 0x88,
  0x44, 0x33, 0x0a, 0x12, 0xff, 0xc8, 0xbe, 0x0b, 0x12, 0xa2, 0x58, 0x47, 0x0a, 0x13, 0xff, 0xbb,
  0xaa, 0x0b, 0x13, 0xcc, 0x77, 0x66, 0x09, 0x14, 0xff, 0xc8, 0xbe, 0x0a, 0x14, 0xeb, 0xa1, 0x90,
  0x0b, 0x14, 0xb2, 0x63, 0x52, 0x09, 0x15, 0xff, 0xe5, 0xde, 0x0a, 0x15, 0xb6, 0x72, 0x61, 0x0b,
  0x15, 0xcc, 0x77, 0x66, 0x08, 0x16, 0xff, 0xbb, 0xaa, 0x09, 0x16, 0xcc, 0x77, 0x66, 0x0a, 0x16,
  0x7d, 0x49, 0x3f
};
static const KofSprite kStance_shermie_2 PROGMEM = {
  .w = 20, .h = 23, .pixelCount = 71,
  .pixels = kStance_shermie_2Pixels, .fmt = 5,
};

// shermie 帧 3: 20×23, 77 pixels
static const uint8_t kStance_shermie_3Pixels[] PROGMEM = {
  0x09, 0x00, 0x27, 0x00, 0x00, 0x07, 0x01, 0x66, 0x00, 0x00, 0x08, 0x01, 0x3f, 0x00, 0x00, 0x09,
  0x01, 0x00, 0x00, 0x00, 0x0a, 0x01, 0x00, 0x00, 0x00, 0x08, 0x02, 0xff, 0xbe, 0x8b, 0x09, 0x02,
  0x77, 0x22, 0x00, 0x0a, 0x02, 0x00, 0x00, 0x00, 0x08, 0x03, 0xff, 0xc9, 0x96, 0x09, 0x03, 0xff,
  0xbe, 0x8b, 0x0a, 0x03, 0xf8, 0xbc, 0x89, 0x0b, 0x03, 0xff, 0xf2, 0xf2, 0x07, 0x04, 0xf8, 0x9d,
  0x6a, 0x08, 0x04, 0xcc, 0x77, 0x66, 0x09, 0x04, 0xcf, 0x69, 0x36, 0x0a, 0x04, 0x88, 0x44, 0x33,
  0x0b, 0x04, 0xff, 0xd5, 0xcb, 0x07, 0x05, 0xff, 0xbb, 0xaa, 0x08, 0x05, 0x92, 0x53, 0x34, 0x09,
  0x05, 0xff, 0xdd, 0xdd, 0x0a, 0x05, 0x88, 0x44, 0x33, 0x0b, 0x05, 0xff, 0xdd, 0xdd, 0x07, 0x06,
  0xcc, 0x77, 0x66, 0x08, 0x06, 0xff, 0xbb, 0xaa, 0x09, 0x06, 0xff, 0xbb, 0xaa, 0x0a, 0x06, 0xcc,
  0x77, 0x66, 0x0b, 0x06, 0x53, 0x2a, 0x1f, 0x09, 0x07, 0xff, 0xbb, 0xaa, 0x0a, 0x07, 0x88, 0x44,
  0x33, 0x0b, 0x07, 0x00, 0x00, 0x00, 0x09, 0x08, 0x00, 0x00, 0x00, 0x0b, 0x08, 0x00, 0x00, 0x00,
  0x07, 0x09, 0xff, 0xd0, 0xc9, 0x08, 0x09, 0xff, 0xf2, 0xf2, 0x09, 0x09, 0xff, 0xd0, 0xc9, 0x0a,
  0x09, 0xc5, 0x6a, 0x4c, 0x0b, 0x09, 0x00, 0x00, 0x00, 0x0c, 0x09, 0x00, 0x00, 0x00, 0x07, 0x0a,
  0xff, 0xbb, 0xaa, 0x08, 0x0a, 0xff, 0xd0, 0xc9, 0x09, 0x0a, 0xff, 0xc8, 0xbe, 0x0a, 0x0a, 0xcc,
  0x77, 0x66, 0x0b, 0x0a, 0x88, 0x44, 0x33, 0x0c, 0x0a, 0x00, 0x00, 0x00, 0x07, 0x0b, 0xff, 0xbb,
  0xaa, 0x08, 0x0b, 0xff, 0xdd, 0xdd, 0x09, 0x0b, 0xff, 0xbb, 0xaa, 0x0a, 0x0b, 0xc5, 0x6a, 0x4c,
  0x0b, 0x0b, 0x88, 0x44, 0x33, 0x08, 0x0c, 0xbb, 0x55, 0x22, 0x09, 0x0c, 0xe5, 0xa8, 0x95, 0x0a,
  0x0c, 0xc5, 0x6a, 0x4c, 0x0b, 0x0c, 0x00, 0x00, 0x00, 0x08, 0x0d, 0xff, 0xaa, 0x77, 0x09, 0x0d,
  0xff, 0xaa, 0x77, 0x0a, 0x0d, 0xbb, 0x55, 0x22, 0x09, 0x0e, 0xee, 0x88, 0x55, 0x0a, 0x0e, 0x77,
  0x22, 0x00, 0x09, 0x0f, 0xee, 0x88, 0x55, 0x09, 0x10, 0xf5, 0x95, 0x62, 0x0a, 0x10, 0xa1, 0x41,
  0x15, 0x09, 0x11, 0xff, 0xdd, 0xaa, 0x0a, 0x11, 0xbb, 0x55, 0x22, 0x09, 0x12, 0xff, 0xc8, 0xbe,
  0x0a, 0x12, 0xa2, 0x58, 0x47, 0x0b, 0x12, 0x88, 0x44, 0x33, 0x09, 0x13, 0xff, 0xdd, 0xdd, 0x0a,
  0x13, 0x88, 0x44, 0x33, 0x0b, 0x13, 0x88, 0x44, 0x33, 0x09, 0x14, 0xff, 0xd0, 0xc9, 0x0a, 0x14,
  0xff, 0xbb, 0xaa, 0x0b, 0x14, 0x88, 0x44, 0x33, 0x09, 0x15, 0xb6, 0x72, 0x61, 0x0a, 0x15, 0xd1,
  0xa2, 0x9b, 0x0b, 0x15, 0xcc, 0x77, 0x66, 0x08, 0x16, 0xff, 0xd0, 0xc9, 0x09, 0x16, 0x53, 0x2a,
  0x1f
};
static const KofSprite kStance_shermie_3 PROGMEM = {
  .w = 20, .h = 23, .pixelCount = 77,
  .pixels = kStance_shermie_3Pixels, .fmt = 5,
};

// shermie 帧 4: 20×23, 82 pixels
static const uint8_t kStance_shermie_4Pixels[] PROGMEM = {
  0x09, 0x00, 0x66, 0x00, 0x00, 0x08, 0x01, 0x66, 0x00, 0x00, 0x09, 0x01, 0x00, 0x00, 0x00, 0x0a,
  0x01, 0x00, 0x00, 0x00, 0x08, 0x02, 0x00, 0x00, 0x00, 0x09, 0x02, 0x5c, 0x35, 0x21, 0x0a, 0x02,
  0x00, 0x00, 0x00, 0x08, 0x03, 0xff, 0xea, 0xea, 0x09, 0x03, 0xff, 0xc9, 0x96, 0x0a, 0x03, 0xff,
  0xdd, 0xdd, 0x0b, 0x03, 0xcc, 0x77, 0x66, 0x07, 0x04, 0xff, 0xc9, 0x96, 0x08, 0x04, 0xa1, 0x55,
  0x50, 0x09, 0x04, 0xff, 0xc9, 0x96, 0x0a, 0x04, 0xe0, 0xac, 0xa1, 0x0b, 0x04, 0xe0, 0xac, 0xa1,
  0x0c, 0x04, 0xff, 0xbb, 0xaa, 0x07, 0x05, 0xff, 0xbb, 0xaa, 0x08, 0x05, 0xf8, 0x9d, 0x6a, 0x09,
  0x05, 0xff, 0xea, 0xea, 0x0a, 0x05, 0xeb, 0xca, 0xc4, 0x0b, 0x05, 0xff, 0xd5, 0xcb, 0x0c, 0x05,
  0xcc, 0x77, 0x66, 0x07, 0x06, 0xcc, 0x77, 0x66, 0x08, 0x06, 0xff, 0xbb, 0xaa, 0x09, 0x06, 0xff,
  0xd0, 0xc9, 0x0a, 0x06, 0xff, 0xdd, 0xdd, 0x0b, 0x06, 0xff, 0xff, 0xff, 0x07, 0x07, 0xcc, 0x77,
  0x66, 0x09, 0x07, 0xeb, 0xa1, 0x90, 0x0a, 0x07, 0xff, 0xf2, 0xf2, 0x0b, 0x07, 0xff, 0xe5, 0xde,
  0x09, 0x08, 0x53, 0x2a, 0x1f, 0x0a, 0x08, 0xeb, 0xa1, 0x90, 0x0b, 0x08, 0x88, 0x44, 0x33, 0x0c,
  0x08, 0x00, 0x00, 0x00, 0x07, 0x09, 0xff, 0xbb, 0xaa, 0x08, 0x09, 0xff, 0xdd, 0xdd, 0x09, 0x09,
  0xff, 0xd0, 0xc9, 0x0a, 0x09, 0xc5, 0x6a, 0x4c, 0x0b, 0x09, 0x88, 0x44, 0x33, 0x0c, 0x09, 0x00,
  0x00, 0x00, 0x07, 0x0a, 0xe0, 0x91, 0x80, 0x08, 0x0a, 0xff, 0xd0, 0xc9, 0x09, 0x0a, 0xff, 0xc8,
  0xbe, 0x0a, 0x0a, 0xeb, 0xa1, 0x90, 0x0b, 0x0a, 0xcc, 0x77, 0x66, 0x0c, 0x0a, 0x66, 0x00, 0x00,
  0x08, 0x0b, 0xff, 0xdd, 0xdd, 0x09, 0x0b, 0xff, 0xdd, 0xdd, 0x0a, 0x0b, 0xc5, 0x6a, 0x4c, 0x0b,
  0x0b, 0xcc, 0x77, 0x66, 0x0c, 0x0b, 0x66, 0x00, 0x00, 0x08, 0x0c, 0xd5, 0x76, 0x43, 0x09, 0x0c,
  0xe5, 0xa8, 0x95, 0x0a, 0x0c, 0xe5, 0x94, 0x75, 0x0c, 0x0c, 0x00, 0x00, 0x00, 0x08, 0x0d, 0xee,
  0x88, 0x55, 0x09, 0x0d, 0xff, 0xaa, 0x77, 0x0a, 0x0d, 0xbb, 0x55, 0x22, 0x09, 0x0e, 0xff, 0xaa,
  0x77, 0x0a, 0x0e, 0xbb, 0x55, 0x22, 0x09, 0x0f, 0xff, 0xaa, 0x77, 0x0a, 0x0f, 0x77, 0x22, 0x00,
  0x09, 0x10, 0xcf, 0x69, 0x36, 0x0a, 0x10, 0x91, 0x36, 0x0d, 0x09, 0x11, 0xff, 0xaa, 0x77, 0x0a,
  0x11, 0xbb, 0x55, 0x22, 0x0b, 0x11, 0x88, 0x44, 0x33, 0x09, 0x12, 0xff, 0xd5, 0xcb, 0x0a, 0x12,
  0xa2, 0x58, 0x47, 0x0b, 0x12, 0xa2, 0x58, 0x47, 0x09, 0x13, 0xff, 0xe5, 0xde, 0x0a, 0x13, 0xcc,
  0x77, 0x66, 0x0b, 0x13, 0xcc, 0x77, 0x66, 0x09, 0x14, 0xff, 0xd0, 0xc9, 0x0a, 0x14, 0x88, 0x44,
  0x33, 0x0b, 0x14, 0xb2, 0x63, 0x52, 0x09, 0x15, 0xb6, 0x7f, 0x75, 0x0a, 0x15, 0x88, 0x44, 0x33,
  0x0b, 0x15, 0xcc, 0x77, 0x66, 0x08, 0x16, 0xff, 0xe5, 0xde
};
static const KofSprite kStance_shermie_4 PROGMEM = {
  .w = 20, .h = 23, .pixelCount = 82,
  .pixels = kStance_shermie_4Pixels, .fmt = 5,
};

// shermie 帧 5: 20×23, 85 pixels
static const uint8_t kStance_shermie_5Pixels[] PROGMEM = {
  0x09, 0x00, 0x87, 0x07, 0x00, 0x08, 0x01, 0x3f, 0x00, 0x00, 0x09, 0x01, 0x66, 0x00, 0x00, 0x0a,
  0x01, 0x00, 0x00, 0x00, 0x08, 0x02, 0xff, 0xbe, 0x8b, 0x09, 0x02, 0xff, 0xaa, 0x77, 0x0a, 0x02,
  0x48, 0x21, 0x0d, 0x08, 0x03, 0xeb, 0xca, 0xc4, 0x09, 0x03, 0x1a, 0x0d, 0x27, 0x0a, 0x03, 0xff,
  0xdd, 0xdd, 0x0b, 0x03, 0xff, 0xea, 0xea, 0x08, 0x04, 0xbb, 0x55, 0x22, 0x09, 0x04, 0xb6, 0x7f,
  0x75, 0x0a, 0x04, 0xff, 0xff, 0xff, 0x0b, 0x04, 0xff, 0xff, 0xff, 0x0c, 0x04, 0xff, 0xd0, 0xc9,
  0x07, 0x05, 0xff, 0xdd, 0xaa, 0x08, 0x05, 0xf5, 0xa9, 0x76, 0x09, 0x05, 0xf5, 0x95, 0x62, 0x0a,
  0x05, 0xeb, 0xca, 0xc4, 0x0b, 0x05, 0xff, 0xea, 0xea, 0x0c, 0x05, 0xff, 0xd0, 0xc9, 0x06, 0x06,
  0xff, 0xbb, 0xaa, 0x07, 0x06, 0xcf, 0x69, 0x36, 0x08, 0x06, 0xff, 0xbb, 0xaa, 0x09, 0x06, 0xd5,
  0x7c, 0x57, 0x0a, 0x06, 0xe5, 0xa8, 0x95, 0x0b, 0x06, 0xeb, 0xca, 0xc4, 0x0c, 0x06, 0xcc, 0x77,
  0x66, 0x06, 0x07, 0xff, 0xf2, 0xf2, 0x07, 0x07, 0xb2, 0x63, 0x52, 0x09, 0x07, 0x53, 0x2a, 0x1f,
  0x0a, 0x07, 0xff, 0xbb, 0xaa, 0x0b, 0x07, 0xe0, 0x9e, 0x94, 0x0c, 0x07, 0xb2, 0x63, 0x52, 0x06,
  0x08, 0xeb, 0xa1, 0x90, 0x07, 0x08, 0xb2, 0x63, 0x52, 0x09, 0x08, 0x2a, 0x15, 0x3f, 0x0a, 0x08,
  0x53, 0x2a, 0x1f, 0x0b, 0x08, 0xff, 0xdd, 0xdd, 0x0c, 0x08, 0x53, 0x2a, 0x1f, 0x08, 0x09, 0xff,
  0xf2, 0xf2, 0x09, 0x09, 0xff, 0xd0, 0xc9, 0x0a, 0x09, 0xeb, 0xa1, 0x90, 0x0b, 0x09, 0x00, 0x00,
  0x00, 0x08, 0x0a, 0xff, 0xd0, 0xc9, 0x09, 0x0a, 0xff, 0xc8, 0xbe, 0x0a, 0x0a, 0xeb, 0xa1, 0x90,
  0x0b, 0x0a, 0x88, 0x44, 0x33, 0x08, 0x0b, 0xff, 0xdd, 0xdd, 0x09, 0x0b, 0xff, 0xdd, 0xdd, 0x0a,
  0x0b, 0xff, 0xbb, 0xaa, 0x0b, 0x0b, 0x88, 0x44, 0x33, 0x0c, 0x0b, 0x66, 0x00, 0x00, 0x08, 0x0c,
  0xbb, 0x55, 0x22, 0x09, 0x0c, 0xe5, 0xbd, 0xaa, 0x0a, 0x0c, 0xe5, 0x94, 0x75, 0x0b, 0x0c, 0x00,
  0x00, 0x00, 0x0c, 0x0c, 0x00, 0x00, 0x00, 0x08, 0x0d, 0xff, 0xaa, 0x77, 0x09, 0x0d, 0xff, 0xdd,
  0xaa, 0x0a, 0x0d, 0xee, 0x88, 0x55, 0x09, 0x0e, 0xff, 0xdd, 0xaa, 0x0a, 0x0e, 0xbb, 0x55, 0x22,
  0x09, 0x0f, 0xff, 0xaa, 0x77, 0x0a, 0x0f, 0xbb, 0x55, 0x22, 0x09, 0x10, 0xf8, 0x9d, 0x6a, 0x0a,
  0x10, 0xbb, 0x55, 0x22, 0x09, 0x11, 0xee, 0x88, 0x55, 0x0a, 0x11, 0xee, 0x88, 0x55, 0x09, 0x12,
  0xff, 0xc8, 0xbe, 0x0a, 0x12, 0xe0, 0x91, 0x80, 0x0b, 0x12, 0x88, 0x44, 0x33, 0x09, 0x13, 0xff,
  0xd0, 0xc9, 0x0a, 0x13, 0xff, 0xbb, 0xaa, 0x0b, 0x13, 0x88, 0x44, 0x33, 0x09, 0x14, 0xff, 0xd5,
  0xcb, 0x0a, 0x14, 0xb2, 0x63, 0x52, 0x0b, 0x14, 0x88, 0x44, 0x33, 0x09, 0x15, 0xff, 0xff, 0xff,
  0x0a, 0x15, 0xa2, 0x58, 0x47, 0x0b, 0x15, 0xcc, 0x77, 0x66, 0x08, 0x16, 0xff, 0xd0, 0xc9, 0x09,
  0x16, 0x7d, 0x49, 0x3f, 0x0a, 0x16, 0x53, 0x2a, 0x1f
};
static const KofSprite kStance_shermie_5 PROGMEM = {
  .w = 20, .h = 23, .pixelCount = 85,
  .pixels = kStance_shermie_5Pixels, .fmt = 5,
};

static const KofSprite* const kStance_shermie_Frames[] PROGMEM = {
  &kStance_shermie_0,
  &kStance_shermie_1,
  &kStance_shermie_2,
  &kStance_shermie_3,
  &kStance_shermie_4,
  &kStance_shermie_5
};
static const KofStanceSet kStance_shermie PROGMEM = {
  .frameCount = 6,
  .frames = kStance_shermie_Frames,
};

// yashiro 帧 0: 20×23, 133 pixels
static const uint8_t kStance_yashiro_0Pixels[] PROGMEM = {
  0x08, 0x00, 0xee, 0xee, 0xbb, 0x09, 0x00, 0xff, 0xff, 0xee, 0x08, 0x01, 0xff, 0xdd, 0x99, 0x09,
  0x01, 0xcc, 0x66, 0x33, 0x09, 0x02, 0x88, 0x33, 0x11, 0x0a, 0x02, 0x11, 0x00, 0x00, 0x0b, 0x02,
  0x11, 0x00, 0x00, 0x0c, 0x02, 0x88, 0x00, 0x00, 0x0d, 0x02, 0xcc, 0x11, 0x00, 0x07, 0x03, 0xcc,
  0x11, 0x00, 0x08, 0x03, 0xff, 0xaa, 0x55, 0x09, 0x03, 0xee, 0xee, 0xbb, 0x0a, 0x03, 0xcc, 0x66,
  0x33, 0x0b, 0x03, 0xdd, 0x44, 0x33, 0x0c, 0x03, 0xdd, 0x44, 0x33, 0x0d, 0x03, 0xcc, 0x11, 0x00,
  0x0e, 0x03, 0x44, 0x00, 0x00, 0x06, 0x04, 0xdd, 0x44, 0x33, 0x07, 0x04, 0x44, 0x11, 0x00, 0x08,
  0x04, 0x88, 0x33, 0x11, 0x09, 0x04, 0x44, 0x11, 0x00, 0x0a, 0x04, 0x11, 0x00, 0x00, 0x0b, 0x04,
  0xee, 0xee, 0xbb, 0x0c, 0x04, 0x44, 0x00, 0x00, 0x0d, 0x04, 0x44, 0x00, 0x00, 0x0e, 0x04, 0x88,
  0x88, 0x55, 0x05, 0x05, 0xdd, 0x44, 0x33, 0x06, 0x05, 0xcc, 0x11, 0x00, 0x07, 0x05, 0x88, 0x00,
  0x00, 0x08, 0x05, 0x11, 0x00, 0x00, 0x09, 0x05, 0x11, 0x00, 0x00, 0x0a, 0x05, 0x88, 0x00, 0x00,
  0x0b, 0x05, 0x88, 0x00, 0x00, 0x0c, 0x05, 0x88, 0x00, 0x00, 0x0d, 0x05, 0x88, 0x00, 0x00, 0x0e,
  0x05, 0x11, 0x00, 0x00, 0x05, 0x06, 0xee, 0xee, 0xbb, 0x06, 0x06, 0x44, 0x00, 0x00, 0x07, 0x06,
  0x11, 0x00, 0x00, 0x08, 0x06, 0x44, 0x00, 0x00, 0x09, 0x06, 0xcc, 0x66, 0x33, 0x0a, 0x06, 0x11,
  0x00, 0x00, 0x0b, 0x06, 0x11, 0x00, 0x00, 0x0c, 0x06, 0x11, 0x00, 0x00, 0x0d, 0x06, 0x44, 0x00,
  0x00, 0x05, 0x07, 0x88, 0x00, 0x00, 0x06, 0x07, 0x44, 0x00, 0x00, 0x09, 0x07, 0xcc, 0x66, 0x33,
  0x0a, 0x07, 0xff, 0xff, 0xee, 0x0b, 0x07, 0xcc, 0x66, 0x33, 0x05, 0x08, 0xff, 0xaa, 0x55, 0x06,
  0x08, 0x44, 0x11, 0x00, 0x09, 0x08, 0xcc, 0x66, 0x33, 0x0a, 0x08, 0x11, 0x00, 0x00, 0x0b, 0x08,
  0x11, 0x00, 0x00, 0x05, 0x09, 0x11, 0x00, 0x00, 0x06, 0x09, 0x11, 0x00, 0x00, 0x08, 0x09, 0xcc,
  0xbb, 0x99, 0x09, 0x09, 0xcc, 0xbb, 0x99, 0x0a, 0x09, 0xcc, 0xbb, 0x99, 0x0b, 0x09, 0xff, 0xff,
  0xee, 0x0c, 0x09, 0x88, 0x88, 0x55, 0x08, 0x0a, 0xff, 0xff, 0xee, 0x09, 0x0a, 0xcc, 0xbb, 0x99,
  0x0a, 0x0a, 0x88, 0x88, 0x55, 0x0b, 0x0a, 0xff, 0xff, 0xee, 0x0c, 0x0a, 0x55, 0x55, 0x22, 0x07,
  0x0b, 0xee, 0xee, 0xbb, 0x08, 0x0b, 0xff, 0xff, 0xee, 0x09, 0x0b, 0x88, 0x88, 0x55, 0x0a, 0x0b,
  0x88, 0x88, 0x55, 0x0b, 0x0b, 0xff, 0xff, 0xee, 0x0c, 0x0b, 0xcc, 0xbb, 0x99, 0x0d, 0x0b, 0x88,
  0x88, 0x55, 0x07, 0x0c, 0xff, 0xff, 0xee, 0x08, 0x0c, 0xcc, 0xbb, 0x99, 0x09, 0x0c, 0x88, 0x88,
  0x55, 0x0a, 0x0c, 0xcc, 0xbb, 0x99, 0x0b, 0x0c, 0xee, 0xee, 0xbb, 0x0c, 0x0c, 0xcc, 0xbb, 0x99,
  0x0d, 0x0c, 0x88, 0x88, 0x55, 0x07, 0x0d, 0xee, 0xee, 0xbb, 0x08, 0x0d, 0x88, 0x88, 0x55, 0x09,
  0x0d, 0x55, 0x55, 0x22, 0x0a, 0x0d, 0xcc, 0xbb, 0x99, 0x0b, 0x0d, 0xee, 0xee, 0xbb, 0x0c, 0x0d,
  0x88, 0x88, 0x55, 0x0d, 0x0d, 0x88, 0x88, 0x55, 0x06, 0x0e, 0xee, 0xee, 0xbb, 0x07, 0x0e, 0xee,
  0xee, 0xbb, 0x08, 0x0e, 0x88, 0x88, 0x55, 0x09, 0x0e, 0x55, 0x55, 0x22, 0x0a, 0x0e, 0x88, 0x88,
  0x55, 0x0b, 0x0e, 0xee, 0xee, 0xbb, 0x0c, 0x0e, 0xcc, 0xbb, 0x99, 0x0d, 0x0e, 0x88, 0x88, 0x55,
  0x06, 0x0f, 0xcc, 0xbb, 0x99, 0x07, 0x0f, 0xcc, 0xbb, 0x99, 0x08, 0x0f, 0x88, 0x88, 0x55, 0x0b,
  0x0f, 0xcc, 0xbb, 0x99, 0x0c, 0x0f, 0xcc, 0xbb, 0x99, 0x0d, 0x0f, 0x88, 0x88, 0x55, 0x07, 0x10,
  0x88, 0x88, 0x55, 0x08, 0x10, 0x88, 0x88, 0x55, 0x09, 0x10, 0x55, 0x55, 0x22, 0x0b, 0x10, 0xcc,
  0xbb, 0x99, 0x0c, 0x10, 0xcc, 0xbb, 0x99, 0x0d, 0x10, 0x88, 0x88, 0x55, 0x07, 0x11, 0x55, 0x55,
  0x22, 0x08, 0x11, 0x88, 0x88, 0x55, 0x09, 0x11, 0x55, 0x55, 0x22, 0x0c, 0x11, 0x88, 0x88, 0x55,
  0x0d, 0x11, 0x88, 0x88, 0x55, 0x07, 0x12, 0x88, 0x88, 0x55, 0x08, 0x12, 0x88, 0x88, 0x55, 0x09,
  0x12, 0x55, 0x55, 0x22, 0x0c, 0x12, 0x88, 0x88, 0x55, 0x0d, 0x12, 0x88, 0x88, 0x55, 0x08, 0x13,
  0x55, 0x55, 0x22, 0x09, 0x13, 0x88, 0x88, 0x55, 0x0c, 0x13, 0xcc, 0xbb, 0x99, 0x0d, 0x13, 0xcc,
  0xbb, 0x99, 0x08, 0x14, 0x88, 0x88, 0x55, 0x09, 0x14, 0x11, 0x00, 0x00, 0x0c, 0x14, 0x88, 0x88,
  0x55, 0x0d, 0x14, 0x88, 0x88, 0x55, 0x08, 0x15, 0x44, 0x11, 0x00, 0x09, 0x15, 0x11, 0x00, 0x00,
  0x0c, 0x15, 0xcc, 0xbb, 0x99, 0x0d, 0x15, 0x88, 0x88, 0x55, 0x08, 0x16, 0xcc, 0x66, 0x33, 0x0c,
  0x16, 0x88, 0x33, 0x11, 0x0d, 0x16, 0x44, 0x11, 0x00
};
static const KofSprite kStance_yashiro_0 PROGMEM = {
  .w = 20, .h = 23, .pixelCount = 133,
  .pixels = kStance_yashiro_0Pixels, .fmt = 5,
};

// yashiro 帧 1: 20×23, 133 pixels
static const uint8_t kStance_yashiro_1Pixels[] PROGMEM = {
  0x09, 0x00, 0xee, 0xee, 0xbb, 0x0a, 0x00, 0xcc, 0xbb, 0x99, 0x09, 0x01, 0xff, 0xaa, 0x55, 0x0a,
  0x01, 0x88, 0x88, 0x55, 0x09, 0x02, 0xff, 0xaa, 0x55, 0x0a, 0x02, 0x44, 0x11, 0x00, 0x0b, 0x02,
  0xff, 0xdd, 0x99, 0x0c, 0x02, 0xdd, 0x44, 0x33, 0x0d, 0x02, 0x88, 0x00, 0x00, 0x07, 0x03, 0x88,
  0x00, 0x00, 0x08, 0x03, 0x11, 0x00, 0x00, 0x09, 0x03, 0xff, 0xff, 0xee, 0x0a, 0x03, 0x11, 0x00,
  0x00, 0x0b, 0x03, 0x11, 0x00, 0x00, 0x0c, 0x03, 0xdd, 0x44, 0x33, 0x0d, 0x03, 0xcc, 0x11, 0x00,
  0x0e, 0x03, 0xcc, 0x11, 0x00, 0x06, 0x04, 0xcc, 0x11, 0x00, 0x07, 0x04, 0xdd, 0x44, 0x33, 0x08,
  0x04, 0x11, 0x00, 0x00, 0x09, 0x04, 0x88, 0x33, 0x11, 0x0a, 0x04, 0x11, 0x00, 0x00, 0x0b, 0x04,
  0xee, 0xee, 0xbb, 0x0c, 0x04, 0x88, 0x00, 0x00, 0x0d, 0x04, 0x88, 0x00, 0x00, 0x0e, 0x04, 0xcc,
  0xbb, 0x99, 0x06, 0x05, 0xdd, 0x44, 0x33, 0x07, 0x05, 0xcc, 0x11, 0x00, 0x08, 0x05, 0x44, 0x00,
  0x00, 0x09, 0x05, 0x44, 0x11, 0x00, 0x0a, 0x05, 0xff, 0xff, 0xee, 0x0b, 0x05, 0xdd, 0x44, 0x33,
  0x0c, 0x05, 0xcc, 0x11, 0x00, 0x0d, 0x05, 0xdd, 0x44, 0x33, 0x0e, 0x05, 0x44, 0x00, 0x00, 0x05,
  0x06, 0xdd, 0x44, 0x33, 0x06, 0x06, 0xcc, 0xbb, 0x99, 0x07, 0x06, 0x44, 0x00, 0x00, 0x08, 0x06,
  0x44, 0x00, 0x00, 0x09, 0x06, 0x88, 0x33, 0x11, 0x0a, 0x06, 0xff, 0xaa, 0x55, 0x0b, 0x06, 0xcc,
  0xbb, 0x99, 0x0c, 0x06, 0x44, 0x00, 0x00, 0x0d, 0x06, 0x44, 0x00, 0x00, 0x0e, 0x06, 0x44, 0x00,
  0x00, 0x05, 0x07, 0xcc, 0x11, 0x00, 0x06, 0x07, 0xcc, 0x11, 0x00, 0x09, 0x07, 0x88, 0x33, 0x11,
  0x0a, 0x07, 0x88, 0x33, 0x11, 0x0b, 0x07, 0xee, 0xee, 0xbb, 0x0c, 0x07, 0x88, 0x33, 0x11, 0x05,
  0x08, 0x44, 0x00, 0x00, 0x06, 0x08, 0x44, 0x11, 0x00, 0x09, 0x08, 0x11, 0x00, 0x00, 0x0a, 0x08,
  0x88, 0x33, 0x11, 0x0b, 0x08, 0x11, 0x00, 0x00, 0x0c, 0x08, 0x88, 0x33, 0x11, 0x06, 0x09, 0x11,
  0x00, 0x00, 0x09, 0x09, 0xee, 0xee, 0xbb, 0x0a, 0x09, 0xee, 0xee, 0xbb, 0x0b, 0x09, 0xff, 0xff,
  0xee, 0x0c, 0x09, 0x88, 0x88, 0x55, 0x08, 0x0a, 0xcc, 0xbb, 0x99, 0x09, 0x0a, 0xff, 0xff, 0xee,
  0x0a, 0x0a, 0xff, 0xff, 0xee, 0x0b, 0x0a, 0xee, 0xee, 0xbb, 0x0c, 0x0a, 0xee, 0xee, 0xbb, 0x0d,
  0x0a, 0x55, 0x55, 0x22, 0x08, 0x0b, 0xee, 0xee, 0xbb, 0x09, 0x0b, 0xee, 0xee, 0xbb, 0x0a, 0x0b,
  0x88, 0x88, 0x55, 0x0b, 0x0b, 0xee, 0xee, 0xbb, 0x0c, 0x0b, 0xee, 0xee, 0xbb, 0x0d, 0x0b, 0x88,
  0x88, 0x55, 0x07, 0x0c, 0xcc, 0xbb, 0x99, 0x08, 0x0c, 0xee, 0xee, 0xbb, 0x09, 0x0c, 0x88, 0x88,
  0x55, 0x0a, 0x0c, 0x88, 0x88, 0x55, 0x0b, 0x0c, 0xcc, 0xbb, 0x99, 0x0c, 0x0c, 0xee, 0xee, 0xbb,
  0x0d, 0x0c, 0x88, 0x88, 0x55, 0x07, 0x0d, 0xee, 0xee, 0xbb, 0x08, 0x0d, 0xee, 0xee, 0xbb, 0x09,
  0x0d, 0xcc, 0xbb, 0x99, 0x0a, 0x0d, 0x55, 0x55, 0x22, 0x0b, 0x0d, 0xcc, 0xbb, 0x99, 0x0c, 0x0d,
  0xee, 0xee, 0xbb, 0x0d, 0x0d, 0x88, 0x88, 0x55, 0x07, 0x0e, 0xff, 0xff, 0xee, 0x08, 0x0e, 0xcc,
  0xbb, 0x99, 0x09, 0x0e, 0x88, 0x88, 0x55, 0x0a, 0x0e, 0x55, 0x55, 0x22, 0x0b, 0x0e, 0xcc, 0xbb,
  0x99, 0x0c, 0x0e, 0xff, 0xff, 0xee, 0x0d, 0x0e, 0x88, 0x88, 0x55, 0x07, 0x0f, 0xff, 0xff, 0xee,
  0x08, 0x0f, 0xcc, 0xbb, 0x99, 0x09, 0x0f, 0x55, 0x55, 0x22, 0x0b, 0x0f, 0xcc, 0xbb, 0x99, 0x0c,
  0x0f, 0xff, 0xff, 0xee, 0x0d, 0x0f, 0x88, 0x88, 0x55, 0x07, 0x10, 0x88, 0x88, 0x55, 0x08, 0x10,
  0x88, 0x88, 0x55, 0x09, 0x10, 0x88, 0x88, 0x55, 0x0c, 0x10, 0xee, 0xee, 0xbb, 0x0d, 0x10, 0x88,
  0x88, 0x55, 0x07, 0x11, 0x88, 0x88, 0x55, 0x08, 0x11, 0x55, 0x55, 0x22, 0x09, 0x11, 0x55, 0x55,
  0x22, 0x0c, 0x11, 0x88, 0x88, 0x55, 0x0d, 0x11, 0x88, 0x88, 0x55, 0x08, 0x12, 0x88, 0x88, 0x55,
  0x09, 0x12, 0x88, 0x88, 0x55, 0x0c, 0x12, 0x88, 0x88, 0x55, 0x0d, 0x12, 0x88, 0x88, 0x55, 0x08,
  0x13, 0x55, 0x55, 0x22, 0x09, 0x13, 0x88, 0x88, 0x55, 0x0a, 0x13, 0x88, 0x88, 0x55, 0x0c, 0x13,
  0x88, 0x88, 0x55, 0x0d, 0x13, 0x88, 0x88, 0x55, 0x0e, 0x13, 0x55, 0x55, 0x22, 0x08, 0x14, 0x88,
  0x88, 0x55, 0x09, 0x14, 0x88, 0x88, 0x55, 0x0a, 0x14, 0x55, 0x55, 0x22, 0x0d, 0x14, 0xee, 0xee,
  0xbb, 0x0e, 0x14, 0x55, 0x55, 0x22, 0x09, 0x15, 0x11, 0x00, 0x00, 0x0d, 0x15, 0xcc, 0xbb, 0x99,
  0x0e, 0x15, 0x55, 0x55, 0x22, 0x08, 0x16, 0x44, 0x11, 0x00, 0x09, 0x16, 0x11, 0x00, 0x00, 0x0d,
  0x16, 0x88, 0x33, 0x11, 0x0e, 0x16, 0x11, 0x00, 0x00
};
static const KofSprite kStance_yashiro_1 PROGMEM = {
  .w = 20, .h = 23, .pixelCount = 133,
  .pixels = kStance_yashiro_1Pixels, .fmt = 5,
};

// yashiro 帧 2: 20×23, 124 pixels
static const uint8_t kStance_yashiro_2Pixels[] PROGMEM = {
  0x09, 0x00, 0xee, 0xee, 0xbb, 0x0a, 0x00, 0xcc, 0xbb, 0x99, 0x09, 0x01, 0xff, 0xaa, 0x55, 0x0a,
  0x01, 0x88, 0x88, 0x55, 0x09, 0x02, 0xff, 0xaa, 0x55, 0x0a, 0x02, 0x44, 0x11, 0x00, 0x0b, 0x02,
  0xff, 0xaa, 0x55, 0x0c, 0x02, 0xcc, 0x11, 0x00, 0x0d, 0x02, 0xcc, 0x11, 0x00, 0x0e, 0x02, 0x88,
  0x00, 0x00, 0x08, 0x03, 0xdd, 0x44, 0x33, 0x09, 0x03, 0x44, 0x11, 0x00, 0x0a, 0x03, 0x11, 0x00,
  0x00, 0x0b, 0x03, 0xdd, 0x44, 0x33, 0x0c, 0x03, 0xcc, 0x11, 0x00, 0x0d, 0x03, 0xdd, 0x44, 0x33,
  0x0e, 0x03, 0x88, 0x00, 0x00, 0x06, 0x04, 0xcc, 0x11, 0x00, 0x07, 0x04, 0xdd, 0x44, 0x33, 0x08,
  0x04, 0xdd, 0x44, 0x33, 0x09, 0x04, 0x11, 0x00, 0x00, 0x0a, 0x04, 0x88, 0x33, 0x11, 0x0b, 0x04,
  0xcc, 0x11, 0x00, 0x0c, 0x04, 0x88, 0x00, 0x00, 0x0d, 0x04, 0x44, 0x00, 0x00, 0x0e, 0x04, 0x44,
  0x00, 0x00, 0x06, 0x05, 0x88, 0x00, 0x00, 0x07, 0x05, 0x88, 0x00, 0x00, 0x08, 0x05, 0x88, 0x00,
  0x00, 0x09, 0x05, 0x88, 0x33, 0x11, 0x0a, 0x05, 0x88, 0x88, 0x55, 0x0b, 0x05, 0x44, 0x00, 0x00,
  0x0c, 0x05, 0x44, 0x00, 0x00, 0x0d, 0x05, 0x88, 0x00, 0x00, 0x0e, 0x05, 0x88, 0x00, 0x00, 0x05,
  0x06, 0xdd, 0x44, 0x33, 0x06, 0x06, 0xcc, 0xbb, 0x99, 0x07, 0x06, 0x44, 0x00, 0x00, 0x08, 0x06,
  0x44, 0x00, 0x00, 0x09, 0x06, 0x88, 0x33, 0x11, 0x0a, 0x06, 0xff, 0xaa, 0x55, 0x0b, 0x06, 0xcc,
  0x11, 0x00, 0x0c, 0x06, 0x44, 0x00, 0x00, 0x0d, 0x06, 0x11, 0x00, 0x00, 0x05, 0x07, 0xcc, 0x11,
  0x00, 0x06, 0x07, 0xdd, 0x44, 0x33, 0x07, 0x07, 0x88, 0x33, 0x11, 0x09, 0x07, 0x88, 0x33, 0x11,
  0x0a, 0x07, 0x88, 0x33, 0x11, 0x0b, 0x07, 0xee, 0xee, 0xbb, 0x0c, 0x07, 0x44, 0x11, 0x00, 0x06,
  0x08, 0x44, 0x11, 0x00, 0x09, 0x08, 0x11, 0x00, 0x00, 0x0a, 0x08, 0xee, 0xee, 0xbb, 0x0b, 0x08,
  0xee, 0xee, 0xbb, 0x0c, 0x08, 0x88, 0x88, 0x55, 0x09, 0x09, 0xee, 0xee, 0xbb, 0x0a, 0x09, 0xff,
  0xff, 0xee, 0x0b, 0x09, 0xff, 0xff, 0xee, 0x0c, 0x09, 0x88, 0x88, 0x55, 0x08, 0x0a, 0xcc, 0xbb,
  0x99, 0x09, 0x0a, 0xcc, 0xbb, 0x99, 0x0a, 0x0a, 0xee, 0xee, 0xbb, 0x0b, 0x0a, 0xff, 0xff, 0xee,
  0x0c, 0x0a, 0xcc, 0xbb, 0x99, 0x0d, 0x0a, 0x55, 0x55, 0x22, 0x08, 0x0b, 0xff, 0xff, 0xee, 0x09,
  0x0b, 0xcc, 0xbb, 0x99, 0x0a, 0x0b, 0x55, 0x55, 0x22, 0x0b, 0x0b, 0xee, 0xee, 0xbb, 0x0c, 0x0b,
  0xcc, 0xbb, 0x99, 0x0d, 0x0b, 0xee, 0xee, 0xbb, 0x08, 0x0c, 0xee, 0xee, 0xbb, 0x09, 0x0c, 0xcc,
  0xbb, 0x99, 0x0a, 0x0c, 0x88, 0x88, 0x55, 0x0b, 0x0c, 0xee, 0xee, 0xbb, 0x0c, 0x0c, 0xcc, 0xbb,
  0x99, 0x0d, 0x0c, 0xee, 0xee, 0xbb, 0x07, 0x0d, 0x88, 0x88, 0x55, 0x08, 0x0d, 0xee, 0xee, 0xbb,
  0x09, 0x0d, 0xcc, 0xbb, 0x99, 0x0a, 0x0d, 0x88, 0x88, 0x55, 0x0b, 0x0d, 0xcc, 0xbb, 0x99, 0x0c,
  0x0d, 0xee, 0xee, 0xbb, 0x0d, 0x0d, 0xee, 0xee, 0xbb, 0x07, 0x0e, 0xcc, 0xbb, 0x99, 0x08, 0x0e,
  0xee, 0xee, 0xbb, 0x09, 0x0e, 0x88, 0x88, 0x55, 0x0a, 0x0e, 0x55, 0x55, 0x22, 0x0b, 0x0e, 0xcc,
  0xbb, 0x99, 0x0c, 0x0e, 0xee, 0xee, 0xbb, 0x0d, 0x0e, 0x88, 0x88, 0x55, 0x07, 0x0f, 0xcc, 0xbb,
  0x99, 0x08, 0x0f, 0xcc, 0xbb, 0x99, 0x09, 0x0f, 0x55, 0x55, 0x22, 0x0b, 0x0f, 0xcc, 0xbb, 0x99,
  0x0c, 0x0f, 0xee, 0xee, 0xbb, 0x0d, 0x0f, 0x88, 0x88, 0x55, 0x07, 0x10, 0x88, 0x88, 0x55, 0x08,
  0x10, 0x88, 0x88, 0x55, 0x09, 0x10, 0x88, 0x88, 0x55, 0x0c, 0x10, 0xcc, 0xbb, 0x99, 0x0d, 0x10,
  0x88, 0x88, 0x55, 0x08, 0x11, 0x88, 0x88, 0x55, 0x09, 0x11, 0x88, 0x88, 0x55, 0x0c, 0x11, 0x88,
  0x88, 0x55, 0x0d, 0x11, 0x88, 0x88, 0x55, 0x08, 0x12, 0x88, 0x88, 0x55, 0x09, 0x12, 0x88, 0x88,
  0x55, 0x0c, 0x12, 0x88, 0x88, 0x55, 0x0d, 0x12, 0x88, 0x88, 0x55, 0x08, 0x13, 0x88, 0x88, 0x55,
  0x09, 0x13, 0x55, 0x55, 0x22, 0x0c, 0x13, 0xee, 0xee, 0xbb, 0x0d, 0x13, 0xcc, 0xbb, 0x99, 0x08,
  0x14, 0x88, 0x88, 0x55, 0x09, 0x14, 0x11, 0x00, 0x00, 0x0c, 0x14, 0x88, 0x88, 0x55, 0x0d, 0x14,
  0x88, 0x88, 0x55, 0x08, 0x15, 0x88, 0x33, 0x11, 0x09, 0x15, 0x55, 0x55, 0x22, 0x0d, 0x15, 0xcc,
  0xbb, 0x99, 0x08, 0x16, 0x88, 0x33, 0x11, 0x0d, 0x16, 0x44, 0x11, 0x00
};
static const KofSprite kStance_yashiro_2 PROGMEM = {
  .w = 20, .h = 23, .pixelCount = 124,
  .pixels = kStance_yashiro_2Pixels, .fmt = 5,
};

// yashiro 帧 3: 20×23, 125 pixels
static const uint8_t kStance_yashiro_3Pixels[] PROGMEM = {
  0x09, 0x00, 0xee, 0xee, 0xbb, 0x0a, 0x00, 0xcc, 0xbb, 0x99, 0x09, 0x01, 0xff, 0xaa, 0x55, 0x0a,
  0x01, 0x88, 0x88, 0x55, 0x09, 0x02, 0xff, 0xaa, 0x55, 0x0a, 0x02, 0x44, 0x11, 0x00, 0x0b, 0x02,
  0xff, 0xaa, 0x55, 0x0c, 0x02, 0xdd, 0x44, 0x33, 0x0d, 0x02, 0x88, 0x00, 0x00, 0x0e, 0x02, 0x88,
  0x00, 0x00, 0x07, 0x03, 0x88, 0x00, 0x00, 0x08, 0x03, 0xdd, 0x44, 0x33, 0x09, 0x03, 0xcc, 0x66,
  0x33, 0x0a, 0x03, 0x11, 0x00, 0x00, 0x0b, 0x03, 0xff, 0xdd, 0x99, 0x0c, 0x03, 0xcc, 0x11, 0x00,
  0x0d, 0x03, 0xdd, 0x44, 0x33, 0x0e, 0x03, 0x88, 0x00, 0x00, 0x06, 0x04, 0xcc, 0x11, 0x00, 0x07,
  0x04, 0xdd, 0x44, 0x33, 0x08, 0x04, 0xff, 0xff, 0xee, 0x09, 0x04, 0x88, 0x33, 0x11, 0x0a, 0x04,
  0x44, 0x11, 0x00, 0x0b, 0x04, 0xff, 0xdd, 0x99, 0x0c, 0x04, 0xcc, 0x11, 0x00, 0x0d, 0x04, 0xdd,
  0x44, 0x33, 0x0e, 0x04, 0xcc, 0x11, 0x00, 0x06, 0x05, 0xcc, 0x11, 0x00, 0x07, 0x05, 0x88, 0x00,
  0x00, 0x08, 0x05, 0x44, 0x00, 0x00, 0x09, 0x05, 0x88, 0x33, 0x11, 0x0a, 0x05, 0x11, 0x00, 0x00,
  0x0b, 0x05, 0x44, 0x00, 0x00, 0x0c, 0x05, 0x44, 0x00, 0x00, 0x0d, 0x05, 0x44, 0x00, 0x00, 0x0e,
  0x05, 0x88, 0x00, 0x00, 0x05, 0x06, 0xcc, 0x11, 0x00, 0x06, 0x06, 0xcc, 0xbb, 0x99, 0x07, 0x06,
  0x88, 0x88, 0x55, 0x08, 0x06, 0x44, 0x00, 0x00, 0x09, 0x06, 0x88, 0x33, 0x11, 0x0a, 0x06, 0xff,
  0xaa, 0x55, 0x0b, 0x06, 0xcc, 0x11, 0x00, 0x0c, 0x06, 0x44, 0x00, 0x00, 0x0d, 0x06, 0x44, 0x00,
  0x00, 0x05, 0x07, 0x88, 0x00, 0x00, 0x06, 0x07, 0xcc, 0x66, 0x33, 0x07, 0x07, 0xee, 0xee, 0xbb,
  0x09, 0x07, 0x88, 0x33, 0x11, 0x0a, 0x07, 0x88, 0x33, 0x11, 0x0b, 0x07, 0xee, 0xee, 0xbb, 0x0c,
  0x07, 0x44, 0x11, 0x00, 0x06, 0x08, 0x88, 0x88, 0x55, 0x07, 0x08, 0x11, 0x00, 0x00, 0x09, 0x08,
  0x11, 0x00, 0x00, 0x0a, 0x08, 0xee, 0xee, 0xbb, 0x0b, 0x08, 0xee, 0xee, 0xbb, 0x0c, 0x08, 0x55,
  0x55, 0x22, 0x07, 0x09, 0x11, 0x00, 0x00, 0x09, 0x09, 0xee, 0xee, 0xbb, 0x0a, 0x09, 0xff, 0xff,
  0xee, 0x0b, 0x09, 0xff, 0xff, 0xee, 0x0c, 0x09, 0x88, 0x88, 0x55, 0x08, 0x0a, 0xee, 0xee, 0xbb,
  0x09, 0x0a, 0xee, 0xee, 0xbb, 0x0a, 0x0a, 0xcc, 0xbb, 0x99, 0x0b, 0x0a, 0xff, 0xff, 0xee, 0x0c,
  0x0a, 0xcc, 0xbb, 0x99, 0x0d, 0x0a, 0x55, 0x55, 0x22, 0x08, 0x0b, 0xff, 0xff, 0xee, 0x09, 0x0b,
  0xcc, 0xbb, 0x99, 0x0a, 0x0b, 0x55, 0x55, 0x22, 0x0b, 0x0b, 0xcc, 0xbb, 0x99, 0x0c, 0x0b, 0xcc,
  0xbb, 0x99, 0x0d, 0x0b, 0x55, 0x55, 0x22, 0x08, 0x0c, 0xff, 0xff, 0xee, 0x09, 0x0c, 0xcc, 0xbb,
  0x99, 0x0a, 0x0c, 0x88, 0x88, 0x55, 0x0b, 0x0c, 0xcc, 0xbb, 0x99, 0x0c, 0x0c, 0xee, 0xee, 0xbb,
  0x0d, 0x0c, 0xee, 0xee, 0xbb, 0x07, 0x0d, 0x88, 0x88, 0x55, 0x08, 0x0d, 0xee, 0xee, 0xbb, 0x09,
  0x0d, 0xcc, 0xbb, 0x99, 0x0a, 0x0d, 0x88, 0x88, 0x55, 0x0b, 0x0d, 0xcc, 0xbb, 0x99, 0x0c, 0x0d,
  0xee, 0xee, 0xbb, 0x0d, 0x0d, 0x88, 0x88, 0x55, 0x07, 0x0e, 0xcc, 0xbb, 0x99, 0x08, 0x0e, 0xee,
  0xee, 0xbb, 0x09, 0x0e, 0xcc, 0xbb, 0x99, 0x0b, 0x0e, 0xcc, 0xbb, 0x99, 0x0c, 0x0e, 0xee, 0xee,
  0xbb, 0x0d, 0x0e, 0x55, 0x55, 0x22, 0x07, 0x0f, 0xcc, 0xbb, 0x99, 0x08, 0x0f, 0xee, 0xee, 0xbb,
  0x09, 0x0f, 0x88, 0x88, 0x55, 0x0b, 0x0f, 0xcc, 0xbb, 0x99, 0x0c, 0x0f, 0xee, 0xee, 0xbb, 0x0d,
  0x0f, 0x88, 0x88, 0x55, 0x08, 0x10, 0x88, 0x88, 0x55, 0x09, 0x10, 0x55, 0x55, 0x22, 0x0c, 0x10,
  0x88, 0x88, 0x55, 0x0d, 0x10, 0x88, 0x88, 0x55, 0x08, 0x11, 0x88, 0x88, 0x55, 0x09, 0x11, 0x55,
  0x55, 0x22, 0x0c, 0x11, 0x88, 0x88, 0x55, 0x0d, 0x11, 0x88, 0x88, 0x55, 0x08, 0x12, 0x88, 0x88,
  0x55, 0x09, 0x12, 0x88, 0x88, 0x55, 0x0c, 0x12, 0xcc, 0xbb, 0x99, 0x0d, 0x12, 0x88, 0x88, 0x55,
  0x08, 0x13, 0x88, 0x88, 0x55, 0x09, 0x13, 0x55, 0x55, 0x22, 0x0c, 0x13, 0xcc, 0xbb, 0x99, 0x0d,
  0x13, 0xcc, 0xbb, 0x99, 0x08, 0x14, 0x88, 0x88, 0x55, 0x09, 0x14, 0x88, 0x88, 0x55, 0x0c, 0x14,
  0x88, 0x88, 0x55, 0x0d, 0x14, 0xcc, 0xbb, 0x99, 0x08, 0x15, 0x88, 0x33, 0x11, 0x09, 0x15, 0x55,
  0x55, 0x22, 0x0d, 0x15, 0xcc, 0xbb, 0x99, 0x08, 0x16, 0x11, 0x00, 0x00, 0x0d, 0x16, 0x44, 0x11,
  0x00
};
static const KofSprite kStance_yashiro_3 PROGMEM = {
  .w = 20, .h = 23, .pixelCount = 125,
  .pixels = kStance_yashiro_3Pixels, .fmt = 5,
};

// yashiro 帧 4: 20×23, 128 pixels
static const uint8_t kStance_yashiro_4Pixels[] PROGMEM = {
  0x09, 0x00, 0xee, 0xee, 0xbb, 0x0a, 0x00, 0xcc, 0xbb, 0x99, 0x09, 0x01, 0xff, 0xaa, 0x55, 0x0a,
  0x01, 0x88, 0x88, 0x55, 0x09, 0x02, 0xff, 0xaa, 0x55, 0x0a, 0x02, 0x44, 0x11, 0x00, 0x0b, 0x02,
  0xff, 0xaa, 0x55, 0x0c, 0x02, 0xcc, 0x11, 0x00, 0x0d, 0x02, 0xcc, 0x11, 0x00, 0x0e, 0x02, 0x88,
  0x00, 0x00, 0x08, 0x03, 0x11, 0x00, 0x00, 0x09, 0x03, 0x11, 0x00, 0x00, 0x0a, 0x03, 0x11, 0x00,
  0x00, 0x0b, 0x03, 0xff, 0xdd, 0x99, 0x0c, 0x03, 0x88, 0x00, 0x00, 0x0d, 0x03, 0xdd, 0x44, 0x33,
  0x0e, 0x03, 0x88, 0x00, 0x00, 0x06, 0x04, 0xcc, 0x11, 0x00, 0x07, 0x04, 0xdd, 0x44, 0x33, 0x08,
  0x04, 0xff, 0xff, 0xee, 0x09, 0x04, 0x11, 0x00, 0x00, 0x0a, 0x04, 0x88, 0x33, 0x11, 0x0b, 0x04,
  0xff, 0xaa, 0x55, 0x0c, 0x04, 0x88, 0x00, 0x00, 0x0d, 0x04, 0x44, 0x00, 0x00, 0x0e, 0x04, 0xdd,
  0x44, 0x33, 0x06, 0x05, 0xcc, 0x11, 0x00, 0x07, 0x05, 0x88, 0x00, 0x00, 0x08, 0x05, 0x88, 0x00,
  0x00, 0x09, 0x05, 0x88, 0x33, 0x11, 0x0a, 0x05, 0x11, 0x00, 0x00, 0x0b, 0x05, 0x44, 0x00, 0x00,
  0x0c, 0x05, 0x44, 0x00, 0x00, 0x0d, 0x05, 0x88, 0x00, 0x00, 0x0e, 0x05, 0x88, 0x00, 0x00, 0x05,
  0x06, 0xcc, 0x11, 0x00, 0x06, 0x06, 0xcc, 0xbb, 0x99, 0x07, 0x06, 0x88, 0x88, 0x55, 0x08, 0x06,
  0x44, 0x00, 0x00, 0x09, 0x06, 0x88, 0x33, 0x11, 0x0a, 0x06, 0xff, 0xaa, 0x55, 0x0b, 0x06, 0xcc,
  0x11, 0x00, 0x0c, 0x06, 0x44, 0x00, 0x00, 0x0d, 0x06, 0x11, 0x00, 0x00, 0x0e, 0x06, 0x11, 0x00,
  0x00, 0x05, 0x07, 0x88, 0x00, 0x00, 0x06, 0x07, 0xcc, 0x66, 0x33, 0x07, 0x07, 0xee, 0xee, 0xbb,
  0x09, 0x07, 0x88, 0x33, 0x11, 0x0a, 0x07, 0x88, 0x33, 0x11, 0x0b, 0x07, 0xee, 0xee, 0xbb, 0x0c,
  0x07, 0x44, 0x11, 0x00, 0x06, 0x08, 0x88, 0x88, 0x55, 0x07, 0x08, 0x11, 0x00, 0x00, 0x09, 0x08,
  0x11, 0x00, 0x00, 0x0a, 0x08, 0xee, 0xee, 0xbb, 0x0b, 0x08, 0xee, 0xee, 0xbb, 0x0c, 0x08, 0x88,
  0x88, 0x55, 0x07, 0x09, 0x11, 0x00, 0x00, 0x09, 0x09, 0xff, 0xff, 0xee, 0x0a, 0x09, 0xff, 0xff,
  0xee, 0x0b, 0x09, 0xee, 0xee, 0xbb, 0x0c, 0x09, 0x88, 0x88, 0x55, 0x08, 0x0a, 0xee, 0xee, 0xbb,
  0x09, 0x0a, 0x88, 0x88, 0x55, 0x0a, 0x0a, 0xee, 0xee, 0xbb, 0x0b, 0x0a, 0xee, 0xee, 0xbb, 0x0c,
  0x0a, 0xcc, 0xbb, 0x99, 0x0d, 0x0a, 0x55, 0x55, 0x22, 0x08, 0x0b, 0xee, 0xee, 0xbb, 0x09, 0x0b,
  0xcc, 0xbb, 0x99, 0x0a, 0x0b, 0x88, 0x88, 0x55, 0x0b, 0x0b, 0xee, 0xee, 0xbb, 0x0c, 0x0b, 0xcc,
  0xbb, 0x99, 0x0d, 0x0b, 0xee, 0xee, 0xbb, 0x08, 0x0c, 0xff, 0xff, 0xee, 0x09, 0x0c, 0xcc, 0xbb,
  0x99, 0x0a, 0x0c, 0x88, 0x88, 0x55, 0x0b, 0x0c, 0xee, 0xee, 0xbb, 0x0c, 0x0c, 0xcc, 0xbb, 0x99,
  0x0d, 0x0c, 0xee, 0xee, 0xbb, 0x07, 0x0d, 0xee, 0xee, 0xbb, 0x08, 0x0d, 0xff, 0xff, 0xee, 0x09,
  0x0d, 0xcc, 0xbb, 0x99, 0x0a, 0x0d, 0x55, 0x55, 0x22, 0x0b, 0x0d, 0xee, 0xee, 0xbb, 0x0c, 0x0d,
  0xee, 0xee, 0xbb, 0x0d, 0x0d, 0x88, 0x88, 0x55, 0x07, 0x0e, 0xcc, 0xbb, 0x99, 0x08, 0x0e, 0xff,
  0xff, 0xee, 0x09, 0x0e, 0xcc, 0xbb, 0x99, 0x0a, 0x0e, 0x55, 0x55, 0x22, 0x0b, 0x0e, 0xee, 0xee,
  0xbb, 0x0c, 0x0e, 0xee, 0xee, 0xbb, 0x0d, 0x0e, 0xcc, 0xbb, 0x99, 0x08, 0x0f, 0xee, 0xee, 0xbb,
  0x09, 0x0f, 0x88, 0x88, 0x55, 0x0b, 0x0f, 0xcc, 0xbb, 0x99, 0x0c, 0x0f, 0xee, 0xee, 0xbb, 0x0d,
  0x0f, 0x88, 0x88, 0x55, 0x07, 0x10, 0xcc, 0xbb, 0x99, 0x08, 0x10, 0x88, 0x88, 0x55, 0x09, 0x10,
  0x88, 0x88, 0x55, 0x0b, 0x10, 0x88, 0x88, 0x55, 0x0c, 0x10, 0x88, 0x88, 0x55, 0x0d, 0x10, 0x88,
  0x88, 0x55, 0x08, 0x11, 0x88, 0x88, 0x55, 0x09, 0x11, 0x88, 0x88, 0x55, 0x0b, 0x11, 0x88, 0x88,
  0x55, 0x0c, 0x11, 0x88, 0x88, 0x55, 0x0d, 0x11, 0x88, 0x88, 0x55, 0x08, 0x12, 0x88, 0x88, 0x55,
  0x09, 0x12, 0x55, 0x55, 0x22, 0x0c, 0x12, 0xcc, 0xbb, 0x99, 0x0d, 0x12, 0x88, 0x88, 0x55, 0x08,
  0x13, 0x88, 0x88, 0x55, 0x09, 0x13, 0x55, 0x55, 0x22, 0x0c, 0x13, 0xcc, 0xbb, 0x99, 0x0d, 0x13,
  0x88, 0x88, 0x55, 0x08, 0x14, 0x88, 0x88, 0x55, 0x0c, 0x14, 0x88, 0x88, 0x55, 0x0d, 0x14, 0x88,
  0x88, 0x55, 0x08, 0x15, 0xcc, 0xbb, 0x99, 0x0c, 0x15, 0xcc, 0xbb, 0x99, 0x0d, 0x15, 0xcc, 0xbb,
  0x99, 0x08, 0x16, 0x44, 0x11, 0x00, 0x0c, 0x16, 0x44, 0x11, 0x00, 0x0d, 0x16, 0x44, 0x11, 0x00
};
static const KofSprite kStance_yashiro_4 PROGMEM = {
  .w = 20, .h = 23, .pixelCount = 128,
  .pixels = kStance_yashiro_4Pixels, .fmt = 5,
};

// yashiro 帧 5: 20×23, 133 pixels
static const uint8_t kStance_yashiro_5Pixels[] PROGMEM = {
  0x08, 0x00, 0xee, 0xee, 0xbb, 0x09, 0x00, 0xcc, 0xbb, 0x99, 0x08, 0x01, 0xff, 0xdd, 0x99, 0x09,
  0x01, 0x88, 0x88, 0x55, 0x08, 0x02, 0x88, 0x33, 0x11, 0x09, 0x02, 0x44, 0x11, 0x00, 0x0a, 0x02,
  0x11, 0x00, 0x00, 0x0b, 0x02, 0x11, 0x00, 0x00, 0x0c, 0x02, 0x88, 0x00, 0x00, 0x0d, 0x02, 0xcc,
  0x11, 0x00, 0x07, 0x03, 0xdd, 0x44, 0x33, 0x08, 0x03, 0xcc, 0x66, 0x33, 0x09, 0x03, 0x11, 0x00,
  0x00, 0x0a, 0x03, 0xff, 0xaa, 0x55, 0x0b, 0x03, 0xdd, 0x44, 0x33, 0x0c, 0x03, 0xdd, 0x44, 0x33,
  0x0d, 0x03, 0xcc, 0x11, 0x00, 0x06, 0x04, 0xcc, 0x11, 0x00, 0x07, 0x04, 0xdd, 0x44, 0x33, 0x08,
  0x04, 0xcc, 0xbb, 0x99, 0x09, 0x04, 0x44, 0x11, 0x00, 0x0a, 0x04, 0xff, 0xff, 0xee, 0x0b, 0x04,
  0xcc, 0x11, 0x00, 0x0c, 0x04, 0x44, 0x00, 0x00, 0x0d, 0x04, 0xcc, 0x11, 0x00, 0x0e, 0x04, 0x44,
  0x00, 0x00, 0x05, 0x05, 0xff, 0xff, 0xee, 0x06, 0x05, 0x88, 0x00, 0x00, 0x07, 0x05, 0x44, 0x00,
  0x00, 0x08, 0x05, 0x88, 0x00, 0x00, 0x09, 0x05, 0x11, 0x00, 0x00, 0x0a, 0x05, 0x88, 0x88, 0x55,
  0x0b, 0x05, 0xee, 0xee, 0xbb, 0x0c, 0x05, 0x88, 0x00, 0x00, 0x0d, 0x05, 0x88, 0x00, 0x00, 0x0e,
  0x05, 0x44, 0x00, 0x00, 0x05, 0x06, 0xcc, 0xbb, 0x99, 0x06, 0x06, 0x88, 0x88, 0x55, 0x07, 0x06,
  0x11, 0x00, 0x00, 0x08, 0x06, 0x44, 0x00, 0x00, 0x09, 0x06, 0xcc, 0x66, 0x33, 0x0a, 0x06, 0x88,
  0x00, 0x00, 0x0b, 0x06, 0x88, 0x00, 0x00, 0x0c, 0x06, 0x44, 0x00, 0x00, 0x0d, 0x06, 0x11, 0x00,
  0x00, 0x05, 0x07, 0xcc, 0x11, 0x00, 0x06, 0x07, 0xff, 0xaa, 0x55, 0x07, 0x07, 0x88, 0x33, 0x11,
  0x08, 0x07, 0xee, 0xee, 0xbb, 0x09, 0x07, 0x88, 0x33, 0x11, 0x0a, 0x07, 0x88, 0x33, 0x11, 0x0b,
  0x07, 0x88, 0x33, 0x11, 0x05, 0x08, 0x44, 0x00, 0x00, 0x06, 0x08, 0x44, 0x11, 0x00, 0x07, 0x08,
  0x44, 0x11, 0x00, 0x08, 0x08, 0xcc, 0xbb, 0x99, 0x09, 0x08, 0xee, 0xee, 0xbb, 0x0a, 0x08, 0x11,
  0x00, 0x00, 0x0b, 0x08, 0x88, 0x88, 0x55, 0x08, 0x09, 0xff, 0xff, 0xee, 0x09, 0x09, 0xff, 0xff,
  0xee, 0x0a, 0x09, 0xff, 0xff, 0xee, 0x0b, 0x09, 0xee, 0xee, 0xbb, 0x0c, 0x09, 0x55, 0x55, 0x22,
  0x08, 0x0a, 0xee, 0xee, 0xbb, 0x09, 0x0a, 0xcc, 0xbb, 0x99, 0x0a, 0x0a, 0xff, 0xff, 0xee, 0x0b,
  0x0a, 0xee, 0xee, 0xbb, 0x0c, 0x0a, 0x88, 0x88, 0x55, 0x07, 0x0b, 0xcc, 0xbb, 0x99, 0x08, 0x0b,
  0xee, 0xee, 0xbb, 0x09, 0x0b, 0x88, 0x88, 0x55, 0x0a, 0x0b, 0xcc, 0xbb, 0x99, 0x0b, 0x0b, 0xee,
  0xee, 0xbb, 0x0c, 0x0b, 0xcc, 0xbb, 0x99, 0x06, 0x0c, 0xee, 0xee, 0xbb, 0x07, 0x0c, 0xee, 0xee,
  0xbb, 0x08, 0x0c, 0xee, 0xee, 0xbb, 0x09, 0x0c, 0x88, 0x88, 0x55, 0x0a, 0x0c, 0xee, 0xee, 0xbb,
  0x0b, 0x0c, 0xee, 0xee, 0xbb, 0x0c, 0x0c, 0xcc, 0xbb, 0x99, 0x06, 0x0d, 0xcc, 0xbb, 0x99, 0x07,
  0x0d, 0xee, 0xee, 0xbb, 0x08, 0x0d, 0xcc, 0xbb, 0x99, 0x09, 0x0d, 0x55, 0x55, 0x22, 0x0a, 0x0d,
  0xcc, 0xbb, 0x99, 0x0b, 0x0d, 0xff, 0xff, 0xee, 0x0c, 0x0d, 0xcc, 0xbb, 0x99, 0x0d, 0x0d, 0x55,
  0x55, 0x22, 0x06, 0x0e, 0xcc, 0xbb, 0x99, 0x07, 0x0e, 0xee, 0xee, 0xbb, 0x08, 0x0e, 0xcc, 0xbb,
  0x99, 0x09, 0x0e, 0x55, 0x55, 0x22, 0x0a, 0x0e, 0xcc, 0xbb, 0x99, 0x0b, 0x0e, 0xff, 0xff, 0xee,
  0x0c, 0x0e, 0xcc, 0xbb, 0x99, 0x06, 0x0f, 0xcc, 0xbb, 0x99, 0x07, 0x0f, 0xff, 0xff, 0xee, 0x08,
  0x0f, 0xcc, 0xbb, 0x99, 0x0b, 0x0f, 0xff, 0xff, 0xee, 0x0c, 0x0f, 0xcc, 0xbb, 0x99, 0x06, 0x10,
  0xcc, 0xbb, 0x99, 0x07, 0x10, 0x88, 0x88, 0x55, 0x08, 0x10, 0x88, 0x88, 0x55, 0x0b, 0x10, 0x55,
  0x55, 0x22, 0x0c, 0x10, 0x55, 0x55, 0x22, 0x0d, 0x10, 0x55, 0x55, 0x22, 0x06, 0x11, 0x88, 0x88,
  0x55, 0x07, 0x11, 0x88, 0x88, 0x55, 0x08, 0x11, 0x55, 0x55, 0x22, 0x0b, 0x11, 0x55, 0x55, 0x22,
  0x0c, 0x11, 0x55, 0x55, 0x22, 0x06, 0x12, 0x88, 0x88, 0x55, 0x07, 0x12, 0xcc, 0xbb, 0x99, 0x08,
  0x12, 0x55, 0x55, 0x22, 0x0b, 0x12, 0x88, 0x88, 0x55, 0x0c, 0x12, 0x88, 0x88, 0x55, 0x06, 0x13,
  0xcc, 0xbb, 0x99, 0x07, 0x13, 0x88, 0x88, 0x55, 0x08, 0x13, 0x88, 0x88, 0x55, 0x0b, 0x13, 0x88,
  0x88, 0x55, 0x0c, 0x13, 0xcc, 0xbb, 0x99, 0x06, 0x14, 0xcc, 0xbb, 0x99, 0x07, 0x14, 0x88, 0x88,
  0x55, 0x08, 0x14, 0x55, 0x55, 0x22, 0x0b, 0x14, 0x88, 0x88, 0x55, 0x0c, 0x14, 0x88, 0x88, 0x55,
  0x07, 0x15, 0x44, 0x11, 0x00, 0x0c, 0x15, 0x88, 0x33, 0x11, 0x06, 0x16, 0x88, 0x33, 0x11, 0x07,
  0x16, 0x44, 0x11, 0x00, 0x0c, 0x16, 0x88, 0x33, 0x11
};
static const KofSprite kStance_yashiro_5 PROGMEM = {
  .w = 20, .h = 23, .pixelCount = 133,
  .pixels = kStance_yashiro_5Pixels, .fmt = 5,
};

static const KofSprite* const kStance_yashiro_Frames[] PROGMEM = {
  &kStance_yashiro_0,
  &kStance_yashiro_1,
  &kStance_yashiro_2,
  &kStance_yashiro_3,
  &kStance_yashiro_4,
  &kStance_yashiro_5
};
static const KofStanceSet kStance_yashiro PROGMEM = {
  .frameCount = 6,
  .frames = kStance_yashiro_Frames,
};

// chizuru 帧 0: 20×23, 129 pixels
static const uint8_t kStance_chizuru_0Pixels[] PROGMEM = {
  0x0c, 0x00, 0x33, 0x22, 0x33, 0x03, 0x01, 0xee, 0x77, 0x44, 0x0b, 0x01, 0x00, 0x00, 0x00, 0x0c,
  0x01, 0xee, 0x77, 0x44, 0x0d, 0x01, 0x00, 0x00, 0x00, 0x0e, 0x01, 0x00, 0x00, 0x00, 0x03, 0x02,
  0xaa, 0x33, 0x00, 0x04, 0x02, 0xee, 0x77, 0x44, 0x0c, 0x02, 0xff, 0xee, 0xcc, 0x0d, 0x02, 0x66,
  0x11, 0x00, 0x0e, 0x02, 0x55, 0x33, 0x44, 0x04, 0x03, 0xee, 0x77, 0x44, 0x05, 0x03, 0xcc, 0x33,
  0x11, 0x06, 0x03, 0xbb, 0xaa, 0xbb, 0x07, 0x03, 0xee, 0xdd, 0xdd, 0x08, 0x03, 0xbb, 0xaa, 0xbb,
  0x0a, 0x03, 0xbb, 0xaa, 0xbb, 0x0b, 0x03, 0xbb, 0xaa, 0xbb, 0x0c, 0x03, 0xee, 0x77, 0x44, 0x0d,
  0x03, 0xff, 0xff, 0xff, 0x0e, 0x03, 0x99, 0x77, 0x88, 0x05, 0x04, 0xee, 0xdd, 0xdd, 0x06, 0x04,
  0xee, 0xdd, 0xdd, 0x07, 0x04, 0xee, 0xdd, 0xdd, 0x08, 0x04, 0x99, 0x77, 0x88, 0x09, 0x04, 0xbb,
  0xaa, 0xbb, 0x0a, 0x04, 0x99, 0x77, 0x88, 0x0b, 0x04, 0xee, 0xdd, 0xdd, 0x0c, 0x04, 0xff, 0xff,
  0xff, 0x0d, 0x04, 0x99, 0x77, 0x88, 0x0e, 0x04, 0xff, 0xff, 0xff, 0x0f, 0x04, 0x99, 0x77, 0x88,
  0x10, 0x04, 0x99, 0x77, 0x88, 0x05, 0x05, 0xee, 0xdd, 0xdd, 0x06, 0x05, 0xbb, 0xaa, 0xbb, 0x07,
  0x05, 0xbb, 0xaa, 0xbb, 0x08, 0x05, 0xee, 0xdd, 0xdd, 0x09, 0x05, 0xee, 0xdd, 0xdd, 0x0a, 0x05,
  0xbb, 0xaa, 0xbb, 0x0b, 0x05, 0x55, 0x33, 0x44, 0x0c, 0x05, 0xee, 0xdd, 0xdd, 0x0d, 0x05, 0xee,
  0xdd, 0xdd, 0x0e, 0x05, 0xbb, 0xaa, 0xbb, 0x0f, 0x05, 0x99, 0x77, 0x88, 0x10, 0x05, 0x55, 0x33,
  0x44, 0x05, 0x06, 0xee, 0xdd, 0xdd, 0x06, 0x06, 0xee, 0xdd, 0xdd, 0x07, 0x06, 0xee, 0xdd, 0xdd,
  0x08, 0x06, 0x99, 0x77, 0x88, 0x09, 0x06, 0x55, 0x33, 0x44, 0x0c, 0x06, 0x99, 0x77, 0x88, 0x0d,
  0x06, 0x99, 0x77, 0x88, 0x0e, 0x06, 0x99, 0x77, 0x88, 0x0f, 0x06, 0x55, 0x33, 0x44, 0x10, 0x06,
  0x55, 0x33, 0x44, 0x0c, 0x07, 0x66, 0x11, 0x00, 0x0d, 0x07, 0xcc, 0x33, 0x11, 0x0e, 0x07, 0x99,
  0x11, 0x11, 0x0f, 0x07, 0x99, 0x77, 0x88, 0x10, 0x07, 0x55, 0x33, 0x44, 0x0c, 0x08, 0xee, 0xdd,
  0xdd, 0x0d, 0x08, 0xff, 0xff, 0xff, 0x0e, 0x08, 0x55, 0x33, 0x44, 0x0f, 0x08, 0x55, 0x33, 0x44,
  0x10, 0x08, 0x99, 0x77, 0x88, 0x0c, 0x09, 0xff, 0xff, 0xff, 0x0d, 0x09, 0xff, 0xff, 0xff, 0x0e,
  0x09, 0xcc, 0x33, 0x11, 0x0f, 0x09, 0xbb, 0xaa, 0xbb, 0x10, 0x09, 0x99, 0x77, 0x88, 0x0b, 0x0a,
  0x00, 0x00, 0x00, 0x0c, 0x0a, 0x55, 0x33, 0x44, 0x0d, 0x0a, 0xee, 0xdd, 0xdd, 0x0e, 0x0a, 0x00,
  0x00, 0x00, 0x0f, 0x0a, 0xbb, 0xaa, 0xbb, 0x10, 0x0a, 0x99, 0x77, 0x88, 0x0b, 0x0b, 0x22, 0x11,
  0x22, 0x0c, 0x0b, 0x55, 0x33, 0x44, 0x0d, 0x0b, 0x22, 0x11, 0x22, 0x0e, 0x0b, 0x22, 0x11, 0x22,
  0x0f, 0x0b, 0x00, 0x00, 0x00, 0x10, 0x0b, 0x99, 0x77, 0x88, 0x0b, 0x0c, 0x22, 0x11, 0x22, 0x0c,
  0x0c, 0x00, 0x00, 0x00, 0x0d, 0x0c, 0x00, 0x00, 0x00, 0x0e, 0x0c, 0x22, 0x11, 0x22, 0x0f, 0x0c,
  0x00, 0x00, 0x00, 0x10, 0x0c, 0x66, 0x11, 0x00, 0x0b, 0x0d, 0x33, 0x22, 0x33, 0x0c, 0x0d, 0x00,
  0x00, 0x00, 0x0d, 0x0d, 0x00, 0x00, 0x00, 0x0e, 0x0d, 0x33, 0x22, 0x33, 0x0f, 0x0d, 0x00, 0x00,
  0x00, 0x10, 0x0d, 0x66, 0x11, 0x00, 0x0a, 0x0e, 0x22, 0x11, 0x22, 0x0b, 0x0e, 0x55, 0x33, 0x44,
  0x0d, 0x0e, 0x00, 0x00, 0x00, 0x0e, 0x0e, 0x33, 0x22, 0x33, 0x0f, 0x0e, 0x00, 0x00, 0x00, 0x0a,
  0x0f, 0x00, 0x00, 0x00, 0x0b, 0x0f, 0x00, 0x00, 0x00, 0x0d, 0x0f, 0x00, 0x00, 0x00, 0x0e, 0x0f,
  0x33, 0x22, 0x33, 0x09, 0x10, 0x33, 0x22, 0x33, 0x0a, 0x10, 0x00, 0x00, 0x00, 0x0d, 0x10, 0x00,
  0x00, 0x00, 0x0e, 0x10, 0x55, 0x33, 0x44, 0x08, 0x11, 0x00, 0x00, 0x00, 0x09, 0x11, 0x55, 0x33,
  0x44, 0x0a, 0x11, 0x00, 0x00, 0x00, 0x0d, 0x11, 0x22, 0x11, 0x22, 0x0e, 0x11, 0x55, 0x33, 0x44,
  0x08, 0x12, 0x22, 0x11, 0x22, 0x09, 0x12, 0x00, 0x00, 0x00, 0x0d, 0x12, 0x22, 0x11, 0x22, 0x0e,
  0x12, 0x55, 0x33, 0x44, 0x08, 0x13, 0x55, 0x33, 0x44, 0x09, 0x13, 0x00, 0x00, 0x00, 0x0d, 0x13,
  0x00, 0x00, 0x00, 0x0e, 0x13, 0x00, 0x00, 0x00, 0x08, 0x14, 0xaa, 0x33, 0x00, 0x0e, 0x14, 0xaa,
  0x33, 0x00, 0x07, 0x15, 0xee, 0x77, 0x44, 0x0d, 0x15, 0x00, 0x00, 0x00, 0x0e, 0x15, 0xff, 0xee,
  0xcc, 0x06, 0x16, 0x22, 0x11, 0x22, 0x07, 0x16, 0x00, 0x00, 0x00, 0x0e, 0x16, 0x00, 0x00, 0x00,
  0x0f, 0x16, 0x22, 0x11, 0x22
};
static const KofSprite kStance_chizuru_0 PROGMEM = {
  .w = 20, .h = 23, .pixelCount = 129,
  .pixels = kStance_chizuru_0Pixels, .fmt = 5,
};

// chizuru 帧 1: 20×23, 128 pixels
static const uint8_t kStance_chizuru_1Pixels[] PROGMEM = {
  0x0c, 0x00, 0x33, 0x22, 0x33, 0x0b, 0x01, 0x00, 0x00, 0x00, 0x0c, 0x01, 0xee, 0x77, 0x44, 0x0d,
  0x01, 0x00, 0x00, 0x00, 0x0e, 0x01, 0x00, 0x00, 0x00, 0x03, 0x02, 0xff, 0xee, 0xcc, 0x0c, 0x02,
  0xff, 0xee, 0xcc, 0x0d, 0x02, 0x66, 0x11, 0x00, 0x0e, 0x02, 0x55, 0x33, 0x44, 0x03, 0x03, 0xaa,
  0x33, 0x00, 0x04, 0x03, 0xff, 0xbb, 0x88, 0x05, 0x03, 0xcc, 0x33, 0x11, 0x07, 0x03, 0xee, 0xdd,
  0xdd, 0x08, 0x03, 0xbb, 0xaa, 0xbb, 0x0a, 0x03, 0xbb, 0xaa, 0xbb, 0x0b, 0x03, 0xbb, 0xaa, 0xbb,
  0x0c, 0x03, 0xee, 0x77, 0x44, 0x0d, 0x03, 0xff, 0xff, 0xff, 0x0e, 0x03, 0x99, 0x77, 0x88, 0x05,
  0x04, 0xee, 0xdd, 0xdd, 0x06, 0x04, 0xee, 0xdd, 0xdd, 0x07, 0x04, 0xee, 0xdd, 0xdd, 0x08, 0x04,
  0x99, 0x77, 0x88, 0x09, 0x04, 0xbb, 0xaa, 0xbb, 0x0a, 0x04, 0x99, 0x77, 0x88, 0x0b, 0x04, 0xee,
  0xdd, 0xdd, 0x0c, 0x04, 0xff, 0xff, 0xff, 0x0d, 0x04, 0x99, 0x77, 0x88, 0x0e, 0x04, 0xff, 0xff,
  0xff, 0x0f, 0x04, 0x99, 0x77, 0x88, 0x10, 0x04, 0x99, 0x77, 0x88, 0x05, 0x05, 0xee, 0xdd, 0xdd,
  0x06, 0x05, 0xee, 0xdd, 0xdd, 0x07, 0x05, 0xbb, 0xaa, 0xbb, 0x08, 0x05, 0xee, 0xdd, 0xdd, 0x09,
  0x05, 0xee, 0xdd, 0xdd, 0x0a, 0x05, 0xbb, 0xaa, 0xbb, 0x0b, 0x05, 0x55, 0x33, 0x44, 0x0c, 0x05,
  0xee, 0xdd, 0xdd, 0x0d, 0x05, 0xee, 0xdd, 0xdd, 0x0e, 0x05, 0xbb, 0xaa, 0xbb, 0x0f, 0x05, 0x99,
  0x77, 0x88, 0x10, 0x05, 0x55, 0x33, 0x44, 0x05, 0x06, 0xee, 0xdd, 0xdd, 0x06, 0x06, 0xee, 0xdd,
  0xdd, 0x07, 0x06, 0xee, 0xdd, 0xdd, 0x08, 0x06, 0x99, 0x77, 0x88, 0x09, 0x06, 0x55, 0x33, 0x44,
  0x0c, 0x06, 0x99, 0x77, 0x88, 0x0d, 0x06, 0x99, 0x77, 0x88, 0x0e, 0x06, 0x99, 0x77, 0x88, 0x0f,
  0x06, 0x55, 0x33, 0x44, 0x10, 0x06, 0x55, 0x33, 0x44, 0x05, 0x07, 0x55, 0x33, 0x44, 0x0c, 0x07,
  0x66, 0x11, 0x00, 0x0d, 0x07, 0xcc, 0x33, 0x11, 0x0e, 0x07, 0x99, 0x11, 0x11, 0x0f, 0x07, 0x99,
  0x77, 0x88, 0x10, 0x07, 0x55, 0x33, 0x44, 0x0c, 0x08, 0xee, 0xdd, 0xdd, 0x0d, 0x08, 0xff, 0xff,
  0xff, 0x0e, 0x08, 0x55, 0x33, 0x44, 0x0f, 0x08, 0x55, 0x33, 0x44, 0x10, 0x08, 0x99, 0x77, 0x88,
  0x0c, 0x09, 0xff, 0xff, 0xff, 0x0d, 0x09, 0xff, 0xff, 0xff, 0x0e, 0x09, 0xcc, 0x33, 0x11, 0x0f,
  0x09, 0xbb, 0xaa, 0xbb, 0x10, 0x09, 0x99, 0x77, 0x88, 0x0b, 0x0a, 0x00, 0x00, 0x00, 0x0c, 0x0a,
  0x55, 0x33, 0x44, 0x0d, 0x0a, 0xee, 0xdd, 0xdd, 0x0e, 0x0a, 0x00, 0x00, 0x00, 0x0f, 0x0a, 0xbb,
  0xaa, 0xbb, 0x10, 0x0a, 0x99, 0x77, 0x88, 0x0b, 0x0b, 0x22, 0x11, 0x22, 0x0c, 0x0b, 0x55, 0x33,
  0x44, 0x0d, 0x0b, 0x22, 0x11, 0x22, 0x0e, 0x0b, 0x22, 0x11, 0x22, 0x0f, 0x0b, 0x00, 0x00, 0x00,
  0x10, 0x0b, 0x99, 0x77, 0x88, 0x0b, 0x0c, 0x22, 0x11, 0x22, 0x0c, 0x0c, 0x00, 0x00, 0x00, 0x0d,
  0x0c, 0x00, 0x00, 0x00, 0x0e, 0x0c, 0x22, 0x11, 0x22, 0x0f, 0x0c, 0x00, 0x00, 0x00, 0x10, 0x0c,
  0x66, 0x11, 0x00, 0x0b, 0x0d, 0x33, 0x22, 0x33, 0x0c, 0x0d, 0x00, 0x00, 0x00, 0x0d, 0x0d, 0x00,
  0x00, 0x00, 0x0e, 0x0d, 0x33, 0x22, 0x33, 0x0f, 0x0d, 0x00, 0x00, 0x00, 0x10, 0x0d, 0x66, 0x11,
  0x00, 0x0a, 0x0e, 0x22, 0x11, 0x22, 0x0b, 0x0e, 0x55, 0x33, 0x44, 0x0d, 0x0e, 0x00, 0x00, 0x00,
  0x0e, 0x0e, 0x33, 0x22, 0x33, 0x0f, 0x0e, 0x00, 0x00, 0x00, 0x0a, 0x0f, 0x00, 0x00, 0x00, 0x0b,
  0x0f, 0x00, 0x00, 0x00, 0x0d, 0x0f, 0x00, 0x00, 0x00, 0x0e, 0x0f, 0x33, 0x22, 0x33, 0x09, 0x10,
  0x33, 0x22, 0x33, 0x0a, 0x10, 0x00, 0x00, 0x00, 0x0d, 0x10, 0x00, 0x00, 0x00, 0x0e, 0x10, 0x55,
  0x33, 0x44, 0x08, 0x11, 0x00, 0x00, 0x00, 0x09, 0x11, 0x55, 0x33, 0x44, 0x0a, 0x11, 0x00, 0x00,
  0x00, 0x0d, 0x11, 0x22, 0x11, 0x22, 0x0e, 0x11, 0x55, 0x33, 0x44, 0x08, 0x12, 0x22, 0x11, 0x22,
  0x09, 0x12, 0x00, 0x00, 0x00, 0x0d, 0x12, 0x22, 0x11, 0x22, 0x0e, 0x12, 0x55, 0x33, 0x44, 0x08,
  0x13, 0x55, 0x33, 0x44, 0x09, 0x13, 0x00, 0x00, 0x00, 0x0d, 0x13, 0x00, 0x00, 0x00, 0x0e, 0x13,
  0x00, 0x00, 0x00, 0x08, 0x14, 0xaa, 0x33, 0x00, 0x0e, 0x14, 0xaa, 0x33, 0x00, 0x07, 0x15, 0xee,
  0x77, 0x44, 0x0d, 0x15, 0x00, 0x00, 0x00, 0x0e, 0x15, 0xff, 0xee, 0xcc, 0x06, 0x16, 0x22, 0x11,
  0x22, 0x07, 0x16, 0x00, 0x00, 0x00, 0x0e, 0x16, 0x00, 0x00, 0x00, 0x0f, 0x16, 0x22, 0x11, 0x22
};
static const KofSprite kStance_chizuru_1 PROGMEM = {
  .w = 20, .h = 23, .pixelCount = 128,
  .pixels = kStance_chizuru_1Pixels, .fmt = 5,
};

// chizuru 帧 2: 20×23, 125 pixels
static const uint8_t kStance_chizuru_2Pixels[] PROGMEM = {
  0x0c, 0x00, 0x33, 0x22, 0x33, 0x0b, 0x01, 0x00, 0x00, 0x00, 0x0c, 0x01, 0xee, 0x77, 0x44, 0x0d,
  0x01, 0x00, 0x00, 0x00, 0x0c, 0x02, 0xff, 0xee, 0xcc, 0x0d, 0x02, 0x55, 0x33, 0x44, 0x0e, 0x02,
  0x00, 0x00, 0x00, 0x08, 0x03, 0xee, 0xdd, 0xdd, 0x0a, 0x03, 0xff, 0xff, 0xff, 0x0b, 0x03, 0xbb,
  0xaa, 0xbb, 0x0c, 0x03, 0xee, 0x77, 0x44, 0x0d, 0x03, 0xee, 0xdd, 0xdd, 0x0e, 0x03, 0xbb, 0xaa,
  0xbb, 0x03, 0x04, 0xaa, 0x33, 0x00, 0x04, 0x04, 0xbb, 0xaa, 0xbb, 0x05, 0x04, 0xff, 0xff, 0xff,
  0x06, 0x04, 0xff, 0xff, 0xff, 0x07, 0x04, 0xbb, 0xaa, 0xbb, 0x08, 0x04, 0xbb, 0xaa, 0xbb, 0x09,
  0x04, 0xee, 0xdd, 0xdd, 0x0a, 0x04, 0x99, 0x77, 0x88, 0x0b, 0x04, 0x99, 0x77, 0x88, 0x0c, 0x04,
  0xff, 0xff, 0xff, 0x0d, 0x04, 0xff, 0xff, 0xff, 0x0e, 0x04, 0xee, 0xdd, 0xdd, 0x0f, 0x04, 0x99,
  0x77, 0x88, 0x05, 0x05, 0xee, 0xdd, 0xdd, 0x06, 0x05, 0xee, 0xdd, 0xdd, 0x07, 0x05, 0xee, 0xdd,
  0xdd, 0x08, 0x05, 0xee, 0xdd, 0xdd, 0x09, 0x05, 0xbb, 0xaa, 0xbb, 0x0a, 0x05, 0xbb, 0xaa, 0xbb,
  0x0b, 0x05, 0x99, 0x77, 0x88, 0x0c, 0x05, 0xee, 0xdd, 0xdd, 0x0d, 0x05, 0x99, 0x11, 0x11, 0x0e,
  0x05, 0x99, 0x77, 0x88, 0x0f, 0x05, 0x99, 0x77, 0x88, 0x05, 0x06, 0xee, 0xdd, 0xdd, 0x06, 0x06,
  0xbb, 0xaa, 0xbb, 0x07, 0x06, 0xee, 0xdd, 0xdd, 0x08, 0x06, 0xbb, 0xaa, 0xbb, 0x09, 0x06, 0x55,
  0x33, 0x44, 0x0b, 0x06, 0x99, 0x77, 0x88, 0x0c, 0x06, 0x99, 0x77, 0x88, 0x0d, 0x06, 0x99, 0x77,
  0x88, 0x0e, 0x06, 0x55, 0x33, 0x44, 0x0f, 0x06, 0x55, 0x33, 0x44, 0x05, 0x07, 0xbb, 0xaa, 0xbb,
  0x06, 0x07, 0x55, 0x33, 0x44, 0x0c, 0x07, 0x66, 0x11, 0x00, 0x0d, 0x07, 0xcc, 0x33, 0x11, 0x0e,
  0x07, 0x66, 0x11, 0x00, 0x0f, 0x07, 0x99, 0x77, 0x88, 0x0c, 0x08, 0xee, 0xdd, 0xdd, 0x0d, 0x08,
  0xcc, 0x33, 0x11, 0x0e, 0x08, 0xee, 0xdd, 0xdd, 0x0f, 0x08, 0x55, 0x33, 0x44, 0x10, 0x08, 0x99,
  0x77, 0x88, 0x0b, 0x09, 0xee, 0xdd, 0xdd, 0x0c, 0x09, 0xff, 0xff, 0xff, 0x0d, 0x09, 0xee, 0xdd,
  0xdd, 0x0e, 0x09, 0xee, 0x77, 0x44, 0x0f, 0x09, 0xbb, 0xaa, 0xbb, 0x10, 0x09, 0x99, 0x77, 0x88,
  0x0b, 0x0a, 0x33, 0x22, 0x33, 0x0c, 0x0a, 0x55, 0x33, 0x44, 0x0d, 0x0a, 0xee, 0xdd, 0xdd, 0x0e,
  0x0a, 0x00, 0x00, 0x00, 0x0f, 0x0a, 0xbb, 0xaa, 0xbb, 0x10, 0x0a, 0xbb, 0xaa, 0xbb, 0x0b, 0x0b,
  0x33, 0x22, 0x33, 0x0c, 0x0b, 0x55, 0x33, 0x44, 0x0d, 0x0b, 0x00, 0x00, 0x00, 0x0e, 0x0b, 0x33,
  0x22, 0x33, 0x0f, 0x0b, 0x00, 0x00, 0x00, 0x10, 0x0b, 0xcc, 0x33, 0x11, 0x0a, 0x0c, 0x00, 0x00,
  0x00, 0x0b, 0x0c, 0x33, 0x22, 0x33, 0x0c, 0x0c, 0x00, 0x00, 0x00, 0x0d, 0x0c, 0x22, 0x11, 0x22,
  0x0e, 0x0c, 0x33, 0x22, 0x33, 0x0f, 0x0c, 0x00, 0x00, 0x00, 0x10, 0x0c, 0x66, 0x11, 0x00, 0x0a,
  0x0d, 0x22, 0x11, 0x22, 0x0b, 0x0d, 0x55, 0x33, 0x44, 0x0c, 0x0d, 0x00, 0x00, 0x00, 0x0d, 0x0d,
  0x22, 0x11, 0x22, 0x0e, 0x0d, 0x55, 0x33, 0x44, 0x0f, 0x0d, 0x00, 0x00, 0x00, 0x10, 0x0d, 0x66,
  0x11, 0x00, 0x0a, 0x0e, 0x33, 0x22, 0x33, 0x0b, 0x0e, 0x22, 0x11, 0x22, 0x0d, 0x0e, 0x22, 0x11,
  0x22, 0x0e, 0x0e, 0x33, 0x22, 0x33, 0x0f, 0x0e, 0x00, 0x00, 0x00, 0x0a, 0x0f, 0x33, 0x22, 0x33,
  0x0b, 0x0f, 0x00, 0x00, 0x00, 0x0d, 0x0f, 0x00, 0x00, 0x00, 0x0e, 0x0f, 0x55, 0x33, 0x44, 0x09,
  0x10, 0x00, 0x00, 0x00, 0x0a, 0x10, 0x00, 0x00, 0x00, 0x0d, 0x10, 0x33, 0x22, 0x33, 0x0e, 0x10,
  0x00, 0x00, 0x00, 0x08, 0x11, 0x00, 0x00, 0x00, 0x09, 0x11, 0x00, 0x00, 0x00, 0x0d, 0x11, 0x33,
  0x22, 0x33, 0x0e, 0x11, 0x00, 0x00, 0x00, 0x08, 0x12, 0x22, 0x11, 0x22, 0x09, 0x12, 0x00, 0x00,
  0x00, 0x0d, 0x12, 0x33, 0x22, 0x33, 0x0e, 0x12, 0x00, 0x00, 0x00, 0x08, 0x13, 0x55, 0x33, 0x44,
  0x0d, 0x13, 0x33, 0x22, 0x33, 0x0e, 0x13, 0x00, 0x00, 0x00, 0x07, 0x14, 0x00, 0x00, 0x00, 0x08,
  0x14, 0xaa, 0x33, 0x00, 0x0d, 0x14, 0xff, 0xbb, 0x88, 0x07, 0x15, 0xff, 0xee, 0xcc, 0x0d, 0x15,
  0xff, 0xbb, 0x88, 0x0e, 0x15, 0xee, 0x77, 0x44, 0x06, 0x16, 0x22, 0x11, 0x22, 0x07, 0x16, 0x00,
  0x00, 0x00, 0x0d, 0x16, 0x00, 0x00, 0x00, 0x0e, 0x16, 0x22, 0x11, 0x22, 0x0f, 0x16, 0x22, 0x11,
  0x22
};
static const KofSprite kStance_chizuru_2 PROGMEM = {
  .w = 20, .h = 23, .pixelCount = 125,
  .pixels = kStance_chizuru_2Pixels, .fmt = 5,
};

// chizuru 帧 3: 20×23, 122 pixels
static const uint8_t kStance_chizuru_3Pixels[] PROGMEM = {
  0x0c, 0x00, 0x22, 0x11, 0x22, 0x0a, 0x01, 0x33, 0x22, 0x33, 0x0b, 0x01, 0xaa, 0x33, 0x00, 0x0c,
  0x01, 0xaa, 0x33, 0x00, 0x0d, 0x01, 0x00, 0x00, 0x00, 0x0b, 0x02, 0x66, 0x11, 0x00, 0x0c, 0x02,
  0xff, 0xee, 0xcc, 0x0d, 0x02, 0xee, 0xdd, 0xdd, 0x05, 0x03, 0xbb, 0xaa, 0xbb, 0x0a, 0x03, 0xee,
  0xdd, 0xdd, 0x0b, 0x03, 0x99, 0x77, 0x88, 0x0c, 0x03, 0xaa, 0x33, 0x00, 0x0d, 0x03, 0xbb, 0xaa,
  0xbb, 0x0e, 0x03, 0x00, 0x00, 0x00, 0x03, 0x04, 0xaa, 0x33, 0x00, 0x04, 0x04, 0x66, 0x11, 0x00,
  0x05, 0x04, 0xcc, 0x33, 0x11, 0x06, 0x04, 0xff, 0xff, 0xff, 0x07, 0x04, 0xbb, 0xaa, 0xbb, 0x08,
  0x04, 0xbb, 0xaa, 0xbb, 0x09, 0x04, 0xbb, 0xaa, 0xbb, 0x0a, 0x04, 0xbb, 0xaa, 0xbb, 0x0b, 0x04,
  0xee, 0xdd, 0xdd, 0x0c, 0x04, 0xff, 0xff, 0xff, 0x0d, 0x04, 0xff, 0xff, 0xff, 0x0e, 0x04, 0xff,
  0xff, 0xff, 0x0f, 0x04, 0xbb, 0xaa, 0xbb, 0x04, 0x05, 0x00, 0x00, 0x00, 0x05, 0x05, 0x99, 0x11,
  0x11, 0x06, 0x05, 0xee, 0xdd, 0xdd, 0x07, 0x05, 0xee, 0xdd, 0xdd, 0x08, 0x05, 0xee, 0xdd, 0xdd,
  0x09, 0x05, 0xbb, 0xaa, 0xbb, 0x0a, 0x05, 0xbb, 0xaa, 0xbb, 0x0b, 0x05, 0x99, 0x77, 0x88, 0x0c,
  0x05, 0xee, 0xdd, 0xdd, 0x0d, 0x05, 0xbb, 0xaa, 0xbb, 0x0e, 0x05, 0xee, 0xdd, 0xdd, 0x0f, 0x05,
  0x55, 0x33, 0x44, 0x04, 0x06, 0x55, 0x33, 0x44, 0x05, 0x06, 0x99, 0x11, 0x11, 0x06, 0x06, 0xee,
  0xdd, 0xdd, 0x07, 0x06, 0xee, 0xdd, 0xdd, 0x08, 0x06, 0x99, 0x77, 0x88, 0x09, 0x06, 0x55, 0x33,
  0x44, 0x0b, 0x06, 0xbb, 0xaa, 0xbb, 0x0c, 0x06, 0x99, 0x77, 0x88, 0x0d, 0x06, 0x99, 0x77, 0x88,
  0x0e, 0x06, 0x99, 0x77, 0x88, 0x0f, 0x06, 0xee, 0xdd, 0xdd, 0x05, 0x07, 0x99, 0x77, 0x88, 0x0c,
  0x07, 0x99, 0x11, 0x11, 0x0d, 0x07, 0x99, 0x11, 0x11, 0x0e, 0x07, 0x66, 0x11, 0x00, 0x0f, 0x07,
  0xbb, 0xaa, 0xbb, 0x0b, 0x08, 0xbb, 0xaa, 0xbb, 0x0c, 0x08, 0xff, 0xff, 0xff, 0x0d, 0x08, 0x99,
  0x11, 0x11, 0x0e, 0x08, 0x99, 0x77, 0x88, 0x0f, 0x08, 0x99, 0x77, 0x88, 0x0b, 0x09, 0xee, 0xdd,
  0xdd, 0x0c, 0x09, 0xff, 0xff, 0xff, 0x0d, 0x09, 0xee, 0xdd, 0xdd, 0x0e, 0x09, 0xff, 0xff, 0xff,
  0x0f, 0x09, 0x55, 0x33, 0x44, 0x0b, 0x0a, 0x33, 0x22, 0x33, 0x0c, 0x0a, 0x00, 0x00, 0x00, 0x0d,
  0x0a, 0xcc, 0x33, 0x11, 0x0e, 0x0a, 0xcc, 0x33, 0x11, 0x0f, 0x0a, 0x00, 0x00, 0x00, 0x10, 0x0a,
  0x99, 0x77, 0x88, 0x0a, 0x0b, 0x00, 0x00, 0x00, 0x0b, 0x0b, 0x33, 0x22, 0x33, 0x0c, 0x0b, 0x00,
  0x00, 0x00, 0x0d, 0x0b, 0x00, 0x00, 0x00, 0x0e, 0x0b, 0x55, 0x33, 0x44, 0x0f, 0x0b, 0x00, 0x00,
  0x00, 0x10, 0x0b, 0x99, 0x11, 0x11, 0x0a, 0x0c, 0x22, 0x11, 0x22, 0x0b, 0x0c, 0x33, 0x22, 0x33,
  0x0c, 0x0c, 0x22, 0x11, 0x22, 0x0d, 0x0c, 0x00, 0x00, 0x00, 0x0e, 0x0c, 0x55, 0x33, 0x44, 0x0f,
  0x0c, 0x00, 0x00, 0x00, 0x10, 0x0c, 0x66, 0x11, 0x00, 0x0a, 0x0d, 0x33, 0x22, 0x33, 0x0b, 0x0d,
  0x55, 0x33, 0x44, 0x0c, 0x0d, 0x00, 0x00, 0x00, 0x0d, 0x0d, 0x33, 0x22, 0x33, 0x0e, 0x0d, 0x55,
  0x33, 0x44, 0x10, 0x0d, 0xaa, 0x33, 0x00, 0x0a, 0x0e, 0x33, 0x22, 0x33, 0x0b, 0x0e, 0x00, 0x00,
  0x00, 0x0d, 0x0e, 0x22, 0x11, 0x22, 0x0e, 0x0e, 0x55, 0x33, 0x44, 0x09, 0x0f, 0x00, 0x00, 0x00,
  0x0a, 0x0f, 0x55, 0x33, 0x44, 0x0b, 0x0f, 0x00, 0x00, 0x00, 0x0d, 0x0f, 0x33, 0x22, 0x33, 0x0e,
  0x0f, 0x55, 0x33, 0x44, 0x09, 0x10, 0x00, 0x00, 0x00, 0x0a, 0x10, 0x00, 0x00, 0x00, 0x0d, 0x10,
  0x55, 0x33, 0x44, 0x0e, 0x10, 0x00, 0x00, 0x00, 0x08, 0x11, 0x22, 0x11, 0x22, 0x09, 0x11, 0x00,
  0x00, 0x00, 0x0d, 0x11, 0x33, 0x22, 0x33, 0x0e, 0x11, 0x00, 0x00, 0x00, 0x08, 0x12, 0x33, 0x22,
  0x33, 0x09, 0x12, 0x00, 0x00, 0x00, 0x0d, 0x12, 0x55, 0x33, 0x44, 0x07, 0x13, 0x00, 0x00, 0x00,
  0x08, 0x13, 0x00, 0x00, 0x00, 0x0d, 0x13, 0x55, 0x33, 0x44, 0x07, 0x14, 0x33, 0x22, 0x33, 0x0d,
  0x14, 0xff, 0xbb, 0x88, 0x07, 0x15, 0xff, 0xbb, 0x88, 0x0d, 0x15, 0xff, 0xbb, 0x88, 0x06, 0x16,
  0x22, 0x11, 0x22, 0x07, 0x16, 0x00, 0x00, 0x00, 0x0e, 0x16, 0x22, 0x11, 0x22, 0x0f, 0x16, 0x00,
  0x00, 0x00
};
static const KofSprite kStance_chizuru_3 PROGMEM = {
  .w = 20, .h = 23, .pixelCount = 122,
  .pixels = kStance_chizuru_3Pixels, .fmt = 5,
};

// chizuru 帧 4: 20×23, 127 pixels
static const uint8_t kStance_chizuru_4Pixels[] PROGMEM = {
  0x0c, 0x00, 0x22, 0x11, 0x22, 0x0b, 0x01, 0x00, 0x00, 0x00, 0x0c, 0x01, 0xaa, 0x33, 0x00, 0x0d,
  0x01, 0xbb, 0xaa, 0xbb, 0x03, 0x02, 0xaa, 0x33, 0x00, 0x0b, 0x02, 0x22, 0x11, 0x22, 0x0c, 0x02,
  0xff, 0xee, 0xcc, 0x0d, 0x02, 0xff, 0xff, 0xff, 0x0e, 0x02, 0x00, 0x00, 0x00, 0x03, 0x03, 0xaa,
  0x33, 0x00, 0x04, 0x03, 0xff, 0xbb, 0x88, 0x05, 0x03, 0xee, 0xdd, 0xdd, 0x07, 0x03, 0xee, 0xdd,
  0xdd, 0x08, 0x03, 0xee, 0xdd, 0xdd, 0x0a, 0x03, 0xbb, 0xaa, 0xbb, 0x0b, 0x03, 0xff, 0xff, 0xff,
  0x0c, 0x03, 0xaa, 0x33, 0x00, 0x0d, 0x03, 0xff, 0xff, 0xff, 0x0e, 0x03, 0x55, 0x33, 0x44, 0x05,
  0x04, 0x99, 0x11, 0x11, 0x06, 0x04, 0xee, 0xdd, 0xdd, 0x07, 0x04, 0xee, 0xdd, 0xdd, 0x08, 0x04,
  0xbb, 0xaa, 0xbb, 0x09, 0x04, 0xbb, 0xaa, 0xbb, 0x0a, 0x04, 0x99, 0x77, 0x88, 0x0b, 0x04, 0x99,
  0x77, 0x88, 0x0c, 0x04, 0xff, 0xff, 0xff, 0x0d, 0x04, 0xcc, 0x33, 0x11, 0x0e, 0x04, 0xff, 0xff,
  0xff, 0x0f, 0x04, 0xbb, 0xaa, 0xbb, 0x10, 0x04, 0x55, 0x33, 0x44, 0x05, 0x05, 0x99, 0x11, 0x11,
  0x06, 0x05, 0xbb, 0xaa, 0xbb, 0x07, 0x05, 0xbb, 0xaa, 0xbb, 0x08, 0x05, 0xee, 0xdd, 0xdd, 0x09,
  0x05, 0xee, 0xdd, 0xdd, 0x0a, 0x05, 0xbb, 0xaa, 0xbb, 0x0b, 0x05, 0x55, 0x33, 0x44, 0x0c, 0x05,
  0xee, 0xdd, 0xdd, 0x0d, 0x05, 0xee, 0xdd, 0xdd, 0x0e, 0x05, 0xbb, 0xaa, 0xbb, 0x0f, 0x05, 0x55,
  0x33, 0x44, 0x05, 0x06, 0xee, 0xdd, 0xdd, 0x06, 0x06, 0xee, 0xdd, 0xdd, 0x07, 0x06, 0xee, 0xdd,
  0xdd, 0x08, 0x06, 0x99, 0x77, 0x88, 0x09, 0x06, 0x55, 0x33, 0x44, 0x0b, 0x06, 0x55, 0x33, 0x44,
  0x0c, 0x06, 0x99, 0x77, 0x88, 0x0d, 0x06, 0x66, 0x11, 0x00, 0x0e, 0x06, 0x99, 0x77, 0x88, 0x0f,
  0x06, 0xee, 0xdd, 0xdd, 0x05, 0x07, 0x66, 0x11, 0x00, 0x0c, 0x07, 0x99, 0x11, 0x11, 0x0d, 0x07,
  0xcc, 0x33, 0x11, 0x0e, 0x07, 0x99, 0x11, 0x11, 0x0f, 0x07, 0xbb, 0xaa, 0xbb, 0x10, 0x07, 0x99,
  0x77, 0x88, 0x0c, 0x08, 0xff, 0xff, 0xff, 0x0d, 0x08, 0x55, 0x33, 0x44, 0x0e, 0x08, 0x99, 0x77,
  0x88, 0x0f, 0x08, 0x99, 0x77, 0x88, 0x10, 0x08, 0xbb, 0xaa, 0xbb, 0x0b, 0x09, 0xbb, 0xaa, 0xbb,
  0x0c, 0x09, 0xff, 0xff, 0xff, 0x0d, 0x09, 0xff, 0xff, 0xff, 0x0e, 0x09, 0xff, 0xff, 0xff, 0x0f,
  0x09, 0x55, 0x33, 0x44, 0x10, 0x09, 0xee, 0xdd, 0xdd, 0x0b, 0x0a, 0x22, 0x11, 0x22, 0x0c, 0x0a,
  0x00, 0x00, 0x00, 0x0d, 0x0a, 0xee, 0xdd, 0xdd, 0x0e, 0x0a, 0x00, 0x00, 0x00, 0x0f, 0x0a, 0x00,
  0x00, 0x00, 0x10, 0x0a, 0xee, 0xdd, 0xdd, 0x0b, 0x0b, 0x22, 0x11, 0x22, 0x0c, 0x0b, 0x00, 0x00,
  0x00, 0x0d, 0x0b, 0xcc, 0x33, 0x11, 0x0e, 0x0b, 0x33, 0x22, 0x33, 0x0f, 0x0b, 0x00, 0x00, 0x00,
  0x10, 0x0b, 0xee, 0xdd, 0xdd, 0x0b, 0x0c, 0x33, 0x22, 0x33, 0x0c, 0x0c, 0x22, 0x11, 0x22, 0x0d,
  0x0c, 0x00, 0x00, 0x00, 0x0e, 0x0c, 0x33, 0x22, 0x33, 0x0f, 0x0c, 0x00, 0x00, 0x00, 0x10, 0x0c,
  0x66, 0x11, 0x00, 0x0a, 0x0d, 0x22, 0x11, 0x22, 0x0b, 0x0d, 0x33, 0x22, 0x33, 0x0c, 0x0d, 0x00,
  0x00, 0x00, 0x0d, 0x0d, 0x00, 0x00, 0x00, 0x0e, 0x0d, 0x33, 0x22, 0x33, 0x10, 0x0d, 0xaa, 0x33,
  0x00, 0x0a, 0x0e, 0x22, 0x11, 0x22, 0x0b, 0x0e, 0x55, 0x33, 0x44, 0x0d, 0x0e, 0x00, 0x00, 0x00,
  0x0e, 0x0e, 0x33, 0x22, 0x33, 0x0a, 0x0f, 0x33, 0x22, 0x33, 0x0b, 0x0f, 0x00, 0x00, 0x00, 0x0d,
  0x0f, 0x00, 0x00, 0x00, 0x0e, 0x0f, 0x33, 0x22, 0x33, 0x09, 0x10, 0x33, 0x22, 0x33, 0x0a, 0x10,
  0x00, 0x00, 0x00, 0x0d, 0x10, 0x22, 0x11, 0x22, 0x0e, 0x10, 0x55, 0x33, 0x44, 0x08, 0x11, 0x22,
  0x11, 0x22, 0x09, 0x11, 0x00, 0x00, 0x00, 0x0a, 0x11, 0x00, 0x00, 0x00, 0x0d, 0x11, 0x33, 0x22,
  0x33, 0x0e, 0x11, 0x00, 0x00, 0x00, 0x08, 0x12, 0x33, 0x22, 0x33, 0x09, 0x12, 0x00, 0x00, 0x00,
  0x0d, 0x12, 0x33, 0x22, 0x33, 0x0e, 0x12, 0x00, 0x00, 0x00, 0x08, 0x13, 0x00, 0x00, 0x00, 0x0d,
  0x13, 0x22, 0x11, 0x22, 0x0e, 0x13, 0x00, 0x00, 0x00, 0x0d, 0x14, 0xee, 0x77, 0x44, 0x0e, 0x14,
  0x66, 0x11, 0x00, 0x07, 0x15, 0xff, 0xbb, 0x88, 0x0d, 0x15, 0xee, 0x77, 0x44, 0x0e, 0x15, 0xff,
  0xbb, 0x88, 0x06, 0x16, 0x33, 0x22, 0x33, 0x07, 0x16, 0x00, 0x00, 0x00, 0x0d, 0x16, 0x00, 0x00,
  0x00, 0x0e, 0x16, 0xee, 0x77, 0x44, 0x0f, 0x16, 0x00, 0x00, 0x00
};
static const KofSprite kStance_chizuru_4 PROGMEM = {
  .w = 20, .h = 23, .pixelCount = 127,
  .pixels = kStance_chizuru_4Pixels, .fmt = 5,
};

// chizuru 帧 5: 20×23, 124 pixels
static const uint8_t kStance_chizuru_5Pixels[] PROGMEM = {
  0x0c, 0x00, 0x22, 0x11, 0x22, 0x0a, 0x01, 0x33, 0x22, 0x33, 0x0b, 0x01, 0xaa, 0x33, 0x00, 0x0c,
  0x01, 0xaa, 0x33, 0x00, 0x0d, 0x01, 0x00, 0x00, 0x00, 0x03, 0x02, 0xff, 0xbb, 0x88, 0x0b, 0x02,
  0x66, 0x11, 0x00, 0x0c, 0x02, 0xff, 0xee, 0xcc, 0x0d, 0x02, 0xee, 0xdd, 0xdd, 0x03, 0x03, 0xaa,
  0x33, 0x00, 0x04, 0x03, 0xaa, 0x33, 0x00, 0x05, 0x03, 0xcc, 0x33, 0x11, 0x06, 0x03, 0xee, 0xdd,
  0xdd, 0x07, 0x03, 0xee, 0xdd, 0xdd, 0x08, 0x03, 0xee, 0xdd, 0xdd, 0x0a, 0x03, 0xee, 0xdd, 0xdd,
  0x0b, 0x03, 0x99, 0x77, 0x88, 0x0c, 0x03, 0xaa, 0x33, 0x00, 0x0d, 0x03, 0xbb, 0xaa, 0xbb, 0x0e,
  0x03, 0x00, 0x00, 0x00, 0x04, 0x04, 0x00, 0x00, 0x00, 0x05, 0x04, 0x99, 0x11, 0x11, 0x06, 0x04,
  0xee, 0xdd, 0xdd, 0x07, 0x04, 0x99, 0x77, 0x88, 0x08, 0x04, 0xbb, 0xaa, 0xbb, 0x09, 0x04, 0xee,
  0xdd, 0xdd, 0x0a, 0x04, 0xbb, 0xaa, 0xbb, 0x0b, 0x04, 0xee, 0xdd, 0xdd, 0x0c, 0x04, 0xff, 0xff,
  0xff, 0x0d, 0x04, 0xff, 0xff, 0xff, 0x0e, 0x04, 0xff, 0xff, 0xff, 0x0f, 0x04, 0xbb, 0xaa, 0xbb,
  0x04, 0x05, 0x00, 0x00, 0x00, 0x05, 0x05, 0x99, 0x11, 0x11, 0x06, 0x05, 0xbb, 0xaa, 0xbb, 0x07,
  0x05, 0xbb, 0xaa, 0xbb, 0x08, 0x05, 0xee, 0xdd, 0xdd, 0x09, 0x05, 0xbb, 0xaa, 0xbb, 0x0a, 0x05,
  0xbb, 0xaa, 0xbb, 0x0b, 0x05, 0x99, 0x77, 0x88, 0x0c, 0x05, 0xee, 0xdd, 0xdd, 0x0d, 0x05, 0xbb,
  0xaa, 0xbb, 0x0e, 0x05, 0xee, 0xdd, 0xdd, 0x0f, 0x05, 0x55, 0x33, 0x44, 0x05, 0x06, 0xee, 0xdd,
  0xdd, 0x06, 0x06, 0xee, 0xdd, 0xdd, 0x07, 0x06, 0xee, 0xdd, 0xdd, 0x08, 0x06, 0x99, 0x77, 0x88,
  0x0b, 0x06, 0xbb, 0xaa, 0xbb, 0x0c, 0x06, 0x99, 0x77, 0x88, 0x0d, 0x06, 0x99, 0x77, 0x88, 0x0e,
  0x06, 0x99, 0x77, 0x88, 0x0f, 0x06, 0xee, 0xdd, 0xdd, 0x0c, 0x07, 0x99, 0x11, 0x11, 0x0d, 0x07,
  0x99, 0x11, 0x11, 0x0e, 0x07, 0x66, 0x11, 0x00, 0x0f, 0x07, 0xbb, 0xaa, 0xbb, 0x0b, 0x08, 0xbb,
  0xaa, 0xbb, 0x0c, 0x08, 0xff, 0xff, 0xff, 0x0d, 0x08, 0x99, 0x11, 0x11, 0x0e, 0x08, 0x99, 0x77,
  0x88, 0x0f, 0x08, 0x99, 0x77, 0x88, 0x0b, 0x09, 0xee, 0xdd, 0xdd, 0x0c, 0x09, 0xff, 0xff, 0xff,
  0x0d, 0x09, 0xee, 0xdd, 0xdd, 0x0e, 0x09, 0xff, 0xff, 0xff, 0x0f, 0x09, 0x55, 0x33, 0x44, 0x0b,
  0x0a, 0x33, 0x22, 0x33, 0x0c, 0x0a, 0x00, 0x00, 0x00, 0x0d, 0x0a, 0xcc, 0x33, 0x11, 0x0e, 0x0a,
  0xcc, 0x33, 0x11, 0x0f, 0x0a, 0x00, 0x00, 0x00, 0x10, 0x0a, 0x99, 0x77, 0x88, 0x0a, 0x0b, 0x00,
  0x00, 0x00, 0x0b, 0x0b, 0x33, 0x22, 0x33, 0x0c, 0x0b, 0x00, 0x00, 0x00, 0x0d, 0x0b, 0x00, 0x00,
  0x00, 0x0e, 0x0b, 0x55, 0x33, 0x44, 0x0f, 0x0b, 0x00, 0x00, 0x00, 0x10, 0x0b, 0x99, 0x11, 0x11,
  0x0a, 0x0c, 0x22, 0x11, 0x22, 0x0b, 0x0c, 0x33, 0x22, 0x33, 0x0c, 0x0c, 0x22, 0x11, 0x22, 0x0d,
  0x0c, 0x00, 0x00, 0x00, 0x0e, 0x0c, 0x55, 0x33, 0x44, 0x0f, 0x0c, 0x00, 0x00, 0x00, 0x10, 0x0c,
  0x66, 0x11, 0x00, 0x0a, 0x0d, 0x33, 0x22, 0x33, 0x0b, 0x0d, 0x55, 0x33, 0x44, 0x0c, 0x0d, 0x00,
  0x00, 0x00, 0x0d, 0x0d, 0x33, 0x22, 0x33, 0x0e, 0x0d, 0x55, 0x33, 0x44, 0x10, 0x0d, 0xaa, 0x33,
  0x00, 0x0a, 0x0e, 0x33, 0x22, 0x33, 0x0b, 0x0e, 0x00, 0x00, 0x00, 0x0d, 0x0e, 0x22, 0x11, 0x22,
  0x0e, 0x0e, 0x55, 0x33, 0x44, 0x09, 0x0f, 0x00, 0x00, 0x00, 0x0a, 0x0f, 0x55, 0x33, 0x44, 0x0b,
  0x0f, 0x00, 0x00, 0x00, 0x0d, 0x0f, 0x33, 0x22, 0x33, 0x0e, 0x0f, 0x55, 0x33, 0x44, 0x09, 0x10,
  0x00, 0x00, 0x00, 0x0a, 0x10, 0x00, 0x00, 0x00, 0x0d, 0x10, 0x55, 0x33, 0x44, 0x0e, 0x10, 0x00,
  0x00, 0x00, 0x08, 0x11, 0x22, 0x11, 0x22, 0x09, 0x11, 0x00, 0x00, 0x00, 0x0d, 0x11, 0x33, 0x22,
  0x33, 0x0e, 0x11, 0x00, 0x00, 0x00, 0x08, 0x12, 0x33, 0x22, 0x33, 0x09, 0x12, 0x00, 0x00, 0x00,
  0x0d, 0x12, 0x55, 0x33, 0x44, 0x07, 0x13, 0x00, 0x00, 0x00, 0x08, 0x13, 0x00, 0x00, 0x00, 0x0d,
  0x13, 0x55, 0x33, 0x44, 0x07, 0x14, 0x33, 0x22, 0x33, 0x0d, 0x14, 0xff, 0xbb, 0x88, 0x07, 0x15,
  0xff, 0xbb, 0x88, 0x0d, 0x15, 0xff, 0xbb, 0x88, 0x06, 0x16, 0x22, 0x11, 0x22, 0x07, 0x16, 0x00,
  0x00, 0x00, 0x0e, 0x16, 0x22, 0x11, 0x22, 0x0f, 0x16, 0x00, 0x00, 0x00
};
static const KofSprite kStance_chizuru_5 PROGMEM = {
  .w = 20, .h = 23, .pixelCount = 124,
  .pixels = kStance_chizuru_5Pixels, .fmt = 5,
};

static const KofSprite* const kStance_chizuru_Frames[] PROGMEM = {
  &kStance_chizuru_0,
  &kStance_chizuru_1,
  &kStance_chizuru_2,
  &kStance_chizuru_3,
  &kStance_chizuru_4,
  &kStance_chizuru_5
};
static const KofStanceSet kStance_chizuru PROGMEM = {
  .frameCount = 6,
  .frames = kStance_chizuru_Frames,
};

// orochi 帧 0: 20×23, 108 pixels
static const uint8_t kStance_orochi_0Pixels[] PROGMEM = {
  0x08, 0x00, 0xdf, 0xdf, 0xdf, 0x09, 0x00, 0xe5, 0xe5, 0xe1, 0x0a, 0x00, 0xce, 0xce, 0xca, 0x08,
  0x01, 0x8c, 0x8c, 0x8a, 0x09, 0x01, 0xb9, 0x83, 0x5f, 0x0a, 0x01, 0x59, 0x59, 0x59, 0x0b, 0x01,
  0x61, 0x4f, 0x61, 0x09, 0x02, 0xe3, 0xa0, 0x76, 0x0a, 0x02, 0x3f, 0x3f, 0x3f, 0x07, 0x03, 0xca,
  0xa3, 0x7b, 0x08, 0x03, 0x3c, 0x49, 0x49, 0x09, 0x03, 0x2f, 0x3c, 0x3c, 0x0a, 0x03, 0x65, 0x68,
  0x68, 0x0b, 0x03, 0xf3, 0xb5, 0x82, 0x0c, 0x03, 0xf5, 0x89, 0xa4, 0x06, 0x04, 0xdf, 0x94, 0x6a,
  0x07, 0x04, 0x4a, 0x4e, 0x4e, 0x08, 0x04, 0x58, 0x56, 0x49, 0x09, 0x04, 0x22, 0x33, 0x33, 0x0a,
  0x04, 0x55, 0x55, 0x55, 0x0b, 0x04, 0xe3, 0x99, 0x6c, 0x0c, 0x04, 0xff, 0xd5, 0xa2, 0x06, 0x05,
  0x2d, 0x3a, 0x3a, 0x07, 0x05, 0xf2, 0xb1, 0x7e, 0x08, 0x05, 0xf2, 0xb1, 0x7e, 0x09, 0x05, 0xff,
  0xe7, 0xb4, 0x0a, 0x05, 0x40, 0x37, 0x33, 0x0b, 0x05, 0x27, 0x1f, 0x1a, 0x0c, 0x05, 0xff, 0xe3,
  0xb0, 0x05, 0x06, 0x26, 0x35, 0x35, 0x06, 0x06, 0x12, 0x1b, 0x1b, 0x07, 0x06, 0x26, 0x00, 0x26,
  0x08, 0x06, 0x23, 0x19, 0x12, 0x09, 0x06, 0x56, 0x45, 0x39, 0x0a, 0x06, 0xda, 0x8e, 0x64, 0x0c,
  0x06, 0xee, 0xaa, 0x77, 0x08, 0x07, 0xe2, 0xe2, 0xe2, 0x09, 0x07, 0xe4, 0xe4, 0xe4, 0x0a, 0x07,
  0xae, 0xae, 0xa1, 0x0c, 0x07, 0xd7, 0x88, 0x60, 0x0d, 0x07, 0xef, 0xd2, 0xa3, 0x07, 0x08, 0xcf,
  0xcf, 0xc3, 0x08, 0x08, 0xe2, 0xe2, 0xe2, 0x09, 0x08, 0xef, 0xef, 0xef, 0x0a, 0x08, 0xa2, 0xa2,
  0x9d, 0x0c, 0x08, 0x09, 0x0d, 0x0d, 0x0d, 0x08, 0xd5, 0xa9, 0x81, 0x07, 0x09, 0xd2, 0xd2, 0xca,
  0x08, 0x09, 0xe6, 0xe6, 0xe2, 0x09, 0x09, 0xe8, 0xe8, 0xe7, 0x0a, 0x09, 0xdd, 0xdd, 0xdd, 0x0b,
  0x09, 0x88, 0x88, 0x88, 0x0d, 0x09, 0x22, 0x33, 0x33, 0x07, 0x0a, 0xff, 0xff, 0xff, 0x08, 0x0a,
  0xdb, 0xdb, 0xd9, 0x09, 0x0a, 0xc4, 0xc4, 0xb7, 0x0a, 0x0a, 0xe2, 0xe2, 0xe2, 0x0b, 0x0a, 0xaa,
  0xaa, 0x9f, 0x0d, 0x0a, 0xbf, 0x6a, 0x4c, 0x07, 0x0b, 0xf4, 0xf4, 0xf4, 0x08, 0x0b, 0xbb, 0xbb,
  0xaa, 0x09, 0x0b, 0x76, 0x76, 0x71, 0x0a, 0x0b, 0xf4, 0xf4, 0xf4, 0x0b, 0x0b, 0xbb, 0xbb, 0xaa,
  0x0d, 0x0b, 0x0e, 0x14, 0x14, 0x07, 0x0c, 0xf4, 0xf4, 0xf4, 0x08, 0x0c, 0xbb, 0xbb, 0xaa, 0x09,
  0x0c, 0x65, 0x65, 0x65, 0x0a, 0x0c, 0xff, 0xff, 0xff, 0x0b, 0x0c, 0xbb, 0xbb, 0xaa, 0x07, 0x0d,
  0xdd, 0xdd, 0xdd, 0x08, 0x0d, 0xaa, 0xaa, 0x9f, 0x0a, 0x0d, 0xe8, 0xe8, 0xe8, 0x0b, 0x0d, 0xaa,
  0xaa, 0x9f, 0x07, 0x0e, 0xa3, 0xa3, 0x9a, 0x08, 0x0e, 0xbc, 0xbc, 0xba, 0x0a, 0x0e, 0x8c, 0x8c,
  0x8a, 0x0b, 0x0e, 0x98, 0x98, 0x97, 0x07, 0x0f, 0xe5, 0xe5, 0xe5, 0x08, 0x0f, 0xaa, 0xaa, 0x9f,
  0x0a, 0x0f, 0xc1, 0xc1, 0xb8, 0x0b, 0x0f, 0xbe, 0xbe, 0xba, 0x07, 0x10, 0xdd, 0xdd, 0xdd, 0x08,
  0x10, 0xaa, 0xaa, 0x9f, 0x0a, 0x10, 0xf4, 0xf4, 0xf4, 0x0b, 0x10, 0xbb, 0xbb, 0xaa, 0x07, 0x11,
  0xd2, 0xd2, 0xcc, 0x08, 0x11, 0x77, 0x77, 0x77, 0x0a, 0x11, 0xff, 0xff, 0xff, 0x0b, 0x11, 0xbb,
  0xbb, 0xaa, 0x06, 0x12, 0xc6, 0xc6, 0xbb, 0x07, 0x12, 0xd2, 0xd2, 0xcc, 0x0a, 0x12, 0xe8, 0xe8,
  0xe8, 0x0b, 0x12, 0xaa, 0xaa, 0x9f, 0x06, 0x13, 0xe6, 0xe6, 0xe6, 0x07, 0x13, 0xa5, 0x96, 0x85,
  0x0a, 0x13, 0xe8, 0xe8, 0xe8, 0x0b, 0x13, 0xa7, 0xa7, 0x9b, 0x06, 0x14, 0xb3, 0x92, 0x8a, 0x07,
  0x14, 0x4d, 0x2c, 0x23, 0x0a, 0x14, 0xe8, 0xe8, 0xe8, 0x0b, 0x14, 0x55, 0x11, 0x00, 0x06, 0x15,
  0x83, 0x33, 0x22, 0x0a, 0x15, 0x9c, 0x49, 0x34, 0x0b, 0x15, 0x55, 0x11, 0x00, 0x05, 0x16, 0x55,
  0x11, 0x00, 0x0a, 0x16, 0xaa, 0x54, 0x3e, 0x0b, 0x16, 0x83, 0x33, 0x22
};
static const KofSprite kStance_orochi_0 PROGMEM = {
  .w = 20, .h = 23, .pixelCount = 108,
  .pixels = kStance_orochi_0Pixels, .fmt = 5,
};

// orochi 帧 1: 20×23, 96 pixels
static const uint8_t kStance_orochi_1Pixels[] PROGMEM = {
  0x08, 0x00, 0xb6, 0xb6, 0xa9, 0x09, 0x00, 0xf4, 0xf4, 0xf4, 0x0a, 0x00, 0xed, 0xed, 0xeb, 0x08,
  0x01, 0xab, 0x99, 0xa2, 0x09, 0x01, 0x65, 0x52, 0x42, 0x0a, 0x01, 0xc0, 0x99, 0x79, 0x0b, 0x01,
  0x61, 0x4f, 0x61, 0x09, 0x02, 0x27, 0x1f, 0x1a, 0x0a, 0x02, 0xdd, 0xbe, 0x96, 0x07, 0x03, 0x9e,
  0x8f, 0x84, 0x08, 0x03, 0xde, 0xc0, 0x95, 0x09, 0x03, 0x3a, 0x43, 0x43, 0x0a, 0x03, 0xfb, 0xc5,
  0x92, 0x0b, 0x03, 0x85, 0x65, 0x4a, 0x0c, 0x03, 0xc1, 0x90, 0x68, 0x06, 0x04, 0x7b, 0x60, 0x4c,
  0x07, 0x04, 0xd4, 0xb0, 0x8a, 0x08, 0x04, 0xc6, 0xa3, 0x7d, 0x09, 0x04, 0x00, 0x00, 0x00, 0x0a,
  0x04, 0x1b, 0x28, 0x28, 0x0b, 0x04, 0x35, 0x34, 0x2d, 0x0c, 0x04, 0xcd, 0x7c, 0x59, 0x06, 0x05,
  0xc2, 0x5c, 0x6b, 0x07, 0x05, 0xba, 0x69, 0x4c, 0x08, 0x05, 0x8b, 0x45, 0x35, 0x09, 0x05, 0x31,
  0x40, 0x40, 0x0a, 0x05, 0xc2, 0x8d, 0x69, 0x0b, 0x05, 0x21, 0x15, 0x10, 0x0c, 0x05, 0xb3, 0x77,
  0x59, 0x0d, 0x05, 0x6a, 0x65, 0x5b, 0x08, 0x06, 0x9d, 0x48, 0x35, 0x09, 0x06, 0xd4, 0x89, 0x64,
  0x0a, 0x06, 0xa4, 0x4f, 0x3a, 0x0b, 0x06, 0xda, 0x8e, 0x64, 0x0c, 0x06, 0xa6, 0x51, 0x3c, 0x0d,
  0x06, 0xe3, 0x99, 0x6c, 0x08, 0x07, 0x61, 0x22, 0x12, 0x09, 0x07, 0xf5, 0xcd, 0xa3, 0x0a, 0x07,
  0xff, 0xff, 0xff, 0x0b, 0x07, 0xb3, 0xb3, 0xa9, 0x0d, 0x07, 0xff, 0xd7, 0xa4, 0x08, 0x08, 0xf0,
  0xf0, 0xec, 0x09, 0x08, 0xcd, 0xcd, 0xc4, 0x0a, 0x08, 0xfd, 0xfd, 0xfd, 0x0b, 0x08, 0xd6, 0xd6,
  0xd2, 0x0d, 0x08, 0xa6, 0x82, 0x67, 0x08, 0x09, 0xff, 0xff, 0xff, 0x09, 0x09, 0x95, 0x95, 0x91,
  0x0a, 0x09, 0xff, 0xff, 0xff, 0x0b, 0x09, 0xdd, 0xdd, 0xdd, 0x0d, 0x09, 0x32, 0x3e, 0x3e, 0x08,
  0x0a, 0xff, 0xff, 0xff, 0x09, 0x0a, 0x8e, 0x8e, 0x85, 0x0a, 0x0a, 0xff, 0xff, 0xff, 0x0b, 0x0a,
  0xd2, 0xd2, 0xcc, 0x0d, 0x0a, 0xec, 0xa6, 0x75, 0x07, 0x0b, 0xe8, 0xe8, 0xe8, 0x08, 0x0b, 0xdd,
  0xdd, 0xdd, 0x09, 0x0b, 0x88, 0x88, 0x88, 0x0a, 0x0b, 0xff, 0xff, 0xff, 0x0b, 0x0b, 0xcd, 0xcd,
  0xc5, 0x07, 0x0c, 0xff, 0xff, 0xff, 0x08, 0x0c, 0xd2, 0xd2, 0xcc, 0x0a, 0x0c, 0xe8, 0xe8, 0xe8,
  0x0b, 0x0c, 0xbb, 0xbb, 0xaa, 0x07, 0x0d, 0xfd, 0xfd, 0xfd, 0x08, 0x0d, 0xbb, 0xbb, 0xaa, 0x0a,
  0x0d, 0xff, 0xff, 0xff, 0x0b, 0x0d, 0xaa, 0xaa, 0x9f, 0x07, 0x0e, 0xe4, 0xe4, 0xe4, 0x08, 0x0e,
  0x82, 0x82, 0x7b, 0x0a, 0x0e, 0xed, 0xed, 0xed, 0x0b, 0x0e, 0xae, 0xae, 0xa1, 0x07, 0x0f, 0x98,
  0x98, 0x97, 0x0a, 0x0f, 0xa0, 0xa0, 0xa0, 0x0b, 0x0f, 0x7d, 0x7d, 0x7d, 0x06, 0x10, 0xed, 0xed,
  0xed, 0x07, 0x10, 0xb7, 0xb7, 0xa8, 0x0a, 0x10, 0xf4, 0xf4, 0xf4, 0x0b, 0x10, 0xaa, 0xaa, 0x9f,
  0x06, 0x11, 0xff, 0xff, 0xff, 0x07, 0x11, 0xaa, 0xaa, 0x9f, 0x0a, 0x11, 0xf4, 0xf4, 0xf4, 0x0b,
  0x11, 0x77, 0x77, 0x77, 0x06, 0x12, 0xf4, 0xf4, 0xf4, 0x07, 0x12, 0x77, 0x77, 0x77, 0x0a, 0x12,
  0xf4, 0xf4, 0xf4, 0x06, 0x13, 0xd2, 0xd2, 0xcc, 0x0a, 0x13, 0xf4, 0xf4, 0xf4, 0x06, 0x14, 0xbb,
  0x66, 0x4a, 0x09, 0x14, 0x48, 0x48, 0x46, 0x0a, 0x14, 0xe4, 0xe4, 0xe4, 0x06, 0x15, 0x55, 0x11,
  0x00, 0x0a, 0x15, 0x83, 0x33, 0x22, 0x05, 0x16, 0x99, 0x44, 0x33, 0x0a, 0x16, 0x83, 0x33, 0x22
};
static const KofSprite kStance_orochi_1 PROGMEM = {
  .w = 20, .h = 23, .pixelCount = 96,
  .pixels = kStance_orochi_1Pixels, .fmt = 5,
};

// orochi 帧 2: 20×23, 95 pixels
static const uint8_t kStance_orochi_2Pixels[] PROGMEM = {
  0x08, 0x00, 0xb6, 0xb6, 0xa9, 0x09, 0x00, 0xf4, 0xf4, 0xf4, 0x0a, 0x00, 0xed, 0xed, 0xeb, 0x08,
  0x01, 0xab, 0x99, 0xa2, 0x09, 0x01, 0x65, 0x52, 0x42, 0x0a, 0x01, 0xc0, 0x99, 0x79, 0x0b, 0x01,
  0x61, 0x4f, 0x61, 0x09, 0x02, 0x87, 0x3d, 0x2b, 0x0a, 0x02, 0xdd, 0xbe, 0x96, 0x07, 0x03, 0x3a,
  0x43, 0x43, 0x08, 0x03, 0x3d, 0x45, 0x45, 0x09, 0x03, 0xc1, 0x6c, 0x4e, 0x0a, 0x03, 0x22, 0x07,
  0x00, 0x0b, 0x03, 0x55, 0x35, 0x2d, 0x0c, 0x03, 0xcd, 0x89, 0x5d, 0x06, 0x04, 0xff, 0xe7, 0xb4,
  0x07, 0x04, 0xb3, 0x6d, 0x50, 0x08, 0x04, 0x56, 0x1d, 0x0e, 0x09, 0x04, 0x20, 0x2f, 0x2f, 0x0a,
  0x04, 0x4a, 0x18, 0x0b, 0x0b, 0x04, 0x5b, 0x33, 0x22, 0x0c, 0x04, 0xcd, 0x7c, 0x59, 0x06, 0x05,
  0xb4, 0x5f, 0x45, 0x08, 0x05, 0x29, 0x25, 0x23, 0x09, 0x05, 0x31, 0x40, 0x40, 0x0a, 0x05, 0xc2,
  0x8d, 0x69, 0x0b, 0x05, 0x3b, 0x3d, 0x38, 0x0c, 0x05, 0xb3, 0x77, 0x59, 0x0d, 0x05, 0x6a, 0x65,
  0x5b, 0x08, 0x06, 0x9d, 0x48, 0x35, 0x09, 0x06, 0xd4, 0x89, 0x64, 0x0a, 0x06, 0xa4, 0x4f, 0x3a,
  0x0b, 0x06, 0xda, 0x8e, 0x64, 0x0c, 0x06, 0xa6, 0x51, 0x3c, 0x0d, 0x06, 0xe3, 0x99, 0x6c, 0x08,
  0x07, 0x61, 0x22, 0x12, 0x09, 0x07, 0xf5, 0xcd, 0xa3, 0x0a, 0x07, 0xff, 0xff, 0xff, 0x0b, 0x07,
  0xb3, 0xb3, 0xa9, 0x0d, 0x07, 0xff, 0xd7, 0xa4, 0x08, 0x08, 0xf0, 0xf0, 0xec, 0x09, 0x08, 0xcd,
  0xcd, 0xc4, 0x0a, 0x08, 0xfd, 0xfd, 0xfd, 0x0b, 0x08, 0xd6, 0xd6, 0xd2, 0x0d, 0x08, 0xa6, 0x82,
  0x67, 0x08, 0x09, 0xff, 0xff, 0xff, 0x09, 0x09, 0x95, 0x95, 0x91, 0x0a, 0x09, 0xff, 0xff, 0xff,
  0x0b, 0x09, 0xdd, 0xdd, 0xdd, 0x0d, 0x09, 0x32, 0x3e, 0x3e, 0x08, 0x0a, 0xff, 0xff, 0xff, 0x09,
  0x0a, 0x8e, 0x8e, 0x85, 0x0a, 0x0a, 0xff, 0xff, 0xff, 0x0b, 0x0a, 0xd2, 0xd2, 0xcc, 0x0d, 0x0a,
  0xec, 0xa6, 0x75, 0x07, 0x0b, 0xe8, 0xe8, 0xe8, 0x08, 0x0b, 0xdd, 0xdd, 0xdd, 0x09, 0x0b, 0x88,
  0x88, 0x88, 0x0a, 0x0b, 0xff, 0xff, 0xff, 0x0b, 0x0b, 0xcd, 0xcd, 0xc5, 0x07, 0x0c, 0xff, 0xff,
  0xff, 0x08, 0x0c, 0xd2, 0xd2, 0xcc, 0x0a, 0x0c, 0xe8, 0xe8, 0xe8, 0x0b, 0x0c, 0xbb, 0xbb, 0xaa,
  0x07, 0x0d, 0xfd, 0xfd, 0xfd, 0x08, 0x0d, 0xbb, 0xbb, 0xaa, 0x0a, 0x0d, 0xff, 0xff, 0xff, 0x0b,
  0x0d, 0xaa, 0xaa, 0x9f, 0x07, 0x0e, 0xe4, 0xe4, 0xe4, 0x08, 0x0e, 0x82, 0x82, 0x7b, 0x0a, 0x0e,
  0xed, 0xed, 0xed, 0x0b, 0x0e, 0xae, 0xae, 0xa1, 0x07, 0x0f, 0x98, 0x98, 0x97, 0x0a, 0x0f, 0xa0,
  0xa0, 0xa0, 0x0b, 0x0f, 0x7d, 0x7d, 0x7d, 0x06, 0x10, 0xed, 0xed, 0xed, 0x07, 0x10, 0xb7, 0xb7,
  0xa8, 0x0a, 0x10, 0xf4, 0xf4, 0xf4, 0x0b, 0x10, 0xaa, 0xaa, 0x9f, 0x06, 0x11, 0xff, 0xff, 0xff,
  0x07, 0x11, 0xaa, 0xaa, 0x9f, 0x0a, 0x11, 0xf4, 0xf4, 0xf4, 0x0b, 0x11, 0x77, 0x77, 0x77, 0x06,
  0x12, 0xf4, 0xf4, 0xf4, 0x07, 0x12, 0x77, 0x77, 0x77, 0x0a, 0x12, 0xf4, 0xf4, 0xf4, 0x06, 0x13,
  0xd2, 0xd2, 0xcc, 0x0a, 0x13, 0xf4, 0xf4, 0xf4, 0x06, 0x14, 0xbb, 0x66, 0x4a, 0x09, 0x14, 0x48,
  0x48, 0x46, 0x0a, 0x14, 0xe4, 0xe4, 0xe4, 0x06, 0x15, 0x55, 0x11, 0x00, 0x0a, 0x15, 0x83, 0x33,
  0x22, 0x05, 0x16, 0x99, 0x44, 0x33, 0x0a, 0x16, 0x83, 0x33, 0x22
};
static const KofSprite kStance_orochi_2 PROGMEM = {
  .w = 20, .h = 23, .pixelCount = 95,
  .pixels = kStance_orochi_2Pixels, .fmt = 5,
};

// orochi 帧 3: 20×23, 96 pixels
static const uint8_t kStance_orochi_3Pixels[] PROGMEM = {
  0x08, 0x00, 0xb6, 0xb6, 0xa9, 0x09, 0x00, 0xf4, 0xf4, 0xf4, 0x0a, 0x00, 0xed, 0xed, 0xeb, 0x08,
  0x01, 0xab, 0x99, 0xa2, 0x09, 0x01, 0x65, 0x52, 0x42, 0x0a, 0x01, 0xc0, 0x99, 0x79, 0x0b, 0x01,
  0x61, 0x4f, 0x61, 0x08, 0x02, 0xff, 0xe7, 0xb4, 0x09, 0x02, 0x8c, 0x4c, 0x31, 0x0a, 0x02, 0xdd,
  0xbe, 0x96, 0x07, 0x03, 0x3d, 0x45, 0x45, 0x08, 0x03, 0x5f, 0x50, 0x3d, 0x09, 0x03, 0x5e, 0x24,
  0x15, 0x0a, 0x03, 0x59, 0x19, 0x0a, 0x0b, 0x03, 0x55, 0x35, 0x2d, 0x0c, 0x03, 0xcd, 0x89, 0x5d,
  0x06, 0x04, 0xd3, 0xbd, 0x97, 0x07, 0x04, 0x78, 0x35, 0x28, 0x08, 0x04, 0x56, 0x1d, 0x0e, 0x09,
  0x04, 0x20, 0x2f, 0x2f, 0x0a, 0x04, 0x4a, 0x18, 0x0b, 0x0b, 0x04, 0x5b, 0x33, 0x22, 0x0c, 0x04,
  0xcd, 0x7c, 0x59, 0x06, 0x05, 0xc1, 0x6c, 0x4e, 0x08, 0x05, 0x29, 0x25, 0x23, 0x09, 0x05, 0x31,
  0x40, 0x40, 0x0a, 0x05, 0xc2, 0x8d, 0x69, 0x0b, 0x05, 0x3b, 0x3d, 0x38, 0x0c, 0x05, 0xb3, 0x77,
  0x59, 0x0d, 0x05, 0x6a, 0x65, 0x5b, 0x08, 0x06, 0x9d, 0x48, 0x35, 0x09, 0x06, 0xd4, 0x89, 0x64,
  0x0a, 0x06, 0xa4, 0x4f, 0x3a, 0x0b, 0x06, 0xda, 0x8e, 0x64, 0x0c, 0x06, 0xa6, 0x51, 0x3c, 0x0d,
  0x06, 0xe3, 0x99, 0x6c, 0x08, 0x07, 0x61, 0x22, 0x12, 0x09, 0x07, 0xf5, 0xcd, 0xa3, 0x0a, 0x07,
  0xff, 0xff, 0xff, 0x0b, 0x07, 0xb3, 0xb3, 0xa9, 0x0d, 0x07, 0xff, 0xd7, 0xa4, 0x08, 0x08, 0xf0,
  0xf0, 0xec, 0x09, 0x08, 0xcd, 0xcd, 0xc4, 0x0a, 0x08, 0xfd, 0xfd, 0xfd, 0x0b, 0x08, 0xd6, 0xd6,
  0xd2, 0x0d, 0x08, 0xa6, 0x82, 0x67, 0x08, 0x09, 0xff, 0xff, 0xff, 0x09, 0x09, 0x95, 0x95, 0x91,
  0x0a, 0x09, 0xff, 0xff, 0xff, 0x0b, 0x09, 0xdd, 0xdd, 0xdd, 0x0d, 0x09, 0x32, 0x3e, 0x3e, 0x08,
  0x0a, 0xff, 0xff, 0xff, 0x09, 0x0a, 0x8e, 0x8e, 0x85, 0x0a, 0x0a, 0xff, 0xff, 0xff, 0x0b, 0x0a,
  0xd2, 0xd2, 0xcc, 0x0d, 0x0a, 0xec, 0xa6, 0x75, 0x07, 0x0b, 0xe8, 0xe8, 0xe8, 0x08, 0x0b, 0xdd,
  0xdd, 0xdd, 0x09, 0x0b, 0x88, 0x88, 0x88, 0x0a, 0x0b, 0xff, 0xff, 0xff, 0x0b, 0x0b, 0xcd, 0xcd,
  0xc5, 0x07, 0x0c, 0xff, 0xff, 0xff, 0x08, 0x0c, 0xd2, 0xd2, 0xcc, 0x0a, 0x0c, 0xe8, 0xe8, 0xe8,
  0x0b, 0x0c, 0xbb, 0xbb, 0xaa, 0x07, 0x0d, 0xfd, 0xfd, 0xfd, 0x08, 0x0d, 0xbb, 0xbb, 0xaa, 0x0a,
  0x0d, 0xff, 0xff, 0xff, 0x0b, 0x0d, 0xaa, 0xaa, 0x9f, 0x07, 0x0e, 0xe4, 0xe4, 0xe4, 0x08, 0x0e,
  0x82, 0x82, 0x7b, 0x0a, 0x0e, 0xed, 0xed, 0xed, 0x0b, 0x0e, 0xae, 0xae, 0xa1, 0x07, 0x0f, 0x98,
  0x98, 0x97, 0x0a, 0x0f, 0xa0, 0xa0, 0xa0, 0x0b, 0x0f, 0x7d, 0x7d, 0x7d, 0x06, 0x10, 0xed, 0xed,
  0xed, 0x07, 0x10, 0xb7, 0xb7, 0xa8, 0x0a, 0x10, 0xf4, 0xf4, 0xf4, 0x0b, 0x10, 0xaa, 0xaa, 0x9f,
  0x06, 0x11, 0xff, 0xff, 0xff, 0x07, 0x11, 0xaa, 0xaa, 0x9f, 0x0a, 0x11, 0xf4, 0xf4, 0xf4, 0x0b,
  0x11, 0x77, 0x77, 0x77, 0x06, 0x12, 0xf4, 0xf4, 0xf4, 0x07, 0x12, 0x77, 0x77, 0x77, 0x0a, 0x12,
  0xf4, 0xf4, 0xf4, 0x06, 0x13, 0xd2, 0xd2, 0xcc, 0x0a, 0x13, 0xf4, 0xf4, 0xf4, 0x06, 0x14, 0xbb,
  0x66, 0x4a, 0x09, 0x14, 0x48, 0x48, 0x46, 0x0a, 0x14, 0xe4, 0xe4, 0xe4, 0x06, 0x15, 0x55, 0x11,
  0x00, 0x0a, 0x15, 0x83, 0x33, 0x22, 0x05, 0x16, 0x99, 0x44, 0x33, 0x0a, 0x16, 0x83, 0x33, 0x22
};
static const KofSprite kStance_orochi_3 PROGMEM = {
  .w = 20, .h = 23, .pixelCount = 96,
  .pixels = kStance_orochi_3Pixels, .fmt = 5,
};

// orochi 帧 4: 20×23, 98 pixels
static const uint8_t kStance_orochi_4Pixels[] PROGMEM = {
  0x08, 0x00, 0xb6, 0xb6, 0xa9, 0x09, 0x00, 0xf4, 0xf4, 0xf4, 0x0a, 0x00, 0xed, 0xed, 0xeb, 0x08,
  0x01, 0xab, 0x99, 0xa2, 0x09, 0x01, 0x65, 0x52, 0x42, 0x0a, 0x01, 0xc0, 0x99, 0x79, 0x0b, 0x01,
  0x61, 0x4f, 0x61, 0x07, 0x02, 0xff, 0xe7, 0xb4, 0x08, 0x02, 0xd4, 0xb1, 0x86, 0x09, 0x02, 0x67,
  0x28, 0x16, 0x0a, 0x02, 0xdd, 0xbe, 0x96, 0x06, 0x03, 0x3a, 0x43, 0x43, 0x07, 0x03, 0x34, 0x31,
  0x2d, 0x08, 0x03, 0xe6, 0xbb, 0x8d, 0x09, 0x03, 0x18, 0x1c, 0x1b, 0x0a, 0x03, 0x59, 0x19, 0x0a,
  0x0b, 0x03, 0x55, 0x35, 0x2d, 0x0c, 0x03, 0xcd, 0x89, 0x5d, 0x06, 0x04, 0xda, 0xc4, 0x9c, 0x07,
  0x04, 0x49, 0x46, 0x3d, 0x08, 0x04, 0x56, 0x1d, 0x0e, 0x09, 0x04, 0x20, 0x2f, 0x2f, 0x0a, 0x04,
  0x4a, 0x18, 0x0b, 0x0b, 0x04, 0x5b, 0x33, 0x22, 0x0c, 0x04, 0xcd, 0x7c, 0x59, 0x06, 0x05, 0xde,
  0x92, 0x67, 0x08, 0x05, 0x29, 0x25, 0x23, 0x09, 0x05, 0x31, 0x40, 0x40, 0x0a, 0x05, 0xc2, 0x8d,
  0x69, 0x0b, 0x05, 0x3b, 0x3d, 0x38, 0x0c, 0x05, 0xb3, 0x77, 0x59, 0x0d, 0x05, 0x6a, 0x65, 0x5b,
  0x08, 0x06, 0x9d, 0x48, 0x35, 0x09, 0x06, 0xd4, 0x89, 0x64, 0x0a, 0x06, 0xa4, 0x4f, 0x3a, 0x0b,
  0x06, 0xda, 0x8e, 0x64, 0x0c, 0x06, 0xa6, 0x51, 0x3c, 0x0d, 0x06, 0xe3, 0x99, 0x6c, 0x08, 0x07,
  0x61, 0x22, 0x12, 0x09, 0x07, 0xf5, 0xcd, 0xa3, 0x0a, 0x07, 0xff, 0xff, 0xff, 0x0b, 0x07, 0xb3,
  0xb3, 0xa9, 0x0d, 0x07, 0xff, 0xd7, 0xa4, 0x08, 0x08, 0xf0, 0xf0, 0xec, 0x09, 0x08, 0xcd, 0xcd,
  0xc4, 0x0a, 0x08, 0xfd, 0xfd, 0xfd, 0x0b, 0x08, 0xd6, 0xd6, 0xd2, 0x0d, 0x08, 0xa6, 0x82, 0x67,
  0x08, 0x09, 0xff, 0xff, 0xff, 0x09, 0x09, 0x95, 0x95, 0x91, 0x0a, 0x09, 0xff, 0xff, 0xff, 0x0b,
  0x09, 0xdd, 0xdd, 0xdd, 0x0d, 0x09, 0x32, 0x3e, 0x3e, 0x08, 0x0a, 0xff, 0xff, 0xff, 0x09, 0x0a,
  0x8e, 0x8e, 0x85, 0x0a, 0x0a, 0xff, 0xff, 0xff, 0x0b, 0x0a, 0xd2, 0xd2, 0xcc, 0x0d, 0x0a, 0xec,
  0xa6, 0x75, 0x07, 0x0b, 0xe8, 0xe8, 0xe8, 0x08, 0x0b, 0xdd, 0xdd, 0xdd, 0x09, 0x0b, 0x88, 0x88,
  0x88, 0x0a, 0x0b, 0xff, 0xff, 0xff, 0x0b, 0x0b, 0xcd, 0xcd, 0xc5, 0x07, 0x0c, 0xff, 0xff, 0xff,
  0x08, 0x0c, 0xd2, 0xd2, 0xcc, 0x0a, 0x0c, 0xe8, 0xe8, 0xe8, 0x0b, 0x0c, 0xbb, 0xbb, 0xaa, 0x07,
  0x0d, 0xfd, 0xfd, 0xfd, 0x08, 0x0d, 0xbb, 0xbb, 0xaa, 0x0a, 0x0d, 0xff, 0xff, 0xff, 0x0b, 0x0d,
  0xaa, 0xaa, 0x9f, 0x07, 0x0e, 0xe4, 0xe4, 0xe4, 0x08, 0x0e, 0x82, 0x82, 0x7b, 0x0a, 0x0e, 0xed,
  0xed, 0xed, 0x0b, 0x0e, 0xae, 0xae, 0xa1, 0x07, 0x0f, 0x98, 0x98, 0x97, 0x0a, 0x0f, 0xa0, 0xa0,
  0xa0, 0x0b, 0x0f, 0x7d, 0x7d, 0x7d, 0x06, 0x10, 0xed, 0xed, 0xed, 0x07, 0x10, 0xb7, 0xb7, 0xa8,
  0x0a, 0x10, 0xf4, 0xf4, 0xf4, 0x0b, 0x10, 0xaa, 0xaa, 0x9f, 0x06, 0x11, 0xff, 0xff, 0xff, 0x07,
  0x11, 0xaa, 0xaa, 0x9f, 0x0a, 0x11, 0xf4, 0xf4, 0xf4, 0x0b, 0x11, 0x77, 0x77, 0x77, 0x06, 0x12,
  0xf4, 0xf4, 0xf4, 0x07, 0x12, 0x77, 0x77, 0x77, 0x0a, 0x12, 0xf4, 0xf4, 0xf4, 0x06, 0x13, 0xd2,
  0xd2, 0xcc, 0x0a, 0x13, 0xf4, 0xf4, 0xf4, 0x06, 0x14, 0xbb, 0x66, 0x4a, 0x09, 0x14, 0x48, 0x48,
  0x46, 0x0a, 0x14, 0xe4, 0xe4, 0xe4, 0x06, 0x15, 0x55, 0x11, 0x00, 0x0a, 0x15, 0x83, 0x33, 0x22,
  0x05, 0x16, 0x99, 0x44, 0x33, 0x0a, 0x16, 0x83, 0x33, 0x22
};
static const KofSprite kStance_orochi_4 PROGMEM = {
  .w = 20, .h = 23, .pixelCount = 98,
  .pixels = kStance_orochi_4Pixels, .fmt = 5,
};

// orochi 帧 5: 20×23, 97 pixels
static const uint8_t kStance_orochi_5Pixels[] PROGMEM = {
  0x08, 0x00, 0xb6, 0xb6, 0xa9, 0x09, 0x00, 0xf4, 0xf4, 0xf4, 0x0a, 0x00, 0xed, 0xed, 0xeb, 0x08,
  0x01, 0xab, 0x99, 0xa2, 0x09, 0x01, 0x65, 0x52, 0x42, 0x0a, 0x01, 0xc0, 0x99, 0x79, 0x0b, 0x01,
  0x61, 0x4f, 0x61, 0x09, 0x02, 0x5e, 0x38, 0x2f, 0x0a, 0x02, 0xdd, 0xbe, 0x96, 0x07, 0x03, 0xf8,
  0xd0, 0x9d, 0x08, 0x03, 0xff, 0xec, 0xb9, 0x09, 0x03, 0x61, 0x1f, 0x0d, 0x0a, 0x03, 0x59, 0x19,
  0x0a, 0x0b, 0x03, 0x55, 0x35, 0x2d, 0x0c, 0x03, 0xcd, 0x89, 0x5d, 0x06, 0x04, 0x8e, 0x72, 0x57,
  0x07, 0x04, 0x22, 0x33, 0x33, 0x08, 0x04, 0x56, 0x1d, 0x0e, 0x09, 0x04, 0x20, 0x2f, 0x2f, 0x0a,
  0x04, 0x4a, 0x18, 0x0b, 0x0b, 0x04, 0x5b, 0x33, 0x22, 0x0c, 0x04, 0xcd, 0x7c, 0x59, 0x06, 0x05,
  0x7d, 0x71, 0x64, 0x07, 0x05, 0x29, 0x16, 0x10, 0x08, 0x05, 0x29, 0x25, 0x23, 0x09, 0x05, 0x31,
  0x40, 0x40, 0x0a, 0x05, 0xc2, 0x8d, 0x69, 0x0b, 0x05, 0x3b, 0x3d, 0x38, 0x0c, 0x05, 0xb3, 0x77,
  0x59, 0x0d, 0x05, 0x6a, 0x65, 0x5b, 0x06, 0x06, 0xde, 0x92, 0x67, 0x08, 0x06, 0x9d, 0x48, 0x35,
  0x09, 0x06, 0xd4, 0x89, 0x64, 0x0a, 0x06, 0xa4, 0x4f, 0x3a, 0x0b, 0x06, 0xda, 0x8e, 0x64, 0x0c,
  0x06, 0xa6, 0x51, 0x3c, 0x0d, 0x06, 0xe3, 0x99, 0x6c, 0x08, 0x07, 0x61, 0x22, 0x12, 0x09, 0x07,
  0xf5, 0xcd, 0xa3, 0x0a, 0x07, 0xff, 0xff, 0xff, 0x0b, 0x07, 0xb3, 0xb3, 0xa9, 0x0d, 0x07, 0xff,
  0xd7, 0xa4, 0x08, 0x08, 0xf0, 0xf0, 0xec, 0x09, 0x08, 0xcd, 0xcd, 0xc4, 0x0a, 0x08, 0xfd, 0xfd,
  0xfd, 0x0b, 0x08, 0xd6, 0xd6, 0xd2, 0x0d, 0x08, 0xa6, 0x82, 0x67, 0x08, 0x09, 0xff, 0xff, 0xff,
  0x09, 0x09, 0x95, 0x95, 0x91, 0x0a, 0x09, 0xff, 0xff, 0xff, 0x0b, 0x09, 0xdd, 0xdd, 0xdd, 0x0d,
  0x09, 0x32, 0x3e, 0x3e, 0x08, 0x0a, 0xff, 0xff, 0xff, 0x09, 0x0a, 0x8e, 0x8e, 0x85, 0x0a, 0x0a,
  0xff, 0xff, 0xff, 0x0b, 0x0a, 0xd2, 0xd2, 0xcc, 0x0d, 0x0a, 0xec, 0xa6, 0x75, 0x07, 0x0b, 0xe8,
  0xe8, 0xe8, 0x08, 0x0b, 0xdd, 0xdd, 0xdd, 0x09, 0x0b, 0x88, 0x88, 0x88, 0x0a, 0x0b, 0xff, 0xff,
  0xff, 0x0b, 0x0b, 0xcd, 0xcd, 0xc5, 0x07, 0x0c, 0xff, 0xff, 0xff, 0x08, 0x0c, 0xd2, 0xd2, 0xcc,
  0x0a, 0x0c, 0xe8, 0xe8, 0xe8, 0x0b, 0x0c, 0xbb, 0xbb, 0xaa, 0x07, 0x0d, 0xfd, 0xfd, 0xfd, 0x08,
  0x0d, 0xbb, 0xbb, 0xaa, 0x0a, 0x0d, 0xff, 0xff, 0xff, 0x0b, 0x0d, 0xaa, 0xaa, 0x9f, 0x07, 0x0e,
  0xe4, 0xe4, 0xe4, 0x08, 0x0e, 0x82, 0x82, 0x7b, 0x0a, 0x0e, 0xed, 0xed, 0xed, 0x0b, 0x0e, 0xae,
  0xae, 0xa1, 0x07, 0x0f, 0x98, 0x98, 0x97, 0x0a, 0x0f, 0xa0, 0xa0, 0xa0, 0x0b, 0x0f, 0x7d, 0x7d,
  0x7d, 0x06, 0x10, 0xed, 0xed, 0xed, 0x07, 0x10, 0xb7, 0xb7, 0xa8, 0x0a, 0x10, 0xf4, 0xf4, 0xf4,
  0x0b, 0x10, 0xaa, 0xaa, 0x9f, 0x06, 0x11, 0xff, 0xff, 0xff, 0x07, 0x11, 0xaa, 0xaa, 0x9f, 0x0a,
  0x11, 0xf4, 0xf4, 0xf4, 0x0b, 0x11, 0x77, 0x77, 0x77, 0x06, 0x12, 0xf4, 0xf4, 0xf4, 0x07, 0x12,
  0x77, 0x77, 0x77, 0x0a, 0x12, 0xf4, 0xf4, 0xf4, 0x06, 0x13, 0xd2, 0xd2, 0xcc, 0x0a, 0x13, 0xf4,
  0xf4, 0xf4, 0x06, 0x14, 0xbb, 0x66, 0x4a, 0x09, 0x14, 0x48, 0x48, 0x46, 0x0a, 0x14, 0xe4, 0xe4,
  0xe4, 0x06, 0x15, 0x55, 0x11, 0x00, 0x0a, 0x15, 0x83, 0x33, 0x22, 0x05, 0x16, 0x99, 0x44, 0x33,
  0x0a, 0x16, 0x83, 0x33, 0x22
};
static const KofSprite kStance_orochi_5 PROGMEM = {
  .w = 20, .h = 23, .pixelCount = 97,
  .pixels = kStance_orochi_5Pixels, .fmt = 5,
};

// orochi 帧 6: 20×23, 98 pixels
static const uint8_t kStance_orochi_6Pixels[] PROGMEM = {
  0x08, 0x00, 0xb6, 0xb6, 0xa9, 0x09, 0x00, 0xf4, 0xf4, 0xf4, 0x0a, 0x00, 0xed, 0xed, 0xeb, 0x08,
  0x01, 0xab, 0x99, 0xa2, 0x09, 0x01, 0x65, 0x52, 0x42, 0x0a, 0x01, 0xc0, 0x99, 0x79, 0x0b, 0x01,
  0x61, 0x4f, 0x61, 0x09, 0x02, 0xb3, 0x60, 0x45, 0x0a, 0x02, 0xdd, 0xbe, 0x96, 0x07, 0x03, 0xa2,
  0x9c, 0x91, 0x08, 0x03, 0xe6, 0xbb, 0x8d, 0x09, 0x03, 0x55, 0x1b, 0x0d, 0x0a, 0x03, 0x59, 0x19,
  0x0a, 0x0b, 0x03, 0x55, 0x35, 0x2d, 0x0c, 0x03, 0xcd, 0x89, 0x5d, 0x07, 0x04, 0x47, 0x26, 0x1d,
  0x08, 0x04, 0x56, 0x1d, 0x0e, 0x09, 0x04, 0x20, 0x2f, 0x2f, 0x0a, 0x04, 0x4a, 0x18, 0x0b, 0x0b,
  0x04, 0x5b, 0x33, 0x22, 0x0c, 0x04, 0xcd, 0x7c, 0x59, 0x06, 0x05, 0xd5, 0x84, 0x5e, 0x07, 0x05,
  0x9d, 0x48, 0x35, 0x08, 0x05, 0x29, 0x25, 0x23, 0x09, 0x05, 0x31, 0x40, 0x40, 0x0a, 0x05, 0xc2,
  0x8d, 0x69, 0x0b, 0x05, 0x3b, 0x3d, 0x38, 0x0c, 0x05, 0xb3, 0x77, 0x59, 0x0d, 0x05, 0x6a, 0x65,
  0x5b, 0x05, 0x06, 0x39, 0x0b, 0x00, 0x06, 0x06, 0x47, 0x15, 0x08, 0x08, 0x06, 0x9d, 0x48, 0x35,
  0x09, 0x06, 0xd4, 0x89, 0x64, 0x0a, 0x06, 0xa4, 0x4f, 0x3a, 0x0b, 0x06, 0xda, 0x8e, 0x64, 0x0c,
  0x06, 0xa6, 0x51, 0x3c, 0x0d, 0x06, 0xe3, 0x99, 0x6c, 0x06, 0x07, 0x00, 0x00, 0x00, 0x08, 0x07,
  0x61, 0x22, 0x12, 0x09, 0x07, 0xf5, 0xcd, 0xa3, 0x0a, 0x07, 0xff, 0xff, 0xff, 0x0b, 0x07, 0xb3,
  0xb3, 0xa9, 0x0d, 0x07, 0xff, 0xd7, 0xa4, 0x08, 0x08, 0xf0, 0xf0, 0xec, 0x09, 0x08, 0xcd, 0xcd,
  0xc4, 0x0a, 0x08, 0xfd, 0xfd, 0xfd, 0x0b, 0x08, 0xd6, 0xd6, 0xd2, 0x0d, 0x08, 0xa6, 0x82, 0x67,
  0x08, 0x09, 0xff, 0xff, 0xff, 0x09, 0x09, 0x95, 0x95, 0x91, 0x0a, 0x09, 0xff, 0xff, 0xff, 0x0b,
  0x09, 0xdd, 0xdd, 0xdd, 0x0d, 0x09, 0x32, 0x3e, 0x3e, 0x08, 0x0a, 0xff, 0xff, 0xff, 0x09, 0x0a,
  0x8e, 0x8e, 0x85, 0x0a, 0x0a, 0xff, 0xff, 0xff, 0x0b, 0x0a, 0xd2, 0xd2, 0xcc, 0x0d, 0x0a, 0xec,
  0xa6, 0x75, 0x07, 0x0b, 0xe8, 0xe8, 0xe8, 0x08, 0x0b, 0xdd, 0xdd, 0xdd, 0x09, 0x0b, 0x88, 0x88,
  0x88, 0x0a, 0x0b, 0xff, 0xff, 0xff, 0x0b, 0x0b, 0xcd, 0xcd, 0xc5, 0x07, 0x0c, 0xff, 0xff, 0xff,
  0x08, 0x0c, 0xd2, 0xd2, 0xcc, 0x0a, 0x0c, 0xe8, 0xe8, 0xe8, 0x0b, 0x0c, 0xbb, 0xbb, 0xaa, 0x07,
  0x0d, 0xfd, 0xfd, 0xfd, 0x08, 0x0d, 0xbb, 0xbb, 0xaa, 0x0a, 0x0d, 0xff, 0xff, 0xff, 0x0b, 0x0d,
  0xaa, 0xaa, 0x9f, 0x07, 0x0e, 0xe4, 0xe4, 0xe4, 0x08, 0x0e, 0x82, 0x82, 0x7b, 0x0a, 0x0e, 0xed,
  0xed, 0xed, 0x0b, 0x0e, 0xae, 0xae, 0xa1, 0x07, 0x0f, 0x98, 0x98, 0x97, 0x0a, 0x0f, 0xa0, 0xa0,
  0xa0, 0x0b, 0x0f, 0x7d, 0x7d, 0x7d, 0x06, 0x10, 0xed, 0xed, 0xed, 0x07, 0x10, 0xb7, 0xb7, 0xa8,
  0x0a, 0x10, 0xf4, 0xf4, 0xf4, 0x0b, 0x10, 0xaa, 0xaa, 0x9f, 0x06, 0x11, 0xff, 0xff, 0xff, 0x07,
  0x11, 0xaa, 0xaa, 0x9f, 0x0a, 0x11, 0xf4, 0xf4, 0xf4, 0x0b, 0x11, 0x77, 0x77, 0x77, 0x06, 0x12,
  0xf4, 0xf4, 0xf4, 0x07, 0x12, 0x77, 0x77, 0x77, 0x0a, 0x12, 0xf4, 0xf4, 0xf4, 0x06, 0x13, 0xd2,
  0xd2, 0xcc, 0x0a, 0x13, 0xf4, 0xf4, 0xf4, 0x06, 0x14, 0xbb, 0x66, 0x4a, 0x09, 0x14, 0x48, 0x48,
  0x46, 0x0a, 0x14, 0xe4, 0xe4, 0xe4, 0x06, 0x15, 0x55, 0x11, 0x00, 0x0a, 0x15, 0x83, 0x33, 0x22,
  0x05, 0x16, 0x99, 0x44, 0x33, 0x0a, 0x16, 0x83, 0x33, 0x22
};
static const KofSprite kStance_orochi_6 PROGMEM = {
  .w = 20, .h = 23, .pixelCount = 98,
  .pixels = kStance_orochi_6Pixels, .fmt = 5,
};

// orochi 帧 7: 20×23, 97 pixels
static const uint8_t kStance_orochi_7Pixels[] PROGMEM = {
  0x08, 0x00, 0xdf, 0xdf, 0xdf, 0x09, 0x00, 0xf4, 0xf4, 0xf4, 0x0a, 0x00, 0xed, 0xed, 0xeb, 0x09,
  0x01, 0x65, 0x52, 0x42, 0x0a, 0x01, 0xc0, 0x99, 0x79, 0x09, 0x02, 0xb3, 0x60, 0x45, 0x0a, 0x02,
  0xdd, 0xbe, 0x96, 0x07, 0x03, 0xe1, 0xbd, 0x94, 0x08, 0x03, 0x6e, 0x32, 0x1c, 0x09, 0x03, 0x55,
  0x1b, 0x0d, 0x0a, 0x03, 0x59, 0x19, 0x0a, 0x0b, 0x03, 0xa3, 0x64, 0x43, 0x0c, 0x03, 0xe9, 0xaa,
  0x7b, 0x07, 0x04, 0x3c, 0x37, 0x33, 0x08, 0x04, 0x2f, 0x2a, 0x26, 0x09, 0x04, 0x20, 0x2f, 0x2f,
  0x0a, 0x04, 0x4a, 0x18, 0x0b, 0x0b, 0x04, 0x20, 0x2f, 0x2f, 0x0c, 0x04, 0xee, 0xaa, 0x77, 0x06,
  0x05, 0xf9, 0xc1, 0x8e, 0x07, 0x05, 0x30, 0x2d, 0x27, 0x08, 0x05, 0xe7, 0x9f, 0x70, 0x09, 0x05,
  0x31, 0x40, 0x40, 0x0a, 0x05, 0xc2, 0x8d, 0x69, 0x0b, 0x05, 0x39, 0x26, 0x1d, 0x0c, 0x05, 0x55,
  0x55, 0x55, 0x0d, 0x05, 0x6a, 0x65, 0x5b, 0x06, 0x06, 0xd1, 0x7f, 0x5a, 0x08, 0x06, 0xc8, 0x73,
  0x53, 0x09, 0x06, 0xd4, 0x89, 0x64, 0x0a, 0x06, 0xa4, 0x4f, 0x3a, 0x0c, 0x06, 0xd7, 0x88, 0x60,
  0x0d, 0x06, 0xe3, 0x99, 0x6c, 0x06, 0x07, 0xd7, 0x88, 0x60, 0x08, 0x07, 0xcb, 0xb9, 0xb5, 0x09,
  0x07, 0xf5, 0xcd, 0xa3, 0x0a, 0x07, 0xff, 0xff, 0xff, 0x0c, 0x07, 0xce, 0x7b, 0x57, 0x0d, 0x07,
  0xff, 0xd7, 0xa4, 0x05, 0x08, 0xca, 0x99, 0x73, 0x06, 0x08, 0x12, 0x00, 0x12, 0x08, 0x08, 0xf6,
  0xf6, 0xf6, 0x09, 0x08, 0xcd, 0xcd, 0xc4, 0x0a, 0x08, 0xfd, 0xfd, 0xfd, 0x0b, 0x08, 0x93, 0x93,
  0x8f, 0x0c, 0x08, 0x59, 0x31, 0x23, 0x0d, 0x08, 0xa6, 0x82, 0x67, 0x05, 0x09, 0x4a, 0x18, 0x0b,
  0x08, 0x09, 0xcf, 0xcf, 0xcf, 0x09, 0x09, 0x95, 0x95, 0x91, 0x0a, 0x09, 0xff, 0xff, 0xff, 0x0b,
  0x09, 0xbb, 0xbb, 0xaa, 0x0d, 0x09, 0x32, 0x3e, 0x3e, 0x05, 0x0a, 0x3f, 0x09, 0x12, 0x08, 0x0a,
  0xef, 0xef, 0xef, 0x09, 0x0a, 0x8e, 0x8e, 0x85, 0x0a, 0x0a, 0xff, 0xff, 0xff, 0x0b, 0x0a, 0xbb,
  0xbb, 0xaa, 0x0c, 0x0a, 0xcb, 0x8e, 0x69, 0x0d, 0x0a, 0xec, 0xa6, 0x75, 0x07, 0x0b, 0xe8, 0xe8,
  0xe8, 0x08, 0x0b, 0xcf, 0xcf, 0xc8, 0x09, 0x0b, 0x88, 0x88, 0x88, 0x0a, 0x0b, 0xff, 0xff, 0xff,
  0x0b, 0x0b, 0xaa, 0xaa, 0x9f, 0x0c, 0x0b, 0x34, 0x22, 0x1b, 0x07, 0x0c, 0xff, 0xff, 0xff, 0x08,
  0x0c, 0xb7, 0xb7, 0xa8, 0x0a, 0x0c, 0xe8, 0xe8, 0xe8, 0x0b, 0x0c, 0x77, 0x77, 0x77, 0x07, 0x0d,
  0xfd, 0xfd, 0xfd, 0x08, 0x0d, 0x88, 0x88, 0x88, 0x0a, 0x0d, 0xff, 0xff, 0xff, 0x0b, 0x0d, 0x77,
  0x77, 0x77, 0x07, 0x0e, 0xe4, 0xe4, 0xe4, 0x08, 0x0e, 0x7c, 0x6a, 0x7c, 0x0a, 0x0e, 0xed, 0xed,
  0xed, 0x07, 0x0f, 0x98, 0x98, 0x97, 0x0a, 0x0f, 0xa0, 0xa0, 0xa0, 0x06, 0x10, 0xed, 0xed, 0xed,
  0x07, 0x10, 0xb7, 0xb7, 0xa8, 0x0a, 0x10, 0xf4, 0xf4, 0xf4, 0x06, 0x11, 0xff, 0xff, 0xff, 0x07,
  0x11, 0xaa, 0xaa, 0x9f, 0x0a, 0x11, 0xf4, 0xf4, 0xf4, 0x06, 0x12, 0xf4, 0xf4, 0xf4, 0x07, 0x12,
  0x77, 0x77, 0x77, 0x0a, 0x12, 0xf4, 0xf4, 0xf4, 0x06, 0x13, 0xd2, 0xd2, 0xcc, 0x0a, 0x13, 0xf4,
  0xf4, 0xf4, 0x06, 0x14, 0xbb, 0x66, 0x4a, 0x09, 0x14, 0x48, 0x48, 0x46, 0x0a, 0x14, 0xe4, 0xe4,
  0xe4, 0x06, 0x15, 0x55, 0x11, 0x00, 0x0a, 0x15, 0x83, 0x33, 0x22, 0x05, 0x16, 0x99, 0x44, 0x33,
  0x0a, 0x16, 0x83, 0x33, 0x22
};
static const KofSprite kStance_orochi_7 PROGMEM = {
  .w = 20, .h = 23, .pixelCount = 97,
  .pixels = kStance_orochi_7Pixels, .fmt = 5,
};

// orochi 帧 8: 20×23, 101 pixels
static const uint8_t kStance_orochi_8Pixels[] PROGMEM = {
  0x09, 0x00, 0xcb, 0xcb, 0xc2, 0x0a, 0x00, 0xed, 0xed, 0xed, 0x0b, 0x00, 0xe6, 0xe6, 0xe6, 0x0a,
  0x01, 0xab, 0x7b, 0x5e, 0x0b, 0x01, 0x93, 0x73, 0x61, 0x0a, 0x02, 0xc7, 0x58, 0x66, 0x0b, 0x02,
  0xd1, 0x8a, 0x66, 0x08, 0x03, 0xe1, 0xd4, 0xae, 0x09, 0x03, 0xd4, 0xb6, 0x8c, 0x0a, 0x03, 0x70,
  0x54, 0x4e, 0x0b, 0x03, 0x55, 0x11, 0x00, 0x0c, 0x03, 0x60, 0x1c, 0x08, 0x0d, 0x03, 0xd8, 0x98,
  0x6a, 0x08, 0x04, 0xd1, 0x7f, 0x5a, 0x09, 0x04, 0x56, 0x2b, 0x1d, 0x0a, 0x04, 0x3d, 0x21, 0x18,
  0x0b, 0x04, 0x4a, 0x18, 0x0b, 0x0c, 0x04, 0x22, 0x33, 0x33, 0x0d, 0x04, 0xe9, 0xa2, 0x72, 0x0e,
  0x04, 0xda, 0x8e, 0x64, 0x07, 0x05, 0xd5, 0x84, 0x5e, 0x08, 0x05, 0xb7, 0x62, 0x47, 0x09, 0x05,
  0x96, 0x72, 0x5e, 0x0a, 0x05, 0xa4, 0x74, 0x5a, 0x0b, 0x05, 0xe7, 0x9f, 0x70, 0x0c, 0x05, 0x19,
  0x26, 0x26, 0x0d, 0x05, 0xa6, 0x82, 0x67, 0x0e, 0x05, 0x5f, 0x5f, 0x54, 0x07, 0x06, 0xe0, 0xaf,
  0x84, 0x08, 0x06, 0xbb, 0x5a, 0x53, 0x09, 0x06, 0xb1, 0x5c, 0x43, 0x0a, 0x06, 0x64, 0x56, 0x4a,
  0x0b, 0x06, 0xc4, 0x72, 0x51, 0x0c, 0x06, 0xbb, 0x5a, 0x53, 0x0d, 0x06, 0xc4, 0x6f, 0x50, 0x0e,
  0x06, 0xe9, 0xa2, 0x72, 0x07, 0x07, 0x51, 0x53, 0x53, 0x09, 0x07, 0x9d, 0x79, 0x70, 0x0a, 0x07,
  0xd6, 0xc9, 0xb2, 0x0b, 0x07, 0xff, 0xff, 0xff, 0x0d, 0x07, 0xaa, 0x54, 0x3e, 0x0e, 0x07, 0xf3,
  0xb5, 0x82, 0x05, 0x08, 0x55, 0x11, 0x00, 0x06, 0x08, 0xc4, 0x6f, 0x50, 0x09, 0x08, 0xf5, 0xf5,
  0xf2, 0x0a, 0x08, 0xd9, 0xd9, 0xd5, 0x0b, 0x08, 0xff, 0xff, 0xff, 0x0c, 0x08, 0xc0, 0xc0, 0xbc,
  0x0e, 0x08, 0xc5, 0x92, 0x6a, 0x06, 0x09, 0x55, 0x11, 0x00, 0x09, 0x09, 0xf6, 0xf6, 0xf6, 0x0a,
  0x09, 0xa3, 0xa3, 0x9a, 0x0b, 0x09, 0xdb, 0xdb, 0xd2, 0x0c, 0x09, 0xd2, 0xd2, 0xcc, 0x0e, 0x09,
  0x0b, 0x10, 0x10, 0x09, 0x0a, 0xfd, 0xfd, 0xfd, 0x0a, 0x0a, 0xb4, 0xb4, 0xa4, 0x0b, 0x0a, 0xe8,
  0xe8, 0xe8, 0x0c, 0x0a, 0xbb, 0xbb, 0xaa, 0x0e, 0x0a, 0xf9, 0xd3, 0xa0, 0x08, 0x0b, 0xc6, 0xc6,
  0xbb, 0x09, 0x0b, 0xdb, 0xdb, 0xd9, 0x0a, 0x0b, 0xa3, 0xa3, 0x9a, 0x0b, 0x0b, 0xe8, 0xe8, 0xe8,
  0x0c, 0x0b, 0xbb, 0xbb, 0xaa, 0x0e, 0x0b, 0x12, 0x00, 0x12, 0x08, 0x0c, 0xe8, 0xe8, 0xe8, 0x09,
  0x0c, 0xbb, 0xbb, 0xaa, 0x0a, 0x0c, 0x77, 0x77, 0x77, 0x0b, 0x0c, 0xdd, 0xdd, 0xdd, 0x0c, 0x0c,
  0xaa, 0xaa, 0x9f, 0x08, 0x0d, 0xff, 0xff, 0xff, 0x09, 0x0d, 0xaa, 0xaa, 0x9f, 0x0b, 0x0d, 0xe8,
  0xe8, 0xe8, 0x0c, 0x0d, 0x88, 0x88, 0x88, 0x08, 0x0e, 0xf6, 0xf6, 0xf6, 0x09, 0x0e, 0x9f, 0x9f,
  0x96, 0x0b, 0x0e, 0xd2, 0xd2, 0xca, 0x0c, 0x0e, 0x7f, 0x7f, 0x7d, 0x08, 0x0f, 0x9b, 0x9b, 0x9b,
  0x0b, 0x0f, 0xa2, 0xa2, 0xa2, 0x0c, 0x0f, 0x73, 0x73, 0x73, 0x07, 0x10, 0xc8, 0xc8, 0xbd, 0x08,
  0x10, 0xbb, 0xbb, 0xaa, 0x0b, 0x10, 0xff, 0xff, 0xff, 0x0c, 0x10, 0x77, 0x77, 0x77, 0x07, 0x11,
  0xd1, 0xd1, 0xc6, 0x08, 0x11, 0xbb, 0xbb, 0xaa, 0x0b, 0x11, 0xff, 0xff, 0xff, 0x07, 0x12, 0xe8,
  0xe8, 0xe8, 0x08, 0x12, 0x88, 0x88, 0x88, 0x0b, 0x12, 0xe8, 0xe8, 0xe8, 0x07, 0x13, 0xdd, 0xdd,
  0xdd, 0x0b, 0x13, 0xe8, 0xe8, 0xe8, 0x07, 0x14, 0x86, 0x3a, 0x23, 0x08, 0x14, 0x75, 0x38, 0x2b,
  0x0b, 0x14, 0xd9, 0xd9, 0xd9, 0x07, 0x15, 0xa5, 0x56, 0x39, 0x0b, 0x15, 0x99, 0x44, 0x33, 0x06,
  0x16, 0x75, 0x29, 0x18, 0x0b, 0x16, 0xa1, 0x4c, 0x38
};
static const KofSprite kStance_orochi_8 PROGMEM = {
  .w = 20, .h = 23, .pixelCount = 101,
  .pixels = kStance_orochi_8Pixels, .fmt = 5,
};

// orochi 帧 9: 20×23, 101 pixels
static const uint8_t kStance_orochi_9Pixels[] PROGMEM = {
  0x09, 0x00, 0xcb, 0xcb, 0xc2, 0x0a, 0x00, 0xed, 0xed, 0xed, 0x0b, 0x00, 0xe6, 0xe6, 0xe6, 0x0a,
  0x01, 0xab, 0x7b, 0x5e, 0x0b, 0x01, 0x93, 0x73, 0x61, 0x0a, 0x02, 0xc7, 0x58, 0x66, 0x0b, 0x02,
  0xd1, 0x8a, 0x66, 0x08, 0x03, 0xe1, 0xd4, 0xae, 0x09, 0x03, 0xd4, 0xb6, 0x8c, 0x0a, 0x03, 0x70,
  0x54, 0x4e, 0x0b, 0x03, 0x55, 0x11, 0x00, 0x0c, 0x03, 0x38, 0x36, 0x30, 0x0d, 0x03, 0xd1, 0x9d,
  0x72, 0x08, 0x04, 0xd1, 0x7f, 0x5a, 0x09, 0x04, 0x39, 0x39, 0x34, 0x0a, 0x04, 0x17, 0x22, 0x22,
  0x0b, 0x04, 0x20, 0x2f, 0x2f, 0x0c, 0x04, 0x09, 0x0d, 0x0d, 0x0d, 0x04, 0xe9, 0xa2, 0x72, 0x0e,
  0x04, 0xda, 0x8e, 0x64, 0x07, 0x05, 0xd5, 0x84, 0x5e, 0x08, 0x05, 0xb7, 0x62, 0x47, 0x09, 0x05,
  0x96, 0x72, 0x5e, 0x0a, 0x05, 0xa4, 0x74, 0x5a, 0x0b, 0x05, 0xe7, 0x9f, 0x70, 0x0c, 0x05, 0x07,
  0x0b, 0x0b, 0x0d, 0x05, 0xa6, 0x82, 0x67, 0x0e, 0x05, 0x5f, 0x5f, 0x54, 0x07, 0x06, 0xe0, 0xaf,
  0x84, 0x08, 0x06, 0xbb, 0x5a, 0x53, 0x09, 0x06, 0xb1, 0x5c, 0x43, 0x0a, 0x06, 0x64, 0x56, 0x4a,
  0x0b, 0x06, 0xc4, 0x72, 0x51, 0x0c, 0x06, 0xbb, 0x5a, 0x53, 0x0d, 0x06, 0xc4, 0x6f, 0x50, 0x0e,
  0x06, 0xe9, 0xa2, 0x72, 0x07, 0x07, 0x51, 0x53, 0x53, 0x09, 0x07, 0x9d, 0x79, 0x70, 0x0a, 0x07,
  0xd6, 0xc9, 0xb2, 0x0b, 0x07, 0xff, 0xff, 0xff, 0x0d, 0x07, 0xaa, 0x54, 0x3e, 0x0e, 0x07, 0xf3,
  0xb5, 0x82, 0x05, 0x08, 0x48, 0x1a, 0x0d, 0x06, 0x08, 0xc4, 0x6f, 0x50, 0x09, 0x08, 0xf5, 0xf5,
  0xf2, 0x0a, 0x08, 0xd9, 0xd9, 0xd5, 0x0b, 0x08, 0xff, 0xff, 0xff, 0x0c, 0x08, 0xc0, 0xc0, 0xbc,
  0x0e, 0x08, 0xc5, 0x92, 0x6a, 0x06, 0x09, 0x55, 0x11, 0x00, 0x09, 0x09, 0xf6, 0xf6, 0xf6, 0x0a,
  0x09, 0xa3, 0xa3, 0x9a, 0x0b, 0x09, 0xdb, 0xdb, 0xd2, 0x0c, 0x09, 0xd2, 0xd2, 0xcc, 0x0e, 0x09,
  0x0b, 0x10, 0x10, 0x09, 0x0a, 0xfd, 0xfd, 0xfd, 0x0a, 0x0a, 0xb4, 0xb4, 0xa4, 0x0b, 0x0a, 0xe8,
  0xe8, 0xe8, 0x0c, 0x0a, 0xbb, 0xbb, 0xaa, 0x0e, 0x0a, 0xf9, 0xd3, 0xa0, 0x08, 0x0b, 0xc6, 0xc6,
  0xbb, 0x09, 0x0b, 0xdb, 0xdb, 0xd9, 0x0a, 0x0b, 0xa3, 0xa3, 0x9a, 0x0b, 0x0b, 0xe8, 0xe8, 0xe8,
  0x0c, 0x0b, 0xbb, 0xbb, 0xaa, 0x0e, 0x0b, 0x12, 0x00, 0x12, 0x08, 0x0c, 0xe8, 0xe8, 0xe8, 0x09,
  0x0c, 0xbb, 0xbb, 0xaa, 0x0a, 0x0c, 0x77, 0x77, 0x77, 0x0b, 0x0c, 0xdd, 0xdd, 0xdd, 0x0c, 0x0c,
  0xaa, 0xaa, 0x9f, 0x08, 0x0d, 0xff, 0xff, 0xff, 0x09, 0x0d, 0xaa, 0xaa, 0x9f, 0x0b, 0x0d, 0xe8,
  0xe8, 0xe8, 0x0c, 0x0d, 0x88, 0x88, 0x88, 0x08, 0x0e, 0xf6, 0xf6, 0xf6, 0x09, 0x0e, 0x9f, 0x9f,
  0x96, 0x0b, 0x0e, 0xd2, 0xd2, 0xca, 0x0c, 0x0e, 0x7f, 0x7f, 0x7d, 0x08, 0x0f, 0x9b, 0x9b, 0x9b,
  0x0b, 0x0f, 0xa2, 0xa2, 0xa2, 0x0c, 0x0f, 0x73, 0x73, 0x73, 0x07, 0x10, 0xc8, 0xc8, 0xbd, 0x08,
  0x10, 0xbb, 0xbb, 0xaa, 0x0b, 0x10, 0xff, 0xff, 0xff, 0x0c, 0x10, 0x77, 0x77, 0x77, 0x07, 0x11,
  0xd1, 0xd1, 0xc6, 0x08, 0x11, 0xbb, 0xbb, 0xaa, 0x0b, 0x11, 0xff, 0xff, 0xff, 0x07, 0x12, 0xe8,
  0xe8, 0xe8, 0x08, 0x12, 0x88, 0x88, 0x88, 0x0b, 0x12, 0xe8, 0xe8, 0xe8, 0x07, 0x13, 0xdd, 0xdd,
  0xdd, 0x0b, 0x13, 0xe8, 0xe8, 0xe8, 0x07, 0x14, 0x86, 0x3a, 0x23, 0x08, 0x14, 0x75, 0x38, 0x2b,
  0x0b, 0x14, 0xd9, 0xd9, 0xd9, 0x07, 0x15, 0xa5, 0x56, 0x39, 0x0b, 0x15, 0x99, 0x44, 0x33, 0x06,
  0x16, 0x75, 0x29, 0x18, 0x0b, 0x16, 0xa1, 0x4c, 0x38
};
static const KofSprite kStance_orochi_9 PROGMEM = {
  .w = 20, .h = 23, .pixelCount = 101,
  .pixels = kStance_orochi_9Pixels, .fmt = 5,
};

// orochi 帧 10: 20×23, 101 pixels
static const uint8_t kStance_orochi_10Pixels[] PROGMEM = {
  0x09, 0x00, 0xcb, 0xcb, 0xc2, 0x0a, 0x00, 0xed, 0xed, 0xed, 0x0b, 0x00, 0xe6, 0xe6, 0xe6, 0x0a,
  0x01, 0xab, 0x7b, 0x5e, 0x0b, 0x01, 0x93, 0x73, 0x61, 0x0a, 0x02, 0xc7, 0x58, 0x66, 0x0b, 0x02,
  0xd1, 0x8a, 0x66, 0x08, 0x03, 0xe1, 0xd4, 0xae, 0x09, 0x03, 0xe5, 0xc3, 0x98, 0x0a, 0x03, 0xa0,
  0x62, 0x54, 0x0b, 0x03, 0xbf, 0x37, 0x1a, 0x0c, 0x03, 0x9f, 0x4b, 0x38, 0x0d, 0x03, 0xe3, 0xa0,
  0x72, 0x08, 0x04, 0xd1, 0x7f, 0x5a, 0x09, 0x04, 0x7e, 0x44, 0x34, 0x0a, 0x04, 0x7a, 0x3a, 0x2b,
  0x0b, 0x04, 0x4d, 0x16, 0x08, 0x0c, 0x04, 0x4f, 0x21, 0x14, 0x0d, 0x04, 0xe9, 0xa2, 0x72, 0x0e,
  0x04, 0xda, 0x8e, 0x64, 0x07, 0x05, 0xd5, 0x84, 0x5e, 0x08, 0x05, 0xb7, 0x62, 0x47, 0x09, 0x05,
  0x96, 0x72, 0x5e, 0x0a, 0x05, 0xa4, 0x74, 0x5a, 0x0b, 0x05, 0xe7, 0x9f, 0x70, 0x0c, 0x05, 0x5c,
  0x2a, 0x1d, 0x0d, 0x05, 0xa6, 0x82, 0x67, 0x0e, 0x05, 0x5f, 0x5f, 0x54, 0x07, 0x06, 0xe0, 0xaf,
  0x84, 0x08, 0x06, 0xbb, 0x5a, 0x53, 0x09, 0x06, 0xb1, 0x5c, 0x43, 0x0a, 0x06, 0x64, 0x56, 0x4a,
  0x0b, 0x06, 0xc4, 0x72, 0x51, 0x0c, 0x06, 0xbb, 0x5a, 0x53, 0x0d, 0x06, 0xc4, 0x6f, 0x50, 0x0e,
  0x06, 0xe9, 0xa2, 0x72, 0x07, 0x07, 0x51, 0x53, 0x53, 0x09, 0x07, 0x9d, 0x79, 0x70, 0x0a, 0x07,
  0xd6, 0xc9, 0xb2, 0x0b, 0x07, 0xff, 0xff, 0xff, 0x0d, 0x07, 0xaa, 0x54, 0x3e, 0x0e, 0x07, 0xf3,
  0xb5, 0x82, 0x05, 0x08, 0xcd, 0x89, 0x5d, 0x06, 0x08, 0xc4, 0x6f, 0x50, 0x09, 0x08, 0xf5, 0xf5,
  0xf2, 0x0a, 0x08, 0xd9, 0xd9, 0xd5, 0x0b, 0x08, 0xff, 0xff, 0xff, 0x0c, 0x08, 0xc0, 0xc0, 0xbc,
  0x0e, 0x08, 0xc5, 0x92, 0x6a, 0x06, 0x09, 0x78, 0x23, 0x0f, 0x09, 0x09, 0xf6, 0xf6, 0xf6, 0x0a,
  0x09, 0xa3, 0xa3, 0x9a, 0x0b, 0x09, 0xdb, 0xdb, 0xd2, 0x0c, 0x09, 0xd2, 0xd2, 0xcc, 0x0e, 0x09,
  0x0b, 0x10, 0x10, 0x09, 0x0a, 0xfd, 0xfd, 0xfd, 0x0a, 0x0a, 0xb4, 0xb4, 0xa4, 0x0b, 0x0a, 0xe8,
  0xe8, 0xe8, 0x0c, 0x0a, 0xbb, 0xbb, 0xaa, 0x0e, 0x0a, 0xf9, 0xd3, 0xa0, 0x08, 0x0b, 0xc6, 0xc6,
  0xbb, 0x09, 0x0b, 0xdb, 0xdb, 0xd9, 0x0a, 0x0b, 0xa3, 0xa3, 0x9a, 0x0b, 0x0b, 0xe8, 0xe8, 0xe8,
  0x0c, 0x0b, 0xbb, 0xbb, 0xaa, 0x0e, 0x0b, 0x73, 0x22, 0x24, 0x08, 0x0c, 0xe8, 0xe8, 0xe8, 0x09,
  0x0c, 0xbb, 0xbb, 0xaa, 0x0a, 0x0c, 0x77, 0x77, 0x77, 0x0b, 0x0c, 0xdd, 0xdd, 0xdd, 0x0c, 0x0c,
  0xaa, 0xaa, 0x9f, 0x08, 0x0d, 0xff, 0xff, 0xff, 0x09, 0x0d, 0xaa, 0xaa, 0x9f, 0x0b, 0x0d, 0xe8,
  0xe8, 0xe8, 0x0c, 0x0d, 0x88, 0x88, 0x88, 0x08, 0x0e, 0xf6, 0xf6, 0xf6, 0x09, 0x0e, 0x9f, 0x9f,
  0x96, 0x0b, 0x0e, 0xd2, 0xd2, 0xca, 0x0c, 0x0e, 0x7f, 0x7f, 0x7d, 0x08, 0x0f, 0x9b, 0x9b, 0x9b,
  0x0b, 0x0f, 0xa2, 0xa2, 0xa2, 0x0c, 0x0f, 0x73, 0x73, 0x73, 0x07, 0x10, 0xc8, 0xc8, 0xbd, 0x08,
  0x10, 0xbb, 0xbb, 0xaa, 0x0b, 0x10, 0xff, 0xff, 0xff, 0x0c, 0x10, 0x77, 0x77, 0x77, 0x07, 0x11,
  0xd1, 0xd1, 0xc6, 0x08, 0x11, 0xbb, 0xbb, 0xaa, 0x0b, 0x11, 0xff, 0xff, 0xff, 0x07, 0x12, 0xe8,
  0xe8, 0xe8, 0x08, 0x12, 0x88, 0x88, 0x88, 0x0b, 0x12, 0xe8, 0xe8, 0xe8, 0x07, 0x13, 0xdd, 0xdd,
  0xdd, 0x0b, 0x13, 0xe8, 0xe8, 0xe8, 0x07, 0x14, 0x86, 0x3a, 0x23, 0x08, 0x14, 0x75, 0x38, 0x2b,
  0x0b, 0x14, 0xd9, 0xd9, 0xd9, 0x07, 0x15, 0xa5, 0x56, 0x39, 0x0b, 0x15, 0x99, 0x44, 0x33, 0x06,
  0x16, 0x75, 0x29, 0x18, 0x0b, 0x16, 0xa1, 0x4c, 0x38
};
static const KofSprite kStance_orochi_10 PROGMEM = {
  .w = 20, .h = 23, .pixelCount = 101,
  .pixels = kStance_orochi_10Pixels, .fmt = 5,
};

// orochi 帧 11: 20×23, 101 pixels
static const uint8_t kStance_orochi_11Pixels[] PROGMEM = {
  0x09, 0x00, 0xcb, 0xcb, 0xc2, 0x0a, 0x00, 0xed, 0xed, 0xed, 0x0b, 0x00, 0xe6, 0xe6, 0xe6, 0x0a,
  0x01, 0xab, 0x7b, 0x5e, 0x0b, 0x01, 0x93, 0x73, 0x61, 0x0a, 0x02, 0xc7, 0x58, 0x66, 0x0b, 0x02,
  0xd1, 0x8a, 0x66, 0x08, 0x03, 0xe1, 0xd4, 0xae, 0x09, 0x03, 0xf2, 0xd0, 0xa1, 0x0a, 0x03, 0xa0,
  0x7e, 0x70, 0x0b, 0x03, 0xcc, 0x77, 0x55, 0x0c, 0x03, 0xce, 0x7b, 0x57, 0x0d, 0x03, 0xea, 0xa7,
  0x77, 0x08, 0x04, 0xd1, 0x7f, 0x5a, 0x09, 0x04, 0x98, 0x5f, 0x46, 0x0a, 0x04, 0x9d, 0x59, 0x41,
  0x0b, 0x04, 0x4d, 0x16, 0x08, 0x0c, 0x04, 0x57, 0x25, 0x18, 0x0d, 0x04, 0xe9, 0xa2, 0x72, 0x0e,
  0x04, 0xda, 0x8e, 0x64, 0x07, 0x05, 0xd5, 0x84, 0x5e, 0x08, 0x05, 0xb7, 0x62, 0x47, 0x09, 0x05,
  0x96, 0x72, 0x5e, 0x0a, 0x05, 0xa4, 0x74, 0x5a, 0x0b, 0x05, 0xe7, 0x9f, 0x70, 0x0c, 0x05, 0x76,
  0x3c, 0x2f, 0x0d, 0x05, 0xa6, 0x82, 0x67, 0x0e, 0x05, 0x5f, 0x5f, 0x54, 0x07, 0x06, 0xe0, 0xaf,
  0x84, 0x08, 0x06, 0xbb, 0x5a, 0x53, 0x09, 0x06, 0xb1, 0x5c, 0x43, 0x0a, 0x06, 0x64, 0x56, 0x4a,
  0x0b, 0x06, 0xc4, 0x72, 0x51, 0x0c, 0x06, 0xbb, 0x5a, 0x53, 0x0d, 0x06, 0xc4, 0x6f, 0x50, 0x0e,
  0x06, 0xe9, 0xa2, 0x72, 0x07, 0x07, 0x51, 0x53, 0x53, 0x09, 0x07, 0x9d, 0x79, 0x70, 0x0a, 0x07,
  0xd6, 0xc9, 0xb2, 0x0b, 0x07, 0xff, 0xff, 0xff, 0x0d, 0x07, 0xaa, 0x54, 0x3e, 0x0e, 0x07, 0xf3,
  0xb5, 0x82, 0x05, 0x08, 0xd4, 0x90, 0x64, 0x06, 0x08, 0xc4, 0x6f, 0x50, 0x09, 0x08, 0xf5, 0xf5,
  0xf2, 0x0a, 0x08, 0xd9, 0xd9, 0xd5, 0x0b, 0x08, 0xff, 0xff, 0xff, 0x0c, 0x08, 0xc0, 0xc0, 0xbc,
  0x0e, 0x08, 0xc5, 0x92, 0x6a, 0x06, 0x09, 0x99, 0x4e, 0x36, 0x09, 0x09, 0xf6, 0xf6, 0xf6, 0x0a,
  0x09, 0xa3, 0xa3, 0x9a, 0x0b, 0x09, 0xdb, 0xdb, 0xd2, 0x0c, 0x09, 0xd2, 0xd2, 0xcc, 0x0e, 0x09,
  0x0b, 0x10, 0x10, 0x09, 0x0a, 0xfd, 0xfd, 0xfd, 0x0a, 0x0a, 0xb4, 0xb4, 0xa4, 0x0b, 0x0a, 0xe8,
  0xe8, 0xe8, 0x0c, 0x0a, 0xbb, 0xbb, 0xaa, 0x0e, 0x0a, 0xf9, 0xd3, 0xa0, 0x08, 0x0b, 0xc6, 0xc6,
  0xbb, 0x09, 0x0b, 0xdb, 0xdb, 0xd9, 0x0a, 0x0b, 0xa3, 0xa3, 0x9a, 0x0b, 0x0b, 0xe8, 0xe8, 0xe8,
  0x0c, 0x0b, 0xbb, 0xbb, 0xaa, 0x0e, 0x0b, 0x81, 0x2f, 0x31, 0x08, 0x0c, 0xe8, 0xe8, 0xe8, 0x09,
  0x0c, 0xbb, 0xbb, 0xaa, 0x0a, 0x0c, 0x77, 0x77, 0x77, 0x0b, 0x0c, 0xdd, 0xdd, 0xdd, 0x0c, 0x0c,
  0xaa, 0xaa, 0x9f, 0x08, 0x0d, 0xff, 0xff, 0xff, 0x09, 0x0d, 0xaa, 0xaa, 0x9f, 0x0b, 0x0d, 0xe8,
  0xe8, 0xe8, 0x0c, 0x0d, 0x88, 0x88, 0x88, 0x08, 0x0e, 0xf6, 0xf6, 0xf6, 0x09, 0x0e, 0x9f, 0x9f,
  0x96, 0x0b, 0x0e, 0xd2, 0xd2, 0xca, 0x0c, 0x0e, 0x7f, 0x7f, 0x7d, 0x08, 0x0f, 0x9b, 0x9b, 0x9b,
  0x0b, 0x0f, 0xa2, 0xa2, 0xa2, 0x0c, 0x0f, 0x73, 0x73, 0x73, 0x07, 0x10, 0xc8, 0xc8, 0xbd, 0x08,
  0x10, 0xbb, 0xbb, 0xaa, 0x0b, 0x10, 0xff, 0xff, 0xff, 0x0c, 0x10, 0x77, 0x77, 0x77, 0x07, 0x11,
  0xd1, 0xd1, 0xc6, 0x08, 0x11, 0xbb, 0xbb, 0xaa, 0x0b, 0x11, 0xff, 0xff, 0xff, 0x07, 0x12, 0xe8,
  0xe8, 0xe8, 0x08, 0x12, 0x88, 0x88, 0x88, 0x0b, 0x12, 0xe8, 0xe8, 0xe8, 0x07, 0x13, 0xdd, 0xdd,
  0xdd, 0x0b, 0x13, 0xe8, 0xe8, 0xe8, 0x07, 0x14, 0x86, 0x3a, 0x23, 0x08, 0x14, 0x75, 0x38, 0x2b,
  0x0b, 0x14, 0xd9, 0xd9, 0xd9, 0x07, 0x15, 0xa5, 0x56, 0x39, 0x0b, 0x15, 0x99, 0x44, 0x33, 0x06,
  0x16, 0x75, 0x29, 0x18, 0x0b, 0x16, 0xa1, 0x4c, 0x38
};
static const KofSprite kStance_orochi_11 PROGMEM = {
  .w = 20, .h = 23, .pixelCount = 101,
  .pixels = kStance_orochi_11Pixels, .fmt = 5,
};

// orochi 帧 12: 20×23, 101 pixels
static const uint8_t kStance_orochi_12Pixels[] PROGMEM = {
  0x09, 0x00, 0xcb, 0xcb, 0xc2, 0x0a, 0x00, 0xed, 0xed, 0xed, 0x0b, 0x00, 0xe6, 0xe6, 0xe6, 0x0a,
  0x01, 0xab, 0x7b, 0x5e, 0x0b, 0x01, 0x93, 0x73, 0x61, 0x0a, 0x02, 0xc7, 0x58, 0x66, 0x0b, 0x02,
  0xd1, 0x8a, 0x66, 0x08, 0x03, 0xe1, 0xd4, 0xae, 0x09, 0x03, 0xfb, 0xdd, 0xaa, 0x0a, 0x03, 0x84,
  0x84, 0x84, 0x0b, 0x03, 0xa6, 0x99, 0x8c, 0x0c, 0x03, 0xee, 0xaa, 0x77, 0x0d, 0x03, 0xf2, 0xb4,
  0x81, 0x08, 0x04, 0xd1, 0x7f, 0x5a, 0x09, 0x04, 0xa7, 0x7c, 0x5c, 0x0a, 0x04, 0xb9, 0x83, 0x5f,
  0x0b, 0x04, 0x22, 0x33, 0x33, 0x0c, 0x04, 0x47, 0x42, 0x3a, 0x0d, 0x04, 0xe9, 0xa2, 0x72, 0x0e,
  0x04, 0xda, 0x8e, 0x64, 0x07, 0x05, 0xd5, 0x84, 0x5e, 0x08, 0x05, 0xb7, 0x62, 0x47, 0x09, 0x05,
  0x96, 0x72, 0x5e, 0x0a, 0x05, 0xa4, 0x74, 0x5a, 0x0b, 0x05, 0xe7, 0x9f, 0x70, 0x0c, 0x05, 0x68,
  0x56, 0x4e, 0x0d, 0x05, 0xa6, 0x82, 0x67, 0x0e, 0x05, 0x5f, 0x5f, 0x54, 0x07, 0x06, 0xe0, 0xaf,
  0x84, 0x08, 0x06, 0xbb, 0x5a, 0x53, 0x09, 0x06, 0xb1, 0x5c, 0x43, 0x0a, 0x06, 0x64, 0x56, 0x4a,
  0x0b, 0x06, 0xc4, 0x72, 0x51, 0x0c, 0x06, 0xbb, 0x5a, 0x53, 0x0d, 0x06, 0xc4, 0x6f, 0x50, 0x0e,
  0x06, 0xe9, 0xa2, 0x72, 0x07, 0x07, 0x51, 0x53, 0x53, 0x09, 0x07, 0x9d, 0x79, 0x70, 0x0a, 0x07,
  0xd6, 0xc9, 0xb2, 0x0b, 0x07, 0xff, 0xff, 0xff, 0x0d, 0x07, 0xaa, 0x54, 0x3e, 0x0e, 0x07, 0xf3,
  0xb5, 0x82, 0x05, 0x08, 0xd4, 0x90, 0x64, 0x06, 0x08, 0xc4, 0x6f, 0x50, 0x09, 0x08, 0xf5, 0xf5,
  0xf2, 0x0a, 0x08, 0xd9, 0xd9, 0xd5, 0x0b, 0x08, 0xff, 0xff, 0xff, 0x0c, 0x08, 0xc0, 0xc0, 0xbc,
  0x0e, 0x08, 0xc5, 0x92, 0x6a, 0x06, 0x09, 0xa7, 0x63, 0x44, 0x09, 0x09, 0xf6, 0xf6, 0xf6, 0x0a,
  0x09, 0xa3, 0xa3, 0x9a, 0x0b, 0x09, 0xdb, 0xdb, 0xd2, 0x0c, 0x09, 0xd2, 0xd2, 0xcc, 0x0e, 0x09,
  0x0b, 0x10, 0x10, 0x09, 0x0a, 0xfd, 0xfd, 0xfd, 0x0a, 0x0a, 0xb4, 0xb4, 0xa4, 0x0b, 0x0a, 0xe8,
  0xe8, 0xe8, 0x0c, 0x0a, 0xbb, 0xbb, 0xaa, 0x0e, 0x0a, 0xf9, 0xd3, 0xa0, 0x08, 0x0b, 0xc6, 0xc6,
  0xbb, 0x09, 0x0b, 0xdb, 0xdb, 0xd9, 0x0a, 0x0b, 0xa3, 0xa3, 0x9a, 0x0b, 0x0b, 0xe8, 0xe8, 0xe8,
  0x0c, 0x0b, 0xbb, 0xbb, 0xaa, 0x0e, 0x0b, 0x92, 0x38, 0x3a, 0x08, 0x0c, 0xe8, 0xe8, 0xe8, 0x09,
  0x0c, 0xbb, 0xbb, 0xaa, 0x0a, 0x0c, 0x77, 0x77, 0x77, 0x0b, 0x0c, 0xdd, 0xdd, 0xdd, 0x0c, 0x0c,
  0xaa, 0xaa, 0x9f, 0x08, 0x0d, 0xff, 0xff, 0xff, 0x09, 0x0d, 0xaa, 0xaa, 0x9f, 0x0b, 0x0d, 0xe8,
  0xe8, 0xe8, 0x0c, 0x0d, 0x88, 0x88, 0x88, 0x08, 0x0e, 0xf6, 0xf6, 0xf6, 0x09, 0x0e, 0x9f, 0x9f,
  0x96, 0x0b, 0x0e, 0xd2, 0xd2, 0xca, 0x0c, 0x0e, 0x7f, 0x7f, 0x7d, 0x08, 0x0f, 0x9b, 0x9b, 0x9b,
  0x0b, 0x0f, 0xa2, 0xa2, 0xa2, 0x0c, 0x0f, 0x73, 0x73, 0x73, 0x07, 0x10, 0xc8, 0xc8, 0xbd, 0x08,
  0x10, 0xbb, 0xbb, 0xaa, 0x0b, 0x10, 0xff, 0xff, 0xff, 0x0c, 0x10, 0x77, 0x77, 0x77, 0x07, 0x11,
  0xd1, 0xd1, 0xc6, 0x08, 0x11, 0xbb, 0xbb, 0xaa, 0x0b, 0x11, 0xff, 0xff, 0xff, 0x07, 0x12, 0xe8,
  0xe8, 0xe8, 0x08, 0x12, 0x88, 0x88, 0x88, 0x0b, 0x12, 0xe8, 0xe8, 0xe8, 0x07, 0x13, 0xdd, 0xdd,
  0xdd, 0x0b, 0x13, 0xe8, 0xe8, 0xe8, 0x07, 0x14, 0x86, 0x3a, 0x23, 0x08, 0x14, 0x75, 0x38, 0x2b,
  0x0b, 0x14, 0xd9, 0xd9, 0xd9, 0x07, 0x15, 0xa5, 0x56, 0x39, 0x0b, 0x15, 0x99, 0x44, 0x33, 0x06,
  0x16, 0x75, 0x29, 0x18, 0x0b, 0x16, 0xa1, 0x4c, 0x38
};
static const KofSprite kStance_orochi_12 PROGMEM = {
  .w = 20, .h = 23, .pixelCount = 101,
  .pixels = kStance_orochi_12Pixels, .fmt = 5,
};

// orochi 帧 13: 20×23, 101 pixels
static const uint8_t kStance_orochi_13Pixels[] PROGMEM = {
  0x09, 0x00, 0xcb, 0xcb, 0xc2, 0x0a, 0x00, 0xed, 0xed, 0xed, 0x0b, 0x00, 0xe6, 0xe6, 0xe6, 0x0a,
  0x01, 0xab, 0x7b, 0x5e, 0x0b, 0x01, 0x93, 0x73, 0x61, 0x0a, 0x02, 0xc7, 0x58, 0x66, 0x0b, 0x02,
  0xd1, 0x8a, 0x66, 0x08, 0x03, 0xe1, 0xd4, 0xae, 0x09, 0x03, 0xff, 0xee, 0xbb, 0x0a, 0x03, 0x84,
  0x84, 0x84, 0x0b, 0x03, 0xa6, 0xa2, 0x95, 0x0c, 0x03, 0xf0, 0xb4, 0x81, 0x0d, 0x03, 0xf2, 0xb9,
  0x86, 0x08, 0x04, 0xd1, 0x7f, 0x5a, 0x09, 0x04, 0xa7, 0x7c, 0x5c, 0x0a, 0x04, 0xa7, 0x68, 0x4e,
  0x0b, 0x04, 0x22, 0x33, 0x33, 0x0c, 0x04, 0x47, 0x42, 0x3a, 0x0d, 0x04, 0xe9, 0xa2, 0x72, 0x0e,
  0x04, 0xda, 0x8e, 0x64, 0x07, 0x05, 0xd5, 0x84, 0x5e, 0x08, 0x05, 0xb7, 0x62, 0x47, 0x09, 0x05,
  0x96, 0x72, 0x5e, 0x0a, 0x05, 0xa4, 0x74, 0x5a, 0x0b, 0x05, 0xe7, 0x9f, 0x70, 0x0c, 0x05, 0x71,
  0x63, 0x56, 0x0d, 0x05, 0xa6, 0x82, 0x67, 0x0e, 0x05, 0x5f, 0x5f, 0x54, 0x07, 0x06, 0xe0, 0xaf,
  0x84, 0x08, 0x06, 0xbb, 0x5a, 0x53, 0x09, 0x06, 0xb1, 0x5c, 0x43, 0x0a, 0x06, 0x64, 0x56, 0x4a,
  0x0b, 0x06, 0xc4, 0x72, 0x51, 0x0c, 0x06, 0xbb, 0x5a, 0x53, 0x0d, 0x06, 0xc4, 0x6f, 0x50, 0x0e,
  0x06, 0xe9, 0xa2, 0x72, 0x07, 0x07, 0x51, 0x53, 0x53, 0x09, 0x07, 0x9d, 0x79, 0x70, 0x0a, 0x07,
  0xd6, 0xc9, 0xb2, 0x0b, 0x07, 0xff, 0xff, 0xff, 0x0d, 0x07, 0xaa, 0x54, 0x3e, 0x0e, 0x07, 0xf3,
  0xb5, 0x82, 0x05, 0x08, 0xdb, 0x94, 0x68, 0x06, 0x08, 0xcc, 0x77, 0x55, 0x09, 0x08, 0xf5, 0xf5,
  0xf2, 0x0a, 0x08, 0xd9, 0xd9, 0xd5, 0x0b, 0x08, 0xff, 0xff, 0xff, 0x0c, 0x08, 0xc0, 0xc0, 0xbc,
  0x0e, 0x08, 0xc5, 0x92, 0x6a, 0x06, 0x09, 0xc2, 0x7b, 0x5c, 0x09, 0x09, 0xf6, 0xf6, 0xf6, 0x0a,
  0x09, 0xa3, 0xa3, 0x9a, 0x0b, 0x09, 0xdb, 0xdb, 0xd2, 0x0c, 0x09, 0xd2, 0xd2, 0xcc, 0x0e, 0x09,
  0x0b, 0x10, 0x10, 0x09, 0x0a, 0xfd, 0xfd, 0xfd, 0x0a, 0x0a, 0xb4, 0xb4, 0xa4, 0x0b, 0x0a, 0xe8,
  0xe8, 0xe8, 0x0c, 0x0a, 0xbb, 0xbb, 0xaa, 0x0e, 0x0a, 0xfe, 0xdc, 0xa9, 0x08, 0x0b, 0xc6, 0xc6,
  0xbb, 0x09, 0x0b, 0xdb, 0xdb, 0xd9, 0x0a, 0x0b, 0xa3, 0xa3, 0x9a, 0x0b, 0x0b, 0xe8, 0xe8, 0xe8,
  0x0c, 0x0b, 0xbb, 0xbb, 0xaa, 0x0e, 0x0b, 0xbb, 0x5a, 0x53, 0x08, 0x0c, 0xe8, 0xe8, 0xe8, 0x09,
  0x0c, 0xbb, 0xbb, 0xaa, 0x0a, 0x0c, 0x77, 0x77, 0x77, 0x0b, 0x0c, 0xdd, 0xdd, 0xdd, 0x0c, 0x0c,
  0xaa, 0xaa, 0x9f, 0x08, 0x0d, 0xff, 0xff, 0xff, 0x09, 0x0d, 0xaa, 0xaa, 0x9f, 0x0b, 0x0d, 0xe8,
  0xe8, 0xe8, 0x0c, 0x0d, 0x88, 0x88, 0x88, 0x08, 0x0e, 0xf6, 0xf6, 0xf6, 0x09, 0x0e, 0x9f, 0x9f,
  0x96, 0x0b, 0x0e, 0xd2, 0xd2, 0xca, 0x0c, 0x0e, 0x7f, 0x7f, 0x7d, 0x08, 0x0f, 0x9b, 0x9b, 0x9b,
  0x0b, 0x0f, 0xa2, 0xa2, 0xa2, 0x0c, 0x0f, 0x73, 0x73, 0x73, 0x07, 0x10, 0xc8, 0xc8, 0xbd, 0x08,
  0x10, 0xbb, 0xbb, 0xaa, 0x0b, 0x10, 0xff, 0xff, 0xff, 0x0c, 0x10, 0x77, 0x77, 0x77, 0x07, 0x11,
  0xd1, 0xd1, 0xc6, 0x08, 0x11, 0xbb, 0xbb, 0xaa, 0x0b, 0x11, 0xff, 0xff, 0xff, 0x07, 0x12, 0xe8,
  0xe8, 0xe8, 0x08, 0x12, 0x88, 0x88, 0x88, 0x0b, 0x12, 0xe8, 0xe8, 0xe8, 0x07, 0x13, 0xdd, 0xdd,
  0xdd, 0x0b, 0x13, 0xe8, 0xe8, 0xe8, 0x07, 0x14, 0x86, 0x3a, 0x23, 0x08, 0x14, 0x75, 0x38, 0x2b,
  0x0b, 0x14, 0xd9, 0xd9, 0xd9, 0x07, 0x15, 0xa5, 0x56, 0x39, 0x0b, 0x15, 0x99, 0x44, 0x33, 0x06,
  0x16, 0x75, 0x29, 0x18, 0x0b, 0x16, 0xa1, 0x4c, 0x38
};
static const KofSprite kStance_orochi_13 PROGMEM = {
  .w = 20, .h = 23, .pixelCount = 101,
  .pixels = kStance_orochi_13Pixels, .fmt = 5,
};

static const KofSprite* const kStance_orochi_Frames[] PROGMEM = {
  &kStance_orochi_0,
  &kStance_orochi_1,
  &kStance_orochi_2,
  &kStance_orochi_3,
  &kStance_orochi_4,
  &kStance_orochi_5,
  &kStance_orochi_6,
  &kStance_orochi_7,
  &kStance_orochi_8,
  &kStance_orochi_9,
  &kStance_orochi_10,
  &kStance_orochi_11,
  &kStance_orochi_12,
  &kStance_orochi_13
};
static const KofStanceSet kStance_orochi PROGMEM = {
  .frameCount = 14,
  .frames = kStance_orochi_Frames,
};

